/*******************************************************************************
 * Size: 16 px
 * Bpp: 4
 * Opts: --bpp 4 --format lvgl --lv-include lvgl.h --size 16 --font C:\Users\seb_w\AppData\Local\Temp\Inter-4.1\extras\ttf\Inter-Regular.ttf --no-compress -r 0x20-0x7E -r 0xA0-0xFF -r 0x0100-0x017F -r 0x2000-0x206F -r 0x20AC --lv-font-name ui_font_16 -o C:\Users\seb_w\AppData\Local\Temp\hometiles-inter-test\lvgl\ui_font_16.c
 ******************************************************************************/

#ifdef LV_LVGL_H_INCLUDE_SIMPLE
#include "lvgl.h"
#else
#include "lvgl.h"
#endif

extern const lv_font_t ui_font_cyrillic_16;

#ifndef UI_FONT_16
#define UI_FONT_16 1
#endif

#if UI_FONT_16

/*-----------------
 *    BITMAPS
 *----------------*/

/*Store the image of the glyphs*/
static LV_ATTRIBUTE_LARGE_CONST const uint8_t glyph_bitmap[] = {
    /* U+0020 " " */

    /* U+0021 "!" */
    0x7f, 0x17, 0xf1, 0x7f, 0x17, 0xf0, 0x7f, 0x7,
    0xf0, 0x6f, 0x6, 0xf0, 0x0, 0x0, 0x10, 0x9f,
    0x37, 0xe2,

    /* U+0022 "\"" */
    0x5f, 0x2b, 0xc4, 0xf1, 0xac, 0x4f, 0x9, 0xb3,
    0xf0, 0x9a, 0x17, 0x4, 0x50,

    /* U+0023 "#" */
    0x0, 0xb, 0x70, 0x9, 0x90, 0x0, 0xe, 0x40,
    0xc, 0x60, 0x0, 0xf, 0x20, 0xf, 0x30, 0xe,
    0xff, 0xff, 0xff, 0xfc, 0x3, 0x8d, 0x33, 0x7e,
    0x32, 0x0, 0x7a, 0x0, 0x6c, 0x0, 0x0, 0x98,
    0x0, 0x8a, 0x0, 0x0, 0xb6, 0x0, 0xa8, 0x0,
    0x9f, 0xff, 0xff, 0xff, 0xf1, 0x23, 0xf4, 0x33,
    0xf5, 0x20, 0x3, 0xe0, 0x2, 0xf0, 0x0, 0x6,
    0xc0, 0x5, 0xd0, 0x0,

    /* U+0024 "$" */
    0x0, 0x0, 0x24, 0x0, 0x0, 0x0, 0x0, 0x59,
    0x0, 0x0, 0x0, 0x3b, 0xff, 0xe8, 0x0, 0x3,
    0xfc, 0x9b, 0x8f, 0xa0, 0xa, 0xd0, 0x59, 0x7,
    0xf1, 0xb, 0xc0, 0x59, 0x0, 0x10, 0x6, 0xf8,
    0x69, 0x0, 0x0, 0x0, 0x8f, 0xfd, 0x61, 0x0,
    0x0, 0x1, 0x9e, 0xff, 0x50, 0x0, 0x0, 0x59,
    0x1b, 0xf1, 0x3, 0x10, 0x59, 0x2, 0xf5, 0xe,
    0xa0, 0x59, 0x5, 0xf3, 0x7, 0xfa, 0x9b, 0x8f,
    0xc0, 0x0, 0x6d, 0xff, 0xe9, 0x0, 0x0, 0x0,
    0x59, 0x0, 0x0, 0x0, 0x0, 0x24, 0x0, 0x0,

    /* U+0025 "%" */
    0x5, 0xef, 0x70, 0x0, 0x3, 0xf2, 0x1, 0xf5,
    0x2f, 0x30, 0x0, 0xd7, 0x0, 0x3f, 0x0, 0xd5,
    0x0, 0x8c, 0x0, 0x1, 0xf3, 0x1f, 0x30, 0x3f,
    0x20, 0x0, 0x6, 0xff, 0x90, 0xd, 0x70, 0x0,
    0x0, 0x0, 0x0, 0x8, 0xc0, 0x0, 0x0, 0x0,
    0x0, 0x3, 0xf2, 0x8, 0xeb, 0x10, 0x0, 0x0,
    0xd7, 0x5, 0xe2, 0xaa, 0x0, 0x0, 0x8c, 0x0,
    0x99, 0x5, 0xe0, 0x0, 0x3f, 0x20, 0x9, 0x90,
    0x5e, 0x0, 0xd, 0x70, 0x0, 0x6d, 0x1a, 0xb0,
    0x8, 0xc0, 0x0, 0x0, 0xaf, 0xc1,

    /* U+0026 "&" */
    0x0, 0x3c, 0xfd, 0x50, 0x0, 0x0, 0xe, 0xb4,
    0x8f, 0x30, 0x0, 0x3, 0xf3, 0x0, 0xf6, 0x0,
    0x0, 0x1f, 0x60, 0x6f, 0x30, 0x0, 0x0, 0x9e,
    0x8f, 0x70, 0x0, 0x0, 0x2, 0xff, 0x60, 0x0,
    0x0, 0x2, 0xec, 0xeb, 0x0, 0x62, 0x0, 0xdc,
    0x3, 0xf8, 0x1f, 0x40, 0x2f, 0x50, 0x6, 0xfa,
    0xf1, 0x1, 0xf7, 0x0, 0x9, 0xfa, 0x0, 0xa,
    0xf7, 0x47, 0xef, 0xd1, 0x0, 0x8, 0xdf, 0xe8,
    0x2e, 0xa0,

    /* U+0027 "'" */
    0x5f, 0x24, 0xf1, 0x4f, 0x3, 0xf0, 0x17, 0x0,

    /* U+0028 "(" */
    0x0, 0x8e, 0x0, 0xf, 0x70, 0x5, 0xf1, 0x0,
    0x9d, 0x0, 0xe, 0x90, 0x1, 0xf5, 0x0, 0x3f,
    0x40, 0x4, 0xf2, 0x0, 0x4f, 0x20, 0x2, 0xf4,
    0x0, 0xf, 0x70, 0x0, 0xbb, 0x0, 0x6, 0xf1,
    0x0, 0x1f, 0x70, 0x0, 0x8d, 0x0,

    /* U+0029 ")" */
    0x1f, 0x60, 0x0, 0xad, 0x0, 0x4, 0xf3, 0x0,
    0xf, 0x70, 0x0, 0xbb, 0x0, 0x8, 0xe0, 0x0,
    0x6f, 0x0, 0x5, 0xf1, 0x0, 0x5f, 0x10, 0x6,
    0xf0, 0x0, 0xad, 0x0, 0xe, 0x90, 0x3, 0xf3,
    0x0, 0x9d, 0x0, 0x1f, 0x50, 0x0,

    /* U+002A "*" */
    0x0, 0x8, 0x80, 0x0, 0x8, 0x27, 0x82, 0x90,
    0x7, 0xed, 0xde, 0x80, 0x0, 0x6f, 0xf7, 0x0,
    0xc, 0xca, 0xac, 0xc0, 0x3, 0x8, 0x80, 0x30,
    0x0, 0x5, 0x50, 0x0,

    /* U+002B "+" */
    0x0, 0x3, 0xa0, 0x0, 0x0, 0x0, 0x5f, 0x0,
    0x0, 0x0, 0x5, 0xf0, 0x0, 0x0, 0x0, 0x6f,
    0x0, 0x0, 0x7f, 0xff, 0xff, 0xff, 0x11, 0x33,
    0x7f, 0x33, 0x30, 0x0, 0x5, 0xf0, 0x0, 0x0,
    0x0, 0x5f, 0x0, 0x0,

    /* U+002C "," */
    0x28, 0x17, 0xf0, 0x9c, 0xc, 0x70, 0xe3, 0x0,

    /* U+002D "-" */
    0x11, 0x11, 0x10, 0xef, 0xff, 0xf3, 0x34, 0x44,
    0x40,

    /* U+002E "." */
    0x1, 0x9, 0xf3, 0x7e, 0x20,

    /* U+002F "/" */
    0x0, 0x0, 0xf4, 0x0, 0x4, 0xf0, 0x0, 0x9,
    0xb0, 0x0, 0xd, 0x70, 0x0, 0x1f, 0x30, 0x0,
    0x5e, 0x0, 0x0, 0xaa, 0x0, 0x0, 0xe6, 0x0,
    0x2, 0xf2, 0x0, 0x7, 0xd0, 0x0, 0xb, 0x90,
    0x0, 0xf, 0x50, 0x0, 0x3f, 0x10, 0x0, 0x8c,
    0x0, 0x0,

    /* U+0030 "0" */
    0x0, 0x1a, 0xef, 0xb2, 0x0, 0x0, 0xde, 0x66,
    0xde, 0x10, 0x7, 0xf2, 0x0, 0x1f, 0x80, 0xc,
    0xb0, 0x0, 0x9, 0xd0, 0xf, 0x80, 0x0, 0x6,
    0xf0, 0xf, 0x60, 0x0, 0x4, 0xf1, 0xf, 0x60,
    0x0, 0x5, 0xf1, 0xf, 0x80, 0x0, 0x6, 0xf0,
    0xc, 0xb0, 0x0, 0xa, 0xd0, 0x7, 0xf2, 0x0,
    0x1f, 0x80, 0x0, 0xde, 0x66, 0xde, 0x10, 0x0,
    0x1a, 0xff, 0xb2, 0x0,

    /* U+0031 "1" */
    0x0, 0x6f, 0xf1, 0xa, 0xfc, 0xf1, 0x4e, 0x35,
    0xf1, 0x11, 0x5, 0xf1, 0x0, 0x5, 0xf1, 0x0,
    0x5, 0xf1, 0x0, 0x5, 0xf1, 0x0, 0x5, 0xf1,
    0x0, 0x5, 0xf1, 0x0, 0x5, 0xf1, 0x0, 0x5,
    0xf1, 0x0, 0x5, 0xf1,

    /* U+0032 "2" */
    0x3, 0xbf, 0xea, 0x10, 0x2f, 0xc6, 0x7e, 0xd0,
    0x9e, 0x0, 0x3, 0xf4, 0x65, 0x0, 0x0, 0xf5,
    0x0, 0x0, 0x5, 0xf2, 0x0, 0x0, 0x1e, 0xa0,
    0x0, 0x0, 0xce, 0x10, 0x0, 0xb, 0xe2, 0x0,
    0x0, 0x9f, 0x30, 0x0, 0x8, 0xf4, 0x0, 0x0,
    0x6f, 0xb6, 0x66, 0x63, 0xcf, 0xff, 0xff, 0xfa,

    /* U+0033 "3" */
    0x0, 0x3b, 0xff, 0xb2, 0x0, 0x3f, 0xc6, 0x6d,
    0xe1, 0xa, 0xc0, 0x0, 0x1f, 0x70, 0x0, 0x0,
    0x0, 0xf6, 0x0, 0x0, 0x2, 0xae, 0x10, 0x0,
    0x3f, 0xfe, 0x30, 0x0, 0x0, 0x35, 0xbf, 0x30,
    0x0, 0x0, 0x0, 0xcb, 0x3, 0x10, 0x0, 0x9,
    0xe0, 0xeb, 0x0, 0x0, 0xdc, 0x6, 0xfb, 0x66,
    0xcf, 0x40, 0x5, 0xcf, 0xfb, 0x30,

    /* U+0034 "4" */
    0x0, 0x0, 0x4, 0xfd, 0x0, 0x0, 0x0, 0xe,
    0xfd, 0x0, 0x0, 0x0, 0x8e, 0x9d, 0x0, 0x0,
    0x3, 0xf4, 0x9d, 0x0, 0x0, 0xc, 0xa0, 0x9d,
    0x0, 0x0, 0x7f, 0x10, 0x9d, 0x0, 0x2, 0xf6,
    0x0, 0x9d, 0x0, 0xb, 0xd1, 0x11, 0x9d, 0x10,
    0xf, 0xff, 0xff, 0xff, 0xf6, 0x4, 0x44, 0x44,
    0xae, 0x41, 0x0, 0x0, 0x0, 0x9d, 0x0, 0x0,
    0x0, 0x0, 0x9d, 0x0,

    /* U+0035 "5" */
    0x3f, 0xff, 0xff, 0xf0, 0x4f, 0x65, 0x55, 0x50,
    0x6f, 0x0, 0x0, 0x0, 0x8d, 0x0, 0x0, 0x0,
    0xad, 0xbf, 0xf9, 0x0, 0x9d, 0x74, 0x7f, 0xc0,
    0x0, 0x0, 0x5, 0xf4, 0x0, 0x0, 0x0, 0xf7,
    0x31, 0x0, 0x0, 0xf7, 0xdb, 0x0, 0x5, 0xf4,
    0x6f, 0xa5, 0x8f, 0xb0, 0x5, 0xdf, 0xe8, 0x0,

    /* U+0036 "6" */
    0x0, 0x8, 0xef, 0xc4, 0x0, 0xb, 0xe7, 0x5b,
    0xf4, 0x5, 0xf2, 0x0, 0xc, 0xb0, 0xaa, 0x0,
    0x0, 0x0, 0xe, 0x77, 0xef, 0xd4, 0x0, 0xfd,
    0xd5, 0x5b, 0xf3, 0xf, 0xe1, 0x0, 0xd, 0xb0,
    0xfa, 0x0, 0x0, 0x8e, 0xd, 0xa0, 0x0, 0x8,
    0xe0, 0x8f, 0x20, 0x1, 0xea, 0x1, 0xee, 0x66,
    0xdf, 0x20, 0x2, 0xaf, 0xfb, 0x20,

    /* U+0037 "7" */
    0x3f, 0xff, 0xff, 0xff, 0x41, 0x66, 0x66, 0x6a,
    0xf3, 0x0, 0x0, 0x0, 0xcc, 0x0, 0x0, 0x0,
    0x4f, 0x40, 0x0, 0x0, 0xc, 0xc0, 0x0, 0x0,
    0x4, 0xf4, 0x0, 0x0, 0x0, 0xcc, 0x0, 0x0,
    0x0, 0x3f, 0x50, 0x0, 0x0, 0xb, 0xd0, 0x0,
    0x0, 0x3, 0xf5, 0x0, 0x0, 0x0, 0xbd, 0x0,
    0x0, 0x0, 0x3f, 0x50, 0x0, 0x0,

    /* U+0038 "8" */
    0x0, 0x3b, 0xff, 0xb2, 0x0, 0x2f, 0xc5, 0x6d,
    0xe1, 0x8, 0xe0, 0x0, 0x1f, 0x70, 0x8e, 0x0,
    0x0, 0xf6, 0x2, 0xf8, 0x11, 0xae, 0x10, 0x5,
    0xff, 0xff, 0x30, 0x3, 0xfa, 0x44, 0xcf, 0x20,
    0xdb, 0x0, 0x0, 0xcb, 0xf, 0x70, 0x0, 0x9,
    0xe0, 0xeb, 0x0, 0x0, 0xcc, 0x6, 0xfa, 0x56,
    0xbf, 0x40, 0x5, 0xcf, 0xfb, 0x40,

    /* U+0039 "9" */
    0x0, 0x4c, 0xfe, 0x91, 0x0, 0x4f, 0xc6, 0x7e,
    0xd0, 0xd, 0xc0, 0x0, 0x1e, 0x70, 0xf7, 0x0,
    0x0, 0xac, 0xe, 0x90, 0x0, 0xd, 0xe0, 0x8f,
    0x71, 0x2b, 0xef, 0x0, 0x9f, 0xff, 0xa7, 0xe0,
    0x0, 0x13, 0x10, 0x9c, 0x6, 0x40, 0x0, 0xd,
    0x90, 0xbd, 0x0, 0x4, 0xf4, 0x3, 0xfc, 0x67,
    0xfa, 0x0, 0x3, 0xcf, 0xe8, 0x0,

    /* U+003A ":" */
    0x7e, 0x29, 0xf3, 0x1, 0x0, 0x0, 0x0, 0x0,
    0x0, 0x1, 0x9, 0xf3, 0x7e, 0x20,

    /* U+003B ";" */
    0x1, 0x5, 0xf6, 0x4f, 0x50, 0x0, 0x0, 0x0,
    0x0, 0x0, 0x2, 0x81, 0x7f, 0x9, 0xc0, 0xc7,
    0xe, 0x30,

    /* U+003C "<" */
    0x0, 0x0, 0x0, 0x48, 0x0, 0x0, 0x4c, 0xf9,
    0x0, 0x3c, 0xfb, 0x30, 0x3b, 0xfb, 0x30, 0x0,
    0x9f, 0x90, 0x0, 0x0, 0x7, 0xee, 0x70, 0x0,
    0x0, 0x7, 0xee, 0x70, 0x0, 0x0, 0x8, 0xfb,
    0x0, 0x0, 0x0, 0x15,

    /* U+003D "=" */
    0x1, 0x11, 0x11, 0x10, 0x3f, 0xff, 0xff, 0xfd,
    0x4, 0x44, 0x44, 0x43, 0x1, 0x11, 0x11, 0x10,
    0x3f, 0xff, 0xff, 0xfd, 0x4, 0x44, 0x44, 0x43,

    /* U+003E ">" */
    0x19, 0x10, 0x0, 0x0, 0x1, 0xef, 0x91, 0x0,
    0x0, 0x0, 0x6e, 0xf8, 0x10, 0x0, 0x0, 0x6,
    0xdf, 0x80, 0x0, 0x0, 0x2, 0xdf, 0x30, 0x0,
    0x2a, 0xfc, 0x30, 0x3, 0xaf, 0xc4, 0x0, 0x2,
    0xfc, 0x40, 0x0, 0x0, 0x15, 0x0, 0x0, 0x0,
    0x0,

    /* U+003F "?" */
    0x1, 0xae, 0xfb, 0x20, 0xd, 0xe6, 0x5d, 0xe0,
    0x4f, 0x40, 0x2, 0xf4, 0x1, 0x0, 0x2, 0xf5,
    0x0, 0x0, 0xb, 0xf1, 0x0, 0x2, 0xdf, 0x50,
    0x0, 0xb, 0xe2, 0x0, 0x0, 0xf, 0x70, 0x0,
    0x0, 0x4, 0x10, 0x0, 0x0, 0x1, 0x0, 0x0,
    0x0, 0x3f, 0x90, 0x0, 0x0, 0x2e, 0x80, 0x0,

    /* U+0040 "@" */
    0x0, 0x0, 0x29, 0xde, 0xec, 0x81, 0x0, 0x0,
    0x0, 0x8f, 0xa5, 0x33, 0x6c, 0xe3, 0x0, 0x0,
    0x8e, 0x40, 0x0, 0x0, 0x7, 0xf2, 0x0, 0x2f,
    0x50, 0x0, 0x0, 0x0, 0xa, 0xb0, 0x8, 0xd0,
    0x3, 0xcf, 0xd9, 0xd0, 0x2f, 0x10, 0xd8, 0x1,
    0xe9, 0x36, 0xfd, 0x0, 0xe5, 0xf, 0x50, 0x7d,
    0x0, 0x8, 0xd0, 0xc, 0x70, 0xf4, 0xa, 0x90,
    0x0, 0x6d, 0x0, 0xc7, 0xf, 0x50, 0xa9, 0x0,
    0x6, 0xd0, 0xc, 0x60, 0xd7, 0x7, 0xc0, 0x0,
    0x9d, 0x0, 0xe3, 0x9, 0xc0, 0x1f, 0x82, 0x6e,
    0xf4, 0x7e, 0x0, 0x3f, 0x40, 0x3d, 0xfc, 0x2a,
    0xfd, 0x40, 0x0, 0x9e, 0x30, 0x0, 0x0, 0x0,
    0x0, 0x0, 0x0, 0x9f, 0xa5, 0x32, 0x47, 0x30,
    0x0, 0x0, 0x0, 0x39, 0xdf, 0xfe, 0xa3, 0x0,
    0x0,

    /* U+0041 "A" */
    0x0, 0x0, 0x8f, 0x80, 0x0, 0x0, 0x0, 0xe,
    0xce, 0x0, 0x0, 0x0, 0x3, 0xf3, 0xf3, 0x0,
    0x0, 0x0, 0x9c, 0xc, 0x90, 0x0, 0x0, 0xe,
    0x60, 0x6e, 0x0, 0x0, 0x4, 0xf1, 0x1, 0xf5,
    0x0, 0x0, 0xab, 0x11, 0x1b, 0xa0, 0x0, 0xf,
    0xff, 0xff, 0xff, 0x10, 0x5, 0xf4, 0x44, 0x44,
    0xf6, 0x0, 0xbb, 0x0, 0x0, 0xb, 0xb0, 0x1f,
    0x60, 0x0, 0x0, 0x6f, 0x16, 0xf2, 0x0, 0x0,
    0x1, 0xf7,

    /* U+0042 "B" */
    0x9f, 0xff, 0xfe, 0x90, 0x9, 0xe5, 0x55, 0x8f,
    0xa0, 0x9e, 0x0, 0x0, 0x7f, 0x9, 0xe0, 0x0,
    0x6, 0xf0, 0x9e, 0x0, 0x4, 0xe9, 0x9, 0xff,
    0xff, 0xfa, 0x0, 0x9e, 0x33, 0x35, 0xed, 0x9,
    0xe0, 0x0, 0x3, 0xf6, 0x9e, 0x0, 0x0, 0xe,
    0x89, 0xe0, 0x0, 0x1, 0xf7, 0x9e, 0x55, 0x57,
    0xde, 0x19, 0xff, 0xff, 0xeb, 0x20,

    /* U+0043 "C" */
    0x0, 0x4, 0xbe, 0xfc, 0x60, 0x0, 0x6, 0xfc,
    0x76, 0xaf, 0xa0, 0x2, 0xf9, 0x0, 0x0, 0x5f,
    0x50, 0x9e, 0x0, 0x0, 0x0, 0xa9, 0xe, 0x90,
    0x0, 0x0, 0x0, 0x0, 0xf7, 0x0, 0x0, 0x0,
    0x0, 0xf, 0x70, 0x0, 0x0, 0x0, 0x0, 0xe9,
    0x0, 0x0, 0x0, 0x0, 0x9, 0xe0, 0x0, 0x0,
    0xa, 0x90, 0x3f, 0x90, 0x0, 0x5, 0xf5, 0x0,
    0x6f, 0xc7, 0x6a, 0xfa, 0x0, 0x0, 0x4b, 0xef,
    0xc6, 0x0,

    /* U+0044 "D" */
    0x9f, 0xff, 0xfd, 0x81, 0x0, 0x9e, 0x55, 0x58,
    0xed, 0x20, 0x9e, 0x0, 0x0, 0x1e, 0xc0, 0x9e,
    0x0, 0x0, 0x5, 0xf3, 0x9e, 0x0, 0x0, 0x0,
    0xf7, 0x9e, 0x0, 0x0, 0x0, 0xe8, 0x9e, 0x0,
    0x0, 0x0, 0xe8, 0x9e, 0x0, 0x0, 0x0, 0xf7,
    0x9e, 0x0, 0x0, 0x5, 0xf2, 0x9e, 0x0, 0x0,
    0x1e, 0xb0, 0x9e, 0x55, 0x58, 0xfd, 0x10, 0x9f,
    0xff, 0xfd, 0x71, 0x0,

    /* U+0045 "E" */
    0x9f, 0xff, 0xff, 0xf8, 0x9e, 0x55, 0x55, 0x52,
    0x9e, 0x0, 0x0, 0x0, 0x9e, 0x0, 0x0, 0x0,
    0x9e, 0x11, 0x11, 0x10, 0x9f, 0xff, 0xff, 0xf2,
    0x9e, 0x44, 0x44, 0x40, 0x9e, 0x0, 0x0, 0x0,
    0x9e, 0x0, 0x0, 0x0, 0x9e, 0x0, 0x0, 0x0,
    0x9e, 0x55, 0x55, 0x53, 0x9f, 0xff, 0xff, 0xf9,

    /* U+0046 "F" */
    0x9f, 0xff, 0xff, 0xf7, 0x9e, 0x55, 0x55, 0x52,
    0x9e, 0x0, 0x0, 0x0, 0x9e, 0x0, 0x0, 0x0,
    0x9e, 0x0, 0x0, 0x0, 0x9e, 0x11, 0x11, 0x0,
    0x9f, 0xff, 0xff, 0xe0, 0x9e, 0x44, 0x44, 0x30,
    0x9e, 0x0, 0x0, 0x0, 0x9e, 0x0, 0x0, 0x0,
    0x9e, 0x0, 0x0, 0x0, 0x9e, 0x0, 0x0, 0x0,

    /* U+0047 "G" */
    0x0, 0x4, 0xbe, 0xfc, 0x60, 0x0, 0x7, 0xfc,
    0x77, 0xbf, 0xa0, 0x3, 0xf9, 0x0, 0x0, 0x7f,
    0x50, 0x9e, 0x0, 0x0, 0x0, 0xa9, 0xe, 0x90,
    0x0, 0x0, 0x0, 0x0, 0xf7, 0x0, 0x0, 0x11,
    0x10, 0xf, 0x70, 0x0, 0x8f, 0xff, 0xf0, 0xe9,
    0x0, 0x2, 0x44, 0xae, 0xa, 0xe0, 0x0, 0x0,
    0xb, 0xc0, 0x3f, 0x90, 0x0, 0x5, 0xf6, 0x0,
    0x7f, 0xc7, 0x6a, 0xfb, 0x0, 0x0, 0x4b, 0xef,
    0xd7, 0x0,

    /* U+0048 "H" */
    0x9e, 0x0, 0x0, 0x0, 0xf7, 0x9e, 0x0, 0x0,
    0x0, 0xf7, 0x9e, 0x0, 0x0, 0x0, 0xf7, 0x9e,
    0x0, 0x0, 0x0, 0xf7, 0x9e, 0x11, 0x11, 0x11,
    0xf7, 0x9f, 0xff, 0xff, 0xff, 0xf7, 0x9e, 0x44,
    0x44, 0x44, 0xf7, 0x9e, 0x0, 0x0, 0x0, 0xf7,
    0x9e, 0x0, 0x0, 0x0, 0xf7, 0x9e, 0x0, 0x0,
    0x0, 0xf7, 0x9e, 0x0, 0x0, 0x0, 0xf7, 0x9e,
    0x0, 0x0, 0x0, 0xf7,

    /* U+0049 "I" */
    0x9e, 0x9e, 0x9e, 0x9e, 0x9e, 0x9e, 0x9e, 0x9e,
    0x9e, 0x9e, 0x9e, 0x9e,

    /* U+004A "J" */
    0x0, 0x0, 0x0, 0xcb, 0x0, 0x0, 0x0, 0xcb,
    0x0, 0x0, 0x0, 0xcb, 0x0, 0x0, 0x0, 0xcb,
    0x0, 0x0, 0x0, 0xcb, 0x0, 0x0, 0x0, 0xcb,
    0x0, 0x0, 0x0, 0xcb, 0x2, 0x0, 0x0, 0xcb,
    0x3f, 0x40, 0x0, 0xcb, 0xf, 0x70, 0x0, 0xe9,
    0xa, 0xf8, 0x6c, 0xf2, 0x0, 0x8e, 0xfc, 0x30,

    /* U+004B "K" */
    0x9e, 0x0, 0x0, 0x2e, 0xc0, 0x9e, 0x0, 0x1,
    0xed, 0x10, 0x9e, 0x0, 0x1d, 0xe2, 0x0, 0x9e,
    0x0, 0xcf, 0x20, 0x0, 0x9e, 0xa, 0xf3, 0x0,
    0x0, 0x9e, 0x7f, 0xd0, 0x0, 0x0, 0x9f, 0xf8,
    0xf8, 0x0, 0x0, 0x9f, 0x60, 0x8f, 0x30, 0x0,
    0x9e, 0x0, 0xd, 0xd0, 0x0, 0x9e, 0x0, 0x3,
    0xf9, 0x0, 0x9e, 0x0, 0x0, 0x7f, 0x40, 0x9e,
    0x0, 0x0, 0xc, 0xe1,

    /* U+004C "L" */
    0x9e, 0x0, 0x0, 0x0, 0x9e, 0x0, 0x0, 0x0,
    0x9e, 0x0, 0x0, 0x0, 0x9e, 0x0, 0x0, 0x0,
    0x9e, 0x0, 0x0, 0x0, 0x9e, 0x0, 0x0, 0x0,
    0x9e, 0x0, 0x0, 0x0, 0x9e, 0x0, 0x0, 0x0,
    0x9e, 0x0, 0x0, 0x0, 0x9e, 0x0, 0x0, 0x0,
    0x9e, 0x55, 0x55, 0x51, 0x9f, 0xff, 0xff, 0xf4,

    /* U+004D "M" */
    0x9f, 0xb0, 0x0, 0x0, 0x4, 0xff, 0x9, 0xff,
    0x10, 0x0, 0x0, 0xaf, 0xf0, 0x9c, 0xf7, 0x0,
    0x0, 0xf, 0xbf, 0x9, 0xca, 0xd0, 0x0, 0x5,
    0xf7, 0xf0, 0x9d, 0x4f, 0x30, 0x0, 0xbb, 0x6f,
    0x9, 0xd0, 0xe9, 0x0, 0x2f, 0x56, 0xf0, 0x9d,
    0x8, 0xf0, 0x7, 0xe0, 0x6f, 0x9, 0xd0, 0x2f,
    0x50, 0xd9, 0x6, 0xf0, 0x9d, 0x0, 0xcb, 0x3f,
    0x30, 0x6f, 0x9, 0xd0, 0x6, 0xf8, 0xd0, 0x6,
    0xf0, 0x9d, 0x0, 0xf, 0xf7, 0x0, 0x6f, 0x9,
    0xd0, 0x0, 0x9f, 0x10, 0x6, 0xf0,

    /* U+004E "N" */
    0x9f, 0x70, 0x0, 0x0, 0xda, 0x9f, 0xf1, 0x0,
    0x0, 0xda, 0x9d, 0xdb, 0x0, 0x0, 0xda, 0x9d,
    0x5f, 0x50, 0x0, 0xda, 0x9e, 0xb, 0xe0, 0x0,
    0xda, 0x9e, 0x2, 0xf8, 0x0, 0xda, 0x9e, 0x0,
    0x8f, 0x20, 0xda, 0x9e, 0x0, 0xd, 0xc0, 0xda,
    0x9e, 0x0, 0x4, 0xf6, 0xca, 0x9e, 0x0, 0x0,
    0xae, 0xca, 0x9e, 0x0, 0x0, 0x1f, 0xfa, 0x9e,
    0x0, 0x0, 0x6, 0xfa,

    /* U+004F "O" */
    0x0, 0x3, 0xbe, 0xfc, 0x60, 0x0, 0x0, 0x6f,
    0xc7, 0x7b, 0xfa, 0x0, 0x2, 0xf9, 0x0, 0x0,
    0x6f, 0x60, 0x9, 0xe0, 0x0, 0x0, 0xb, 0xd0,
    0xe, 0x90, 0x0, 0x0, 0x5, 0xf1, 0xf, 0x70,
    0x0, 0x0, 0x3, 0xf3, 0xf, 0x70, 0x0, 0x0,
    0x3, 0xf3, 0xe, 0x90, 0x0, 0x0, 0x5, 0xf2,
    0x9, 0xe0, 0x0, 0x0, 0xb, 0xd0, 0x3, 0xf9,
    0x0, 0x0, 0x6f, 0x60, 0x0, 0x6f, 0xc7, 0x7b,
    0xfa, 0x0, 0x0, 0x4, 0xbe, 0xfc, 0x60, 0x0,

    /* U+0050 "P" */
    0x9f, 0xff, 0xfd, 0x80, 0x9, 0xe5, 0x55, 0x8f,
    0xb0, 0x9e, 0x0, 0x0, 0x6f, 0x29, 0xe0, 0x0,
    0x2, 0xf5, 0x9e, 0x0, 0x0, 0x4f, 0x39, 0xe1,
    0x11, 0x4d, 0xd0, 0x9f, 0xff, 0xff, 0xc2, 0x9,
    0xe4, 0x43, 0x20, 0x0, 0x9e, 0x0, 0x0, 0x0,
    0x9, 0xe0, 0x0, 0x0, 0x0, 0x9e, 0x0, 0x0,
    0x0, 0x9, 0xe0, 0x0, 0x0, 0x0,

    /* U+0051 "Q" */
    0x0, 0x3, 0xbe, 0xfc, 0x60, 0x0, 0x0, 0x6f,
    0xc7, 0x7b, 0xfa, 0x0, 0x2, 0xf9, 0x0, 0x0,
    0x6f, 0x60, 0x9, 0xe0, 0x0, 0x0, 0xb, 0xd0,
    0xe, 0x90, 0x0, 0x0, 0x5, 0xf1, 0xf, 0x70,
    0x0, 0x0, 0x3, 0xf3, 0xf, 0x70, 0x0, 0x0,
    0x3, 0xf3, 0xe, 0x90, 0x0, 0x0, 0x5, 0xf2,
    0x9, 0xe0, 0x1, 0xc6, 0xa, 0xd0, 0x3, 0xf9,
    0x0, 0x5f, 0x8f, 0x60, 0x0, 0x6f, 0xc7, 0x7e,
    0xfa, 0x0, 0x0, 0x4, 0xbe, 0xfc, 0xda, 0x0,
    0x0, 0x0, 0x0, 0x0, 0x2f, 0x60,

    /* U+0052 "R" */
    0x9f, 0xff, 0xfe, 0x80, 0x9, 0xe5, 0x55, 0x8f,
    0xb0, 0x9e, 0x0, 0x0, 0x6f, 0x29, 0xe0, 0x0,
    0x2, 0xf5, 0x9e, 0x0, 0x0, 0x4f, 0x39, 0xe1,
    0x11, 0x4d, 0xe0, 0x9f, 0xff, 0xff, 0xd2, 0x9,
    0xe4, 0x45, 0xf7, 0x0, 0x9e, 0x0, 0xb, 0xe0,
    0x9, 0xe0, 0x0, 0x3f, 0x80, 0x9e, 0x0, 0x0,
    0xaf, 0x19, 0xe0, 0x0, 0x2, 0xf8,

    /* U+0053 "S" */
    0x0, 0x2a, 0xef, 0xd7, 0x0, 0x2, 0xfd, 0x65,
    0x9f, 0x90, 0xa, 0xe0, 0x0, 0x7, 0xf1, 0xb,
    0xc0, 0x0, 0x0, 0x10, 0x6, 0xf8, 0x10, 0x0,
    0x0, 0x0, 0x8f, 0xfb, 0x61, 0x0, 0x0, 0x1,
    0x6a, 0xff, 0x50, 0x0, 0x0, 0x0, 0xa, 0xf2,
    0x4, 0x10, 0x0, 0x1, 0xf5, 0xe, 0xb0, 0x0,
    0x6, 0xf3, 0x6, 0xfc, 0x76, 0x9f, 0xb0, 0x0,
    0x4b, 0xef, 0xd7, 0x0,

    /* U+0054 "T" */
    0x3f, 0xff, 0xff, 0xff, 0xf9, 0x15, 0x55, 0xbf,
    0x55, 0x52, 0x0, 0x0, 0x9e, 0x0, 0x0, 0x0,
    0x0, 0x9e, 0x0, 0x0, 0x0, 0x0, 0x9e, 0x0,
    0x0, 0x0, 0x0, 0x9e, 0x0, 0x0, 0x0, 0x0,
    0x9e, 0x0, 0x0, 0x0, 0x0, 0x9e, 0x0, 0x0,
    0x0, 0x0, 0x9e, 0x0, 0x0, 0x0, 0x0, 0x9e,
    0x0, 0x0, 0x0, 0x0, 0x9e, 0x0, 0x0, 0x0,
    0x0, 0x9e, 0x0, 0x0,

    /* U+0055 "U" */
    0x9e, 0x0, 0x0, 0x0, 0xf8, 0x9e, 0x0, 0x0,
    0x0, 0xf8, 0x9e, 0x0, 0x0, 0x0, 0xf8, 0x9e,
    0x0, 0x0, 0x0, 0xf8, 0x9e, 0x0, 0x0, 0x0,
    0xf8, 0x9e, 0x0, 0x0, 0x0, 0xf8, 0x9e, 0x0,
    0x0, 0x0, 0xf8, 0x9e, 0x0, 0x0, 0x0, 0xf7,
    0x8f, 0x0, 0x0, 0x1, 0xf6, 0x3f, 0x80, 0x0,
    0x9, 0xf2, 0x9, 0xfb, 0x77, 0xcf, 0x70, 0x0,
    0x6c, 0xff, 0xc5, 0x0,

    /* U+0056 "V" */
    0x6f, 0x20, 0x0, 0x0, 0x1f, 0x71, 0xf7, 0x0,
    0x0, 0x7, 0xf1, 0xb, 0xd0, 0x0, 0x0, 0xcc,
    0x0, 0x5f, 0x20, 0x0, 0x1f, 0x60, 0x0, 0xf8,
    0x0, 0x7, 0xf1, 0x0, 0xa, 0xd0, 0x0, 0xcb,
    0x0, 0x0, 0x4f, 0x30, 0x2f, 0x50, 0x0, 0x0,
    0xe8, 0x7, 0xf0, 0x0, 0x0, 0x9, 0xe0, 0xca,
    0x0, 0x0, 0x0, 0x3f, 0x4f, 0x40, 0x0, 0x0,
    0x0, 0xdd, 0xe0, 0x0, 0x0, 0x0, 0x7, 0xf9,
    0x0, 0x0,

    /* U+0057 "W" */
    0x7f, 0x0, 0x0, 0x1f, 0xd0, 0x0, 0x4, 0xf3,
    0x3f, 0x40, 0x0, 0x5f, 0xf1, 0x0, 0x8, 0xf0,
    0xe, 0x80, 0x0, 0x9b, 0xf5, 0x0, 0xc, 0xb0,
    0xa, 0xc0, 0x0, 0xd8, 0xc9, 0x0, 0xf, 0x60,
    0x6, 0xf0, 0x1, 0xf4, 0x8d, 0x0, 0x4f, 0x20,
    0x2, 0xf4, 0x5, 0xf0, 0x4f, 0x10, 0x8e, 0x0,
    0x0, 0xe8, 0xa, 0xc0, 0xf, 0x60, 0xca, 0x0,
    0x0, 0x9c, 0xe, 0x70, 0xb, 0x90, 0xf5, 0x0,
    0x0, 0x5f, 0x2f, 0x30, 0x7, 0xd4, 0xf1, 0x0,
    0x0, 0x1f, 0x9f, 0x0, 0x3, 0xf9, 0xd0, 0x0,
    0x0, 0xd, 0xeb, 0x0, 0x0, 0xef, 0x90, 0x0,
    0x0, 0x8, 0xf7, 0x0, 0x0, 0xaf, 0x40, 0x0,

    /* U+0058 "X" */
    0x1e, 0xb0, 0x0, 0x0, 0xcd, 0x0, 0x4f, 0x60,
    0x0, 0x6f, 0x30, 0x0, 0xaf, 0x10, 0x2f, 0x90,
    0x0, 0x1, 0xeb, 0xc, 0xd0, 0x0, 0x0, 0x4,
    0xf9, 0xf3, 0x0, 0x0, 0x0, 0xa, 0xf9, 0x0,
    0x0, 0x0, 0x0, 0xcf, 0xc0, 0x0, 0x0, 0x0,
    0x7f, 0x5f, 0x70, 0x0, 0x0, 0x3f, 0x70, 0x9f,
    0x20, 0x0, 0xd, 0xc0, 0x0, 0xdc, 0x0, 0x8,
    0xf2, 0x0, 0x4, 0xf7, 0x3, 0xf7, 0x0, 0x0,
    0x9, 0xf2,

    /* U+0059 "Y" */
    0x4f, 0x60, 0x0, 0x0, 0x8f, 0x20, 0xbe, 0x10,
    0x0, 0x2f, 0x80, 0x1, 0xf9, 0x0, 0xb, 0xe0,
    0x0, 0x7, 0xf3, 0x5, 0xf5, 0x0, 0x0, 0xd,
    0xc0, 0xdb, 0x0, 0x0, 0x0, 0x4f, 0xaf, 0x20,
    0x0, 0x0, 0x0, 0xaf, 0x80, 0x0, 0x0, 0x0,
    0x5, 0xf2, 0x0, 0x0, 0x0, 0x0, 0x5f, 0x20,
    0x0, 0x0, 0x0, 0x5, 0xf2, 0x0, 0x0, 0x0,
    0x0, 0x5f, 0x20, 0x0, 0x0, 0x0, 0x5, 0xf2,
    0x0, 0x0,

    /* U+005A "Z" */
    0xf, 0xff, 0xff, 0xff, 0xf0, 0x5, 0x55, 0x55,
    0x5e, 0xc0, 0x0, 0x0, 0x0, 0x7f, 0x20, 0x0,
    0x0, 0x2, 0xf7, 0x0, 0x0, 0x0, 0xc, 0xc0,
    0x0, 0x0, 0x0, 0x7f, 0x20, 0x0, 0x0, 0x2,
    0xf8, 0x0, 0x0, 0x0, 0xb, 0xd0, 0x0, 0x0,
    0x0, 0x6f, 0x30, 0x0, 0x0, 0x1, 0xf8, 0x0,
    0x0, 0x0, 0xb, 0xf5, 0x55, 0x55, 0x50, 0xf,
    0xff, 0xff, 0xff, 0xf1,

    /* U+005B "[" */
    0x3f, 0xfe, 0x3f, 0x42, 0x3f, 0x10, 0x3f, 0x10,
    0x3f, 0x10, 0x3f, 0x10, 0x3f, 0x10, 0x3f, 0x10,
    0x3f, 0x10, 0x3f, 0x10, 0x3f, 0x10, 0x3f, 0x10,
    0x3f, 0x10, 0x3f, 0x10, 0x3f, 0xfe, 0x3, 0x32,

    /* U+005C "\\" */
    0x8c, 0x0, 0x0, 0x3f, 0x10, 0x0, 0xf, 0x50,
    0x0, 0xb, 0x90, 0x0, 0x7, 0xd0, 0x0, 0x2,
    0xf2, 0x0, 0x0, 0xe6, 0x0, 0x0, 0xaa, 0x0,
    0x0, 0x5e, 0x0, 0x0, 0x1f, 0x30, 0x0, 0xd,
    0x70, 0x0, 0x9, 0xb0, 0x0, 0x4, 0xf0, 0x0,
    0x0, 0xf4,

    /* U+005D "]" */
    0xf, 0xff, 0x10, 0x36, 0xf1, 0x0, 0x4f, 0x10,
    0x4, 0xf1, 0x0, 0x4f, 0x10, 0x4, 0xf1, 0x0,
    0x4f, 0x10, 0x4, 0xf1, 0x0, 0x4f, 0x10, 0x4,
    0xf1, 0x0, 0x4f, 0x10, 0x4, 0xf1, 0x0, 0x4f,
    0x10, 0x4, 0xf1, 0xf, 0xff, 0x10, 0x33, 0x30,

    /* U+005E "^" */
    0x0, 0x3f, 0xc0, 0x0, 0xb, 0xbf, 0x40, 0x2,
    0xf2, 0x9b, 0x0, 0xab, 0x2, 0xf3, 0x2f, 0x40,
    0xb, 0xa0,

    /* U+005F "_" */
    0x11, 0x11, 0x11, 0x10, 0xff, 0xff, 0xff, 0xf4,
    0x44, 0x44, 0x44, 0x41,

    /* U+0060 "`" */
    0x34, 0x4, 0xf2, 0xa, 0x90,

    /* U+0061 "a" */
    0x0, 0x8d, 0xfd, 0x70, 0xb, 0xf7, 0x48, 0xf6,
    0x4, 0x30, 0x0, 0xba, 0x0, 0x1, 0x46, 0xeb,
    0x5, 0xdf, 0xeb, 0xdc, 0x2f, 0x91, 0x0, 0xac,
    0x4f, 0x20, 0x0, 0xdc, 0x1f, 0xc5, 0x5c, 0xec,
    0x3, 0xcf, 0xd6, 0xac,

    /* U+0062 "b" */
    0xca, 0x0, 0x0, 0x0, 0xca, 0x0, 0x0, 0x0,
    0xca, 0x0, 0x0, 0x0, 0xca, 0x5e, 0xfc, 0x30,
    0xcd, 0xd6, 0x5c, 0xf2, 0xcf, 0x20, 0x0, 0xea,
    0xcb, 0x0, 0x0, 0x8e, 0xca, 0x0, 0x0, 0x7f,
    0xcc, 0x0, 0x0, 0x9e, 0xcf, 0x20, 0x0, 0xea,
    0xcd, 0xd6, 0x5c, 0xf2, 0xc9, 0x5e, 0xfc, 0x30,

    /* U+0063 "c" */
    0x0, 0x4c, 0xfe, 0x91, 0x0, 0x4f, 0xb5, 0x6e,
    0xc0, 0xc, 0xb0, 0x0, 0x2a, 0x11, 0xf5, 0x0,
    0x0, 0x0, 0x2f, 0x40, 0x0, 0x0, 0x1, 0xf5,
    0x0, 0x0, 0x0, 0xd, 0xb0, 0x0, 0x2b, 0x20,
    0x4f, 0xa5, 0x6e, 0xc0, 0x0, 0x4c, 0xfe, 0x91,
    0x0,

    /* U+0064 "d" */
    0x0, 0x0, 0x0, 0xd, 0x90, 0x0, 0x0, 0x0,
    0xd9, 0x0, 0x0, 0x0, 0xd, 0x90, 0x5, 0xdf,
    0xd3, 0xd9, 0x5, 0xfa, 0x57, 0xde, 0x90, 0xdb,
    0x0, 0x4, 0xf9, 0x1f, 0x50, 0x0, 0xf, 0x92,
    0xf4, 0x0, 0x0, 0xd9, 0x1f, 0x50, 0x0, 0xf,
    0x90, 0xdb, 0x0, 0x5, 0xf9, 0x5, 0xfa, 0x57,
    0xee, 0x90, 0x5, 0xdf, 0xd3, 0xc9,

    /* U+0065 "e" */
    0x0, 0x4c, 0xfd, 0x80, 0x0, 0x4f, 0xb4, 0x7f,
    0xb0, 0xc, 0xb0, 0x0, 0x5f, 0x31, 0xf5, 0x0,
    0x0, 0xf7, 0x2f, 0xff, 0xff, 0xff, 0x81, 0xf7,
    0x33, 0x33, 0x31, 0xd, 0xa0, 0x0, 0x5, 0x10,
    0x4f, 0xa5, 0x5c, 0xf1, 0x0, 0x4c, 0xfe, 0xb2,
    0x0,

    /* U+0066 "f" */
    0x0, 0x4d, 0xf7, 0x0, 0xfb, 0x52, 0x2, 0xf4,
    0x0, 0xdf, 0xff, 0xf4, 0x25, 0xf7, 0x31, 0x2,
    0xf4, 0x0, 0x2, 0xf4, 0x0, 0x2, 0xf4, 0x0,
    0x2, 0xf4, 0x0, 0x2, 0xf4, 0x0, 0x2, 0xf4,
    0x0, 0x2, 0xf4, 0x0,

    /* U+0067 "g" */
    0x0, 0x5d, 0xfd, 0x3c, 0x90, 0x4f, 0xa5, 0x7e,
    0xe9, 0xd, 0xb0, 0x0, 0x5f, 0x91, 0xf5, 0x0,
    0x0, 0xf9, 0x2f, 0x40, 0x0, 0xd, 0x91, 0xf5,
    0x0, 0x0, 0xe9, 0xd, 0xb0, 0x0, 0x4f, 0x90,
    0x5f, 0xa5, 0x7d, 0xe9, 0x0, 0x5d, 0xfd, 0x3d,
    0x90, 0x0, 0x0, 0x0, 0xe7, 0x8, 0xe7, 0x45,
    0xbf, 0x20, 0x7, 0xdf, 0xfb, 0x30,

    /* U+0068 "h" */
    0xca, 0x0, 0x0, 0x0, 0xca, 0x0, 0x0, 0x0,
    0xca, 0x0, 0x0, 0x0, 0xca, 0x6e, 0xfb, 0x20,
    0xcd, 0xb5, 0x6e, 0xc0, 0xce, 0x0, 0x6, 0xf1,
    0xca, 0x0, 0x3, 0xf3, 0xca, 0x0, 0x3, 0xf3,
    0xca, 0x0, 0x3, 0xf3, 0xca, 0x0, 0x3, 0xf3,
    0xca, 0x0, 0x3, 0xf3, 0xca, 0x0, 0x3, 0xf3,

    /* U+0069 "i" */
    0xc, 0xb0, 0xb9, 0x0, 0x0, 0xca, 0xc, 0xa0,
    0xca, 0xc, 0xa0, 0xca, 0xc, 0xa0, 0xca, 0xc,
    0xa0, 0xca,

    /* U+006A "j" */
    0x0, 0xdb, 0x0, 0xb9, 0x0, 0x0, 0x0, 0xca,
    0x0, 0xca, 0x0, 0xca, 0x0, 0xca, 0x0, 0xca,
    0x0, 0xca, 0x0, 0xca, 0x0, 0xca, 0x0, 0xca,
    0x0, 0xc9, 0x17, 0xf6, 0x3e, 0xa0,

    /* U+006B "k" */
    0xca, 0x0, 0x0, 0x0, 0xca, 0x0, 0x0, 0x0,
    0xca, 0x0, 0x0, 0x0, 0xca, 0x0, 0x1d, 0xc0,
    0xca, 0x0, 0xcc, 0x10, 0xca, 0xc, 0xd1, 0x0,
    0xca, 0xbe, 0x10, 0x0, 0xcf, 0xff, 0x20, 0x0,
    0xcd, 0x1d, 0xd0, 0x0, 0xca, 0x2, 0xfa, 0x0,
    0xca, 0x0, 0x6f, 0x60, 0xca, 0x0, 0x9, 0xf3,

    /* U+006C "l" */
    0xca, 0xca, 0xca, 0xca, 0xca, 0xca, 0xca, 0xca,
    0xca, 0xca, 0xca, 0xca,

    /* U+006D "m" */
    0xc9, 0x7e, 0xe7, 0x9, 0xee, 0x90, 0xce, 0x83,
    0x6f, 0xc8, 0x26, 0xf7, 0xcc, 0x0, 0xc, 0xd0,
    0x0, 0xbb, 0xca, 0x0, 0xb, 0xb0, 0x0, 0xac,
    0xca, 0x0, 0xb, 0xb0, 0x0, 0xac, 0xca, 0x0,
    0xb, 0xb0, 0x0, 0xac, 0xca, 0x0, 0xb, 0xb0,
    0x0, 0xac, 0xca, 0x0, 0xb, 0xb0, 0x0, 0xac,
    0xca, 0x0, 0xb, 0xb0, 0x0, 0xac,

    /* U+006E "n" */
    0xc9, 0x6e, 0xfb, 0x20, 0xcd, 0xa3, 0x5e, 0xc0,
    0xcd, 0x0, 0x5, 0xf1, 0xca, 0x0, 0x3, 0xf3,
    0xca, 0x0, 0x3, 0xf3, 0xca, 0x0, 0x3, 0xf3,
    0xca, 0x0, 0x3, 0xf3, 0xca, 0x0, 0x3, 0xf3,
    0xca, 0x0, 0x3, 0xf3,

    /* U+006F "o" */
    0x0, 0x4c, 0xfe, 0x91, 0x0, 0x4f, 0xb5, 0x6e,
    0xc0, 0xc, 0xb0, 0x0, 0x2f, 0x61, 0xf5, 0x0,
    0x0, 0xca, 0x2f, 0x40, 0x0, 0xa, 0xc1, 0xf5,
    0x0, 0x0, 0xca, 0xd, 0xb0, 0x0, 0x2f, 0x60,
    0x4f, 0xa5, 0x6e, 0xd0, 0x0, 0x4c, 0xfe, 0x91,
    0x0,

    /* U+0070 "p" */
    0xc9, 0x6e, 0xfc, 0x30, 0xcd, 0xc4, 0x3b, 0xf2,
    0xcf, 0x10, 0x0, 0xda, 0xcb, 0x0, 0x0, 0x8e,
    0xca, 0x0, 0x0, 0x7f, 0xcc, 0x0, 0x0, 0x9e,
    0xcf, 0x20, 0x0, 0xea, 0xcd, 0xd6, 0x5c, 0xf2,
    0xca, 0x5e, 0xfc, 0x30, 0xca, 0x0, 0x0, 0x0,
    0xca, 0x0, 0x0, 0x0, 0xca, 0x0, 0x0, 0x0,

    /* U+0071 "q" */
    0x0, 0x5d, 0xfd, 0x3c, 0x90, 0x5f, 0xa5, 0x7d,
    0xe9, 0xd, 0xb0, 0x0, 0x4f, 0x91, 0xf5, 0x0,
    0x0, 0xf9, 0x2f, 0x40, 0x0, 0xd, 0x91, 0xf5,
    0x0, 0x0, 0xf9, 0xd, 0xb0, 0x0, 0x5f, 0x90,
    0x5f, 0xa5, 0x7d, 0xe9, 0x0, 0x5d, 0xfd, 0x3d,
    0x90, 0x0, 0x0, 0x0, 0xd9, 0x0, 0x0, 0x0,
    0xd, 0x90, 0x0, 0x0, 0x0, 0xd9,

    /* U+0072 "r" */
    0xc9, 0x8e, 0xac, 0xeb, 0x53, 0xcd, 0x0, 0xc,
    0xa0, 0x0, 0xca, 0x0, 0xc, 0xa0, 0x0, 0xca,
    0x0, 0xc, 0xa0, 0x0, 0xca, 0x0, 0x0,

    /* U+0073 "s" */
    0x0, 0x8e, 0xfd, 0x40, 0x9, 0xe6, 0x49, 0xf2,
    0xd, 0x90, 0x0, 0x51, 0x9, 0xf7, 0x20, 0x0,
    0x0, 0x8e, 0xfe, 0x70, 0x0, 0x0, 0x27, 0xf6,
    0x7, 0x30, 0x0, 0xe9, 0xc, 0xd5, 0x49, 0xf5,
    0x1, 0xae, 0xfc, 0x50,

    /* U+0074 "t" */
    0x8, 0xe0, 0x0, 0x8e, 0x0, 0xdf, 0xff, 0xa2,
    0xae, 0x32, 0x8, 0xe0, 0x0, 0x8e, 0x0, 0x8,
    0xe0, 0x0, 0x8e, 0x0, 0x8, 0xe0, 0x0, 0x6f,
    0x63, 0x0, 0x9f, 0xc0,

    /* U+0075 "u" */
    0xca, 0x0, 0x3, 0xf3, 0xca, 0x0, 0x3, 0xf3,
    0xca, 0x0, 0x3, 0xf3, 0xca, 0x0, 0x3, 0xf3,
    0xca, 0x0, 0x3, 0xf3, 0xca, 0x0, 0x3, 0xf3,
    0xad, 0x0, 0x7, 0xf3, 0x5f, 0xa5, 0x8c, 0xf3,
    0x7, 0xef, 0xb3, 0xf3,

    /* U+0076 "v" */
    0x6f, 0x20, 0x0, 0x2f, 0x60, 0xf7, 0x0, 0x7,
    0xf0, 0xa, 0xd0, 0x0, 0xda, 0x0, 0x4f, 0x30,
    0x3f, 0x40, 0x0, 0xe8, 0x8, 0xe0, 0x0, 0x8,
    0xe0, 0xe8, 0x0, 0x0, 0x2f, 0x5f, 0x20, 0x0,
    0x0, 0xce, 0xc0, 0x0, 0x0, 0x6, 0xf6, 0x0,
    0x0,

    /* U+0077 "w" */
    0x4f, 0x20, 0x5, 0xf7, 0x0, 0x1f, 0x60, 0xf7,
    0x0, 0x9f, 0xb0, 0x5, 0xf1, 0xb, 0xb0, 0xd,
    0x9f, 0x0, 0x9c, 0x0, 0x6f, 0x1, 0xf2, 0xf3,
    0xe, 0x80, 0x2, 0xf4, 0x6d, 0xb, 0x72, 0xf3,
    0x0, 0xd, 0x89, 0x90, 0x7b, 0x6e, 0x0, 0x0,
    0x8b, 0xd4, 0x3, 0xfa, 0xa0, 0x0, 0x3, 0xff,
    0x0, 0xe, 0xf5, 0x0, 0x0, 0xe, 0xb0, 0x0,
    0xaf, 0x10, 0x0,

    /* U+0078 "x" */
    0x1e, 0xa0, 0x0, 0xdc, 0x0, 0x5f, 0x40, 0x7f,
    0x20, 0x0, 0xad, 0x1f, 0x70, 0x0, 0x1, 0xed,
    0xc0, 0x0, 0x0, 0x9, 0xf5, 0x0, 0x0, 0x3,
    0xfb, 0xd0, 0x0, 0x0, 0xcb, 0xe, 0x80, 0x0,
    0x7f, 0x20, 0x5f, 0x30, 0x2f, 0x70, 0x0, 0xbd,
    0x0,

    /* U+0079 "y" */
    0x6f, 0x20, 0x0, 0x2f, 0x60, 0xf8, 0x0, 0x8,
    0xf0, 0x9, 0xd0, 0x0, 0xd9, 0x0, 0x3f, 0x30,
    0x3f, 0x30, 0x0, 0xd9, 0x9, 0xd0, 0x0, 0x7,
    0xe0, 0xe7, 0x0, 0x0, 0x1f, 0x8f, 0x10, 0x0,
    0x0, 0xbf, 0xb0, 0x0, 0x0, 0x5, 0xf4, 0x0,
    0x0, 0x0, 0x8e, 0x0, 0x0, 0x3, 0x5f, 0x70,
    0x0, 0x0, 0xbf, 0x90, 0x0, 0x0,

    /* U+007A "z" */
    0xd, 0xff, 0xff, 0xfb, 0x5, 0x66, 0x69, 0xf6,
    0x0, 0x0, 0x1e, 0xb0, 0x0, 0x0, 0xbe, 0x10,
    0x0, 0x7, 0xf3, 0x0, 0x0, 0x3f, 0x70, 0x0,
    0x1, 0xec, 0x0, 0x0, 0xb, 0xf7, 0x66, 0x65,
    0xf, 0xff, 0xff, 0xfd,

    /* U+007B "{" */
    0x0, 0x3c, 0xd0, 0xe, 0xb3, 0x1, 0xf3, 0x0,
    0x2f, 0x20, 0x2, 0xf2, 0x0, 0x4f, 0x10, 0x7d,
    0xb0, 0xe, 0xd3, 0x0, 0x9, 0xe0, 0x0, 0x3f,
    0x10, 0x2, 0xf2, 0x0, 0x2f, 0x20, 0x1, 0xf3,
    0x0, 0xe, 0x90, 0x0, 0x4e, 0xd0, 0x0, 0x1,

    /* U+007C "|" */
    0x72, 0xf4, 0xf4, 0xf4, 0xf4, 0xf4, 0xf4, 0xf4,
    0xf4, 0xf4, 0xf4, 0xf4, 0xf4, 0xf4, 0xf4, 0xf4,
    0xf4, 0xf4, 0xf4, 0xf4,

    /* U+007D "}" */
    0xe, 0xb1, 0x0, 0x4, 0xda, 0x0, 0x0, 0x6e,
    0x0, 0x0, 0x4f, 0x0, 0x0, 0x4f, 0x0, 0x0,
    0x4f, 0x0, 0x0, 0x1f, 0x81, 0x0, 0x4, 0xeb,
    0x0, 0x1e, 0xb4, 0x0, 0x4f, 0x10, 0x0, 0x4f,
    0x0, 0x0, 0x4f, 0x0, 0x0, 0x5e, 0x0, 0x1,
    0xbb, 0x0, 0xf, 0xe3, 0x0, 0x1, 0x0, 0x0,

    /* U+007E "~" */
    0x0, 0x0, 0x0, 0x0, 0x0, 0xbf, 0xc2, 0x0,
    0xc3, 0x7e, 0x5b, 0xe3, 0x5f, 0x19, 0x90, 0x9,
    0xff, 0x90, 0x0, 0x0, 0x2, 0x20, 0x0,

    /* U+00A0 " " */

    /* U+00A1 "¡" */
    0x7e, 0x29, 0xf3, 0x1, 0x0, 0x0, 0x6f, 0x6,
    0xf0, 0x6f, 0x6, 0xf0, 0x7f, 0x17, 0xf1, 0x7f,
    0x17, 0xf1,

    /* U+00A2 "¢" */
    0x0, 0x0, 0xc2, 0x0, 0x0, 0x0, 0x6e, 0x93,
    0x0, 0x1, 0xdf, 0xfd, 0xf7, 0x0, 0x9f, 0x1c,
    0x26, 0xf2, 0xf, 0x80, 0xc2, 0x1, 0x2, 0xf5,
    0xc, 0x20, 0x0, 0x2f, 0x50, 0xc2, 0x0, 0x0,
    0xf8, 0xc, 0x20, 0x20, 0xa, 0xe1, 0xc2, 0x6f,
    0x20, 0x1d, 0xee, 0xdf, 0x80, 0x0, 0x6, 0xe9,
    0x30, 0x0, 0x0, 0xc, 0x20, 0x0,

    /* U+00A3 "£" */
    0x0, 0x7, 0xdf, 0xd6, 0x0, 0x8, 0xf8, 0x59,
    0xf5, 0x0, 0xe9, 0x0, 0x9, 0xa0, 0xf, 0x60,
    0x0, 0x0, 0x0, 0xf6, 0x0, 0x0, 0x2, 0xff,
    0xff, 0xff, 0x30, 0x3, 0xf9, 0x33, 0x30, 0x0,
    0xe, 0x70, 0x0, 0x0, 0x0, 0xd8, 0x0, 0x0,
    0x0, 0xe, 0x60, 0x0, 0x37, 0x8, 0xe5, 0x55,
    0x5b, 0xd2, 0xff, 0xff, 0xff, 0xe4,

    /* U+00A4 "¤" */
    0x0, 0x0, 0x0, 0x0, 0x0, 0x0, 0xc8, 0x5d,
    0xff, 0xa3, 0xd5, 0x6, 0xff, 0x84, 0x5c, 0xfd,
    0x10, 0x3f, 0x40, 0x0, 0xb, 0xc0, 0xa, 0xb0,
    0x0, 0x0, 0x2f, 0x30, 0xc7, 0x0, 0x0, 0x0,
    0xe5, 0xc, 0x70, 0x0, 0x0, 0xe, 0x50, 0xab,
    0x0, 0x0, 0x3, 0xf3, 0x3, 0xf5, 0x0, 0x0,
    0xcc, 0x0, 0x9f, 0xf9, 0x56, 0xdf, 0xf3, 0x8,
    0x55, 0xcf, 0xe9, 0x1a, 0x30,

    /* U+00A5 "¥" */
    0x8f, 0x10, 0x0, 0x4f, 0x51, 0xf8, 0x0, 0xb,
    0xd0, 0x9, 0xe0, 0x2, 0xf6, 0x0, 0x1f, 0x60,
    0x9e, 0x0, 0x0, 0x9d, 0x1f, 0x60, 0x0, 0x2,
    0xfb, 0xe0, 0x0, 0xd, 0xff, 0xff, 0xfa, 0x0,
    0x12, 0x6f, 0x42, 0x10, 0xd, 0xff, 0xff, 0xfa,
    0x0, 0x12, 0x6f, 0x32, 0x10, 0x0, 0x5, 0xf2,
    0x0, 0x0, 0x0, 0x5f, 0x20, 0x0,

    /* U+00A6 "¦" */
    0x8d, 0x8d, 0x8d, 0x8d, 0x8d, 0x35, 0x0, 0x0,
    0x35, 0x8d, 0x8d, 0x8d, 0x8d, 0x8d,

    /* U+00A7 "§" */
    0x0, 0x4c, 0xfd, 0x50, 0x0, 0x1f, 0x94, 0x7f,
    0x30, 0x4, 0xf1, 0x0, 0x84, 0x0, 0x1e, 0x90,
    0x0, 0x0, 0x1, 0xbf, 0xd3, 0x0, 0x0, 0xc9,
    0x2a, 0xfa, 0x0, 0xf, 0x40, 0x3, 0xda, 0x0,
    0xbb, 0x0, 0x3, 0xf1, 0x1, 0xcd, 0x40, 0x3e,
    0x0, 0x0, 0x6e, 0xdc, 0x30, 0x0, 0x0, 0x1a,
    0xe1, 0x0, 0x35, 0x0, 0xf, 0x50, 0x6, 0xf4,
    0x5, 0xf4, 0x0, 0xa, 0xff, 0xf8, 0x0, 0x0,
    0x1, 0x20, 0x0, 0x0,

    /* U+00A8 "¨" */
    0x8b, 0x4, 0xd1, 0xac, 0x5, 0xe2,

    /* U+00A9 "©" */
    0x0, 0x0, 0x0, 0x10, 0x0, 0x0, 0x0, 0x0,
    0x5c, 0xff, 0xfa, 0x20, 0x0, 0x0, 0xaf, 0xb6,
    0x47, 0xdf, 0x50, 0x0, 0x8f, 0x40, 0x0, 0x0,
    0x9f, 0x30, 0x1f, 0x60, 0x7e, 0xfd, 0x40, 0xcb,
    0x7, 0xe0, 0x8f, 0x84, 0x9f, 0x35, 0xf1, 0xab,
    0xe, 0x70, 0x0, 0x63, 0x1f, 0x4a, 0xb0, 0xf6,
    0x0, 0x4, 0x11, 0xf4, 0x8e, 0x9, 0xe5, 0x17,
    0xf3, 0x4f, 0x23, 0xf5, 0xb, 0xff, 0xf6, 0xb,
    0xd0, 0xa, 0xe2, 0x2, 0x31, 0x7, 0xf4, 0x0,
    0xc, 0xf8, 0x32, 0x4b, 0xf7, 0x0, 0x0, 0x8,
    0xff, 0xff, 0xd4, 0x0, 0x0, 0x0, 0x0, 0x34,
    0x20, 0x0, 0x0,

    /* U+00AA "ª" */
    0x4, 0xcf, 0xd5, 0x1, 0xd7, 0x16, 0xf2, 0x0,
    0x2, 0x5f, 0x50, 0x9f, 0xeb, 0xf5, 0x6f, 0x20,
    0xf, 0x55, 0xf3, 0x19, 0xf5, 0x9, 0xfe, 0x6f,
    0x50,

    /* U+00AB "«" */
    0x0, 0x8, 0xf2, 0x5f, 0x40, 0x5, 0xf4, 0x3f,
    0x70, 0x3, 0xf7, 0x1e, 0xa0, 0x0, 0xeb, 0xc,
    0xd0, 0x0, 0x9, 0xe2, 0x6f, 0x40, 0x0, 0xb,
    0xd0, 0x9e, 0x20, 0x0, 0x1d, 0xb0, 0xbd, 0x0,
    0x0, 0x28, 0x21, 0x84,

    /* U+00AC "¬" */
    0x0, 0x0, 0x0, 0x0, 0x4f, 0xff, 0xff, 0xf4,
    0x3, 0x33, 0x33, 0xf4, 0x0, 0x0, 0x0, 0xf4,
    0x0, 0x0, 0x0, 0x30,

    /* U+00AE "®" */
    0x0, 0x18, 0xde, 0xc5, 0x0, 0x1, 0xdb, 0x42,
    0x6e, 0x90, 0xa, 0xa3, 0xcb, 0x91, 0xe5, 0x1f,
    0x14, 0xa0, 0xf1, 0x6b, 0x3e, 0x4, 0xec, 0xb0,
    0x4d, 0x1f, 0x4, 0xa2, 0xd0, 0x5c, 0xc, 0x72,
    0x50, 0x62, 0xc6, 0x2, 0xf8, 0x10, 0x3b, 0xc0,
    0x0, 0x2c, 0xff, 0xf9, 0x0, 0x0, 0x0, 0x12,
    0x0, 0x0,

    /* U+00AF "¯" */
    0x5f, 0xff, 0xf0, 0x22, 0x22,

    /* U+00B0 "°" */
    0xa, 0xfd, 0x30, 0xac, 0x38, 0xe0, 0xf4, 0x0,
    0xf3, 0xc9, 0x5, 0xf1, 0x2d, 0xff, 0x50, 0x0,
    0x20, 0x0,

    /* U+00B1 "±" */
    0x0, 0x5, 0xf0, 0x0, 0x1, 0x16, 0xf1, 0x10,
    0x6f, 0xff, 0xff, 0xff, 0x14, 0x48, 0xf4, 0x43,
    0x0, 0x5, 0xf0, 0x0, 0x0, 0x5, 0xf0, 0x0,
    0x1, 0x11, 0x11, 0x11, 0x6f, 0xff, 0xff, 0xff,
    0x14, 0x44, 0x44, 0x44,

    /* U+00B2 "²" */
    0x5, 0xdf, 0xd5, 0x0, 0xd7, 0x29, 0xf0, 0x0,
    0x0, 0xac, 0x0, 0x2, 0xcb, 0x10, 0x6, 0xf8,
    0x11, 0x1, 0xff, 0xff, 0xf3,

    /* U+00B3 "³" */
    0x5, 0xdf, 0xe7, 0x0, 0x75, 0x28, 0xf0, 0x0,
    0x2f, 0xf6, 0x0, 0x0, 0x4, 0xf3, 0x1e, 0x82,
    0x6f, 0x40, 0x4c, 0xfd, 0x70,

    /* U+00B4 "´" */
    0x5, 0x61, 0xf6, 0x7c, 0x0,

    /* U+00B5 "µ" */
    0xca, 0x0, 0x2, 0xf3, 0xc, 0xa0, 0x0, 0x2f,
    0x30, 0xca, 0x0, 0x2, 0xf3, 0xc, 0xa0, 0x0,
    0x2f, 0x30, 0xca, 0x0, 0x2, 0xf3, 0xc, 0xa0,
    0x0, 0x3f, 0x30, 0xcd, 0x0, 0x5, 0xf3, 0xc,
    0xf9, 0x34, 0xdf, 0x70, 0xca, 0xae, 0xd4, 0x7f,
    0x4c, 0xa0, 0x0, 0x0, 0x0, 0xca, 0x0, 0x0,
    0x0, 0xc, 0xa0, 0x0, 0x0, 0x0,

    /* U+00B6 "¶" */
    0x0, 0x6d, 0xff, 0xff, 0x30, 0x7f, 0xff, 0x97,
    0xf3, 0xe, 0xff, 0xf6, 0x3f, 0x31, 0xff, 0xff,
    0x63, 0xf3, 0xf, 0xff, 0xf6, 0x3f, 0x30, 0xcf,
    0xff, 0x63, 0xf3, 0x2, 0xef, 0xf6, 0x3f, 0x30,
    0x0, 0x68, 0x33, 0xf3, 0x0, 0x0, 0x0, 0x3f,
    0x30, 0x0, 0x0, 0x3, 0xf3, 0x0, 0x0, 0x0,
    0x3f, 0x30, 0x0, 0x0, 0x3, 0xf3,

    /* U+00B7 "·" */
    0x1, 0x9, 0xf3, 0x7e, 0x20,

    /* U+00B8 "¸" */
    0x46, 0x7, 0xd6, 0x3, 0xea, 0xd7,

    /* U+00B9 "¹" */
    0x7, 0xfe, 0x3a, 0x9e, 0x0, 0x7e, 0x0, 0x7e,
    0x0, 0x7e, 0x0, 0x7e,

    /* U+00BA "º" */
    0x1, 0xbf, 0xe8, 0x0, 0xd, 0xc3, 0x4e, 0x90,
    0x4f, 0x20, 0x6, 0xf0, 0x5f, 0x0, 0x4, 0xf1,
    0x4f, 0x20, 0x6, 0xf0, 0xd, 0xc3, 0x4e, 0x90,
    0x2, 0xbf, 0xe9, 0x0,

    /* U+00BB "»" */
    0x1e, 0xa0, 0xcc, 0x0, 0x0, 0x2f, 0x71, 0xea,
    0x0, 0x0, 0x5f, 0x53, 0xf7, 0x0, 0x0, 0x8f,
    0x26, 0xf4, 0x0, 0xd, 0xb0, 0xbd, 0x10, 0xb,
    0xd1, 0x8e, 0x20, 0x8, 0xe2, 0x5f, 0x40, 0x1,
    0x83, 0x7, 0x50, 0x0,

    /* U+00BC "¼" */
    0x3, 0x73, 0x0, 0x0, 0x4, 0x40, 0x3, 0xef,
    0x60, 0x0, 0x3, 0xf2, 0x0, 0x42, 0xd6, 0x0,
    0x0, 0xd7, 0x0, 0x0, 0xd, 0x60, 0x0, 0x8b,
    0x0, 0x0, 0x0, 0xd6, 0x0, 0x4e, 0x10, 0x0,
    0x0, 0xd, 0x60, 0xe, 0x50, 0x1, 0x0, 0x0,
    0xd6, 0xa, 0xa0, 0x8, 0xf6, 0x0, 0x0, 0x5,
    0xe1, 0x2, 0xee, 0x60, 0x0, 0x1, 0xe4, 0x0,
    0xb7, 0xc6, 0x0, 0x0, 0xb9, 0x0, 0x5d, 0xc,
    0x60, 0x0, 0x6d, 0x0, 0xb, 0xff, 0xff, 0x20,
    0x2f, 0x30, 0x0, 0x12, 0x2d, 0x70, 0x0, 0x10,
    0x0, 0x0, 0x0, 0x10, 0x0,

    /* U+00BD "½" */
    0x1, 0x42, 0x0, 0x0, 0x2, 0x30, 0x2, 0xef,
    0x60, 0x0, 0x2, 0xe3, 0x0, 0x54, 0xd6, 0x0,
    0x0, 0xc8, 0x0, 0x0, 0xd, 0x60, 0x0, 0x7d,
    0x0, 0x0, 0x0, 0xd6, 0x0, 0x3f, 0x20, 0x0,
    0x0, 0xd, 0x60, 0xd, 0x70, 0x0, 0x0, 0x0,
    0xd6, 0x9, 0xb0, 0x1b, 0xec, 0x20, 0x2, 0x14,
    0xe1, 0x5, 0xb3, 0xba, 0x0, 0x1, 0xe5, 0x0,
    0x0, 0xc, 0x60, 0x0, 0xaa, 0x0, 0x0, 0xa,
    0xb0, 0x0, 0x5e, 0x0, 0x0, 0xa, 0xb0, 0x0,
    0x1e, 0x40, 0x0, 0x7, 0xff, 0xfc, 0x1, 0x10,
    0x0, 0x0, 0x12, 0x22, 0x10,

    /* U+00BE "¾" */
    0x4, 0xcd, 0x60, 0x0, 0x0, 0x8b, 0x0, 0xb,
    0x64, 0xf1, 0x0, 0x3, 0xf2, 0x0, 0x0, 0x3,
    0xf1, 0x0, 0xd, 0x70, 0x0, 0x0, 0xaf, 0xa0,
    0x0, 0x8c, 0x0, 0x0, 0x0, 0x2, 0xe5, 0x3,
    0xf2, 0x0, 0x0, 0x17, 0x21, 0xe6, 0xd, 0x70,
    0x0, 0x0, 0xa, 0xff, 0xb0, 0x8c, 0x0, 0x3f,
    0xa0, 0x0, 0x1, 0x3, 0xf2, 0x0, 0xcd, 0xa0,
    0x0, 0x0, 0xd, 0x70, 0x7, 0xc8, 0xa0, 0x0,
    0x0, 0x8c, 0x0, 0x1e, 0x28, 0xa0, 0x0, 0x3,
    0xf2, 0x0, 0x6f, 0xff, 0xf6, 0x0, 0xd, 0x70,
    0x0, 0x2, 0x29, 0xb0, 0x0, 0x2, 0x0, 0x0,
    0x0, 0x1, 0x10,

    /* U+00BF "¿" */
    0x0, 0x5, 0xf4, 0x0, 0x0, 0x6, 0xf5, 0x0,
    0x0, 0x0, 0x10, 0x0, 0x0, 0x1, 0x40, 0x0,
    0x0, 0x4, 0xf2, 0x0, 0x0, 0x1c, 0xe0, 0x0,
    0x3, 0xee, 0x30, 0x0, 0xd, 0xd1, 0x0, 0x0,
    0x2f, 0x50, 0x0, 0x11, 0x1f, 0x50, 0x1, 0xf6,
    0xb, 0xe6, 0x5c, 0xe1, 0x1, 0xae, 0xfb, 0x30,

    /* U+00C0 "À" */
    0x0, 0x2, 0x50, 0x0, 0x0, 0x0, 0x0, 0x1e,
    0x60, 0x0, 0x0, 0x0, 0x0, 0x5d, 0x0, 0x0,
    0x0, 0x0, 0x0, 0x0, 0x0, 0x0, 0x0, 0x0,
    0x8f, 0x80, 0x0, 0x0, 0x0, 0xe, 0xce, 0x0,
    0x0, 0x0, 0x3, 0xf3, 0xf3, 0x0, 0x0, 0x0,
    0x9c, 0xc, 0x90, 0x0, 0x0, 0xe, 0x60, 0x6e,
    0x0, 0x0, 0x4, 0xf1, 0x1, 0xf5, 0x0, 0x0,
    0xab, 0x11, 0x1b, 0xa0, 0x0, 0xf, 0xff, 0xff,
    0xff, 0x10, 0x5, 0xf4, 0x44, 0x44, 0xf6, 0x0,
    0xbb, 0x0, 0x0, 0xb, 0xb0, 0x1f, 0x60, 0x0,
    0x0, 0x6f, 0x16, 0xf2, 0x0, 0x0, 0x1, 0xf7,

    /* U+00C1 "Á" */
    0x0, 0x0, 0x0, 0x83, 0x0, 0x0, 0x0, 0x0,
    0x7e, 0x0, 0x0, 0x0, 0x0, 0xd, 0x50, 0x0,
    0x0, 0x0, 0x0, 0x0, 0x0, 0x0, 0x0, 0x0,
    0x8f, 0x80, 0x0, 0x0, 0x0, 0xe, 0xce, 0x0,
    0x0, 0x0, 0x3, 0xf3, 0xf3, 0x0, 0x0, 0x0,
    0x9c, 0xc, 0x90, 0x0, 0x0, 0xe, 0x60, 0x6e,
    0x0, 0x0, 0x4, 0xf1, 0x1, 0xf5, 0x0, 0x0,
    0xab, 0x11, 0x1b, 0xa0, 0x0, 0xf, 0xff, 0xff,
    0xff, 0x10, 0x5, 0xf4, 0x44, 0x44, 0xf6, 0x0,
    0xbb, 0x0, 0x0, 0xb, 0xb0, 0x1f, 0x60, 0x0,
    0x0, 0x6f, 0x16, 0xf2, 0x0, 0x0, 0x1, 0xf7,

    /* U+00C2 "Â" */
    0x0, 0x0, 0x28, 0x20, 0x0, 0x0, 0x0, 0xd,
    0xcd, 0x0, 0x0, 0x0, 0xa, 0xb0, 0xba, 0x0,
    0x0, 0x0, 0x0, 0x0, 0x0, 0x0, 0x0, 0x0,
    0x8f, 0x80, 0x0, 0x0, 0x0, 0xe, 0xce, 0x0,
    0x0, 0x0, 0x3, 0xf3, 0xf3, 0x0, 0x0, 0x0,
    0x9c, 0xc, 0x90, 0x0, 0x0, 0xe, 0x60, 0x6e,
    0x0, 0x0, 0x4, 0xf1, 0x1, 0xf5, 0x0, 0x0,
    0xab, 0x11, 0x1b, 0xa0, 0x0, 0xf, 0xff, 0xff,
    0xff, 0x10, 0x5, 0xf4, 0x44, 0x44, 0xf6, 0x0,
    0xbb, 0x0, 0x0, 0xb, 0xb0, 0x1f, 0x60, 0x0,
    0x0, 0x6f, 0x16, 0xf2, 0x0, 0x0, 0x1, 0xf7,

    /* U+00C3 "Ã" */
    0x0, 0x4, 0xd7, 0x4a, 0x0, 0x0, 0x0, 0xa7,
    0x9f, 0x60, 0x0, 0x0, 0x1, 0x0, 0x0, 0x0,
    0x0, 0x0, 0x8, 0xf8, 0x0, 0x0, 0x0, 0x0,
    0xec, 0xe0, 0x0, 0x0, 0x0, 0x3f, 0x3f, 0x30,
    0x0, 0x0, 0x9, 0xc0, 0xc9, 0x0, 0x0, 0x0,
    0xe6, 0x6, 0xe0, 0x0, 0x0, 0x4f, 0x10, 0x1f,
    0x50, 0x0, 0xa, 0xb1, 0x11, 0xba, 0x0, 0x0,
    0xff, 0xff, 0xff, 0xf1, 0x0, 0x5f, 0x44, 0x44,
    0x4f, 0x60, 0xb, 0xb0, 0x0, 0x0, 0xbb, 0x1,
    0xf6, 0x0, 0x0, 0x6, 0xf1, 0x6f, 0x20, 0x0,
    0x0, 0x1f, 0x70,

    /* U+00C4 "Ä" */
    0x0, 0xd, 0x90, 0x9d, 0x0, 0x0, 0x0, 0xb8,
    0x7, 0xb0, 0x0, 0x0, 0x0, 0x0, 0x0, 0x0,
    0x0, 0x0, 0x8, 0xf8, 0x0, 0x0, 0x0, 0x0,
    0xec, 0xe0, 0x0, 0x0, 0x0, 0x3f, 0x3f, 0x30,
    0x0, 0x0, 0x9, 0xc0, 0xc9, 0x0, 0x0, 0x0,
    0xe6, 0x6, 0xe0, 0x0, 0x0, 0x4f, 0x10, 0x1f,
    0x50, 0x0, 0xa, 0xb1, 0x11, 0xba, 0x0, 0x0,
    0xff, 0xff, 0xff, 0xf1, 0x0, 0x5f, 0x44, 0x44,
    0x4f, 0x60, 0xb, 0xb0, 0x0, 0x0, 0xbb, 0x1,
    0xf6, 0x0, 0x0, 0x6, 0xf1, 0x6f, 0x20, 0x0,
    0x0, 0x1f, 0x70,

    /* U+00C5 "Å" */
    0x0, 0x0, 0xaf, 0xb0, 0x0, 0x0, 0x0, 0x7b,
    0xb, 0x70, 0x0, 0x0, 0x6, 0xb0, 0xb7, 0x0,
    0x0, 0x0, 0xa, 0xfb, 0x0, 0x0, 0x0, 0x0,
    0x8f, 0x80, 0x0, 0x0, 0x0, 0xe, 0xce, 0x0,
    0x0, 0x0, 0x3, 0xf3, 0xf3, 0x0, 0x0, 0x0,
    0x9c, 0xc, 0x90, 0x0, 0x0, 0xe, 0x60, 0x6e,
    0x0, 0x0, 0x4, 0xf1, 0x1, 0xf5, 0x0, 0x0,
    0xab, 0x11, 0x1b, 0xa0, 0x0, 0xf, 0xff, 0xff,
    0xff, 0x10, 0x5, 0xf4, 0x44, 0x44, 0xf6, 0x0,
    0xbb, 0x0, 0x0, 0xb, 0xb0, 0x1f, 0x60, 0x0,
    0x0, 0x6f, 0x16, 0xf2, 0x0, 0x0, 0x1, 0xf7,

    /* U+00C6 "Æ" */
    0x0, 0x0, 0x3, 0xff, 0xff, 0xff, 0xff, 0xc0,
    0x0, 0x0, 0xbc, 0x4f, 0x75, 0x55, 0x54, 0x0,
    0x0, 0x2f, 0x44, 0xf2, 0x0, 0x0, 0x0, 0x0,
    0xa, 0xc0, 0x4f, 0x20, 0x0, 0x0, 0x0, 0x1,
    0xf5, 0x4, 0xf3, 0x11, 0x11, 0x0, 0x0, 0x9d,
    0x0, 0x4f, 0xff, 0xff, 0xf6, 0x0, 0x1f, 0x60,
    0x4, 0xf6, 0x44, 0x44, 0x10, 0x7, 0xff, 0xff,
    0xff, 0x20, 0x0, 0x0, 0x0, 0xe8, 0x33, 0x36,
    0xf2, 0x0, 0x0, 0x0, 0x6f, 0x10, 0x0, 0x4f,
    0x20, 0x0, 0x0, 0xe, 0xa0, 0x0, 0x4, 0xf7,
    0x55, 0x55, 0x45, 0xf3, 0x0, 0x0, 0x4f, 0xff,
    0xff, 0xfd,

    /* U+00C7 "Ç" */
    0x0, 0x4, 0xbe, 0xfc, 0x60, 0x0, 0x6, 0xfc,
    0x76, 0xaf, 0xa0, 0x2, 0xf9, 0x0, 0x0, 0x5f,
    0x50, 0x9e, 0x0, 0x0, 0x0, 0xa9, 0xe, 0x90,
    0x0, 0x0, 0x0, 0x0, 0xf7, 0x0, 0x0, 0x0,
    0x0, 0xf, 0x70, 0x0, 0x0, 0x0, 0x0, 0xe9,
    0x0, 0x0, 0x0, 0x0, 0x9, 0xe0, 0x0, 0x0,
    0xa, 0x90, 0x3f, 0x90, 0x0, 0x5, 0xf5, 0x0,
    0x6f, 0xc7, 0x6a, 0xfa, 0x0, 0x0, 0x4b, 0xff,
    0xc6, 0x0, 0x0, 0x0, 0x5, 0xb2, 0x0, 0x0,
    0x0, 0x0, 0x16, 0xe0, 0x0, 0x0, 0x0, 0x9,
    0xd9, 0x0, 0x0,

    /* U+00C8 "È" */
    0x0, 0x53, 0x0, 0x0, 0x0, 0x8e, 0x0, 0x0,
    0x0, 0xd, 0x50, 0x0, 0x0, 0x0, 0x0, 0x0,
    0x9f, 0xff, 0xff, 0xf8, 0x9e, 0x55, 0x55, 0x52,
    0x9e, 0x0, 0x0, 0x0, 0x9e, 0x0, 0x0, 0x0,
    0x9e, 0x11, 0x11, 0x10, 0x9f, 0xff, 0xff, 0xf2,
    0x9e, 0x44, 0x44, 0x40, 0x9e, 0x0, 0x0, 0x0,
    0x9e, 0x0, 0x0, 0x0, 0x9e, 0x0, 0x0, 0x0,
    0x9e, 0x55, 0x55, 0x53, 0x9f, 0xff, 0xff, 0xf9,

    /* U+00C9 "É" */
    0x0, 0x0, 0x57, 0x0, 0x0, 0x0, 0xe7, 0x0,
    0x0, 0x6, 0xd0, 0x0, 0x0, 0x0, 0x0, 0x0,
    0x9f, 0xff, 0xff, 0xf8, 0x9e, 0x55, 0x55, 0x52,
    0x9e, 0x0, 0x0, 0x0, 0x9e, 0x0, 0x0, 0x0,
    0x9e, 0x11, 0x11, 0x10, 0x9f, 0xff, 0xff, 0xf2,
    0x9e, 0x44, 0x44, 0x40, 0x9e, 0x0, 0x0, 0x0,
    0x9e, 0x0, 0x0, 0x0, 0x9e, 0x0, 0x0, 0x0,
    0x9e, 0x55, 0x55, 0x53, 0x9f, 0xff, 0xff, 0xf9,

    /* U+00CA "Ê" */
    0x0, 0x6, 0x60, 0x0, 0x0, 0x6e, 0xe6, 0x0,
    0x3, 0xf3, 0x4f, 0x20, 0x0, 0x0, 0x0, 0x0,
    0x9f, 0xff, 0xff, 0xf8, 0x9e, 0x55, 0x55, 0x52,
    0x9e, 0x0, 0x0, 0x0, 0x9e, 0x0, 0x0, 0x0,
    0x9e, 0x11, 0x11, 0x10, 0x9f, 0xff, 0xff, 0xf2,
    0x9e, 0x44, 0x44, 0x40, 0x9e, 0x0, 0x0, 0x0,
    0x9e, 0x0, 0x0, 0x0, 0x9e, 0x0, 0x0, 0x0,
    0x9e, 0x55, 0x55, 0x53, 0x9f, 0xff, 0xff, 0xf9,

    /* U+00CB "Ë" */
    0x6, 0xe2, 0x2e, 0x50, 0x5, 0xd1, 0x1d, 0x40,
    0x0, 0x0, 0x0, 0x0, 0x9f, 0xff, 0xff, 0xf8,
    0x9e, 0x55, 0x55, 0x52, 0x9e, 0x0, 0x0, 0x0,
    0x9e, 0x0, 0x0, 0x0, 0x9e, 0x11, 0x11, 0x10,
    0x9f, 0xff, 0xff, 0xf2, 0x9e, 0x44, 0x44, 0x40,
    0x9e, 0x0, 0x0, 0x0, 0x9e, 0x0, 0x0, 0x0,
    0x9e, 0x0, 0x0, 0x0, 0x9e, 0x55, 0x55, 0x53,
    0x9f, 0xff, 0xff, 0xf9,

    /* U+00CC "Ì" */
    0x44, 0x5, 0xf1, 0xb, 0x80, 0x0, 0x9, 0xe0,
    0x9e, 0x9, 0xe0, 0x9e, 0x9, 0xe0, 0x9e, 0x9,
    0xe0, 0x9e, 0x9, 0xe0, 0x9e, 0x9, 0xe0, 0x9e,

    /* U+00CD "Í" */
    0x3, 0x70, 0xd, 0x90, 0x4e, 0x10, 0x0, 0x0,
    0x9e, 0x0, 0x9e, 0x0, 0x9e, 0x0, 0x9e, 0x0,
    0x9e, 0x0, 0x9e, 0x0, 0x9e, 0x0, 0x9e, 0x0,
    0x9e, 0x0, 0x9e, 0x0, 0x9e, 0x0, 0x9e, 0x0,

    /* U+00CE "Î" */
    0x0, 0x57, 0x0, 0x4, 0xfc, 0x80, 0x1e, 0x62,
    0xf4, 0x0, 0x0, 0x0, 0x0, 0x9e, 0x0, 0x0,
    0x9e, 0x0, 0x0, 0x9e, 0x0, 0x0, 0x9e, 0x0,
    0x0, 0x9e, 0x0, 0x0, 0x9e, 0x0, 0x0, 0x9e,
    0x0, 0x0, 0x9e, 0x0, 0x0, 0x9e, 0x0, 0x0,
    0x9e, 0x0, 0x0, 0x9e, 0x0, 0x0, 0x9e, 0x0,

    /* U+00CF "Ï" */
    0x4f, 0x40, 0xe8, 0x3d, 0x30, 0xc7, 0x0, 0x0,
    0x0, 0x0, 0x9e, 0x0, 0x0, 0x9e, 0x0, 0x0,
    0x9e, 0x0, 0x0, 0x9e, 0x0, 0x0, 0x9e, 0x0,
    0x0, 0x9e, 0x0, 0x0, 0x9e, 0x0, 0x0, 0x9e,
    0x0, 0x0, 0x9e, 0x0, 0x0, 0x9e, 0x0, 0x0,
    0x9e, 0x0, 0x0, 0x9e, 0x0,

    /* U+00D0 "Ð" */
    0x6, 0xff, 0xff, 0xd9, 0x20, 0x0, 0x6f, 0x65,
    0x57, 0xdf, 0x40, 0x6, 0xf1, 0x0, 0x0, 0xbe,
    0x10, 0x6f, 0x10, 0x0, 0x2, 0xf6, 0x6, 0xf2,
    0x0, 0x0, 0xc, 0xad, 0xff, 0xff, 0xf3, 0x0,
    0xac, 0x29, 0xf5, 0x33, 0x0, 0xa, 0xc0, 0x6f,
    0x10, 0x0, 0x0, 0xca, 0x6, 0xf1, 0x0, 0x0,
    0x2f, 0x60, 0x6f, 0x10, 0x0, 0xc, 0xe0, 0x6,
    0xf6, 0x55, 0x8e, 0xf3, 0x0, 0x6f, 0xff, 0xfd,
    0x92, 0x0,

    /* U+00D1 "Ñ" */
    0x0, 0xa, 0xb2, 0xb3, 0x0, 0x0, 0x2d, 0x4d,
    0xe0, 0x0, 0x0, 0x1, 0x0, 0x0, 0x0, 0x9f,
    0x70, 0x0, 0x0, 0xda, 0x9f, 0xf1, 0x0, 0x0,
    0xda, 0x9d, 0xdb, 0x0, 0x0, 0xda, 0x9d, 0x5f,
    0x50, 0x0, 0xda, 0x9e, 0xb, 0xe0, 0x0, 0xda,
    0x9e, 0x2, 0xf8, 0x0, 0xda, 0x9e, 0x0, 0x8f,
    0x20, 0xda, 0x9e, 0x0, 0xd, 0xc0, 0xda, 0x9e,
    0x0, 0x4, 0xf6, 0xca, 0x9e, 0x0, 0x0, 0xae,
    0xca, 0x9e, 0x0, 0x0, 0x1f, 0xfa, 0x9e, 0x0,
    0x0, 0x6, 0xfa,

    /* U+00D2 "Ò" */
    0x0, 0x0, 0x43, 0x0, 0x0, 0x0, 0x0, 0x0,
    0x6f, 0x10, 0x0, 0x0, 0x0, 0x0, 0xb, 0x80,
    0x0, 0x0, 0x0, 0x0, 0x0, 0x0, 0x0, 0x0,
    0x0, 0x3, 0xbe, 0xfc, 0x60, 0x0, 0x0, 0x6f,
    0xc7, 0x7b, 0xfa, 0x0, 0x2, 0xf9, 0x0, 0x0,
    0x6f, 0x60, 0x9, 0xe0, 0x0, 0x0, 0xb, 0xd0,
    0xe, 0x90, 0x0, 0x0, 0x5, 0xf1, 0xf, 0x70,
    0x0, 0x0, 0x3, 0xf3, 0xf, 0x70, 0x0, 0x0,
    0x3, 0xf3, 0xe, 0x90, 0x0, 0x0, 0x5, 0xf2,
    0x9, 0xe0, 0x0, 0x0, 0xb, 0xd0, 0x3, 0xf9,
    0x0, 0x0, 0x6f, 0x60, 0x0, 0x6f, 0xc7, 0x7b,
    0xfa, 0x0, 0x0, 0x4, 0xbe, 0xfc, 0x60, 0x0,

    /* U+00D3 "Ó" */
    0x0, 0x0, 0x0, 0x47, 0x0, 0x0, 0x0, 0x0,
    0x0, 0xd9, 0x0, 0x0, 0x0, 0x0, 0x4, 0xe0,
    0x0, 0x0, 0x0, 0x0, 0x0, 0x0, 0x0, 0x0,
    0x0, 0x3, 0xbe, 0xfc, 0x60, 0x0, 0x0, 0x6f,
    0xc7, 0x7b, 0xfa, 0x0, 0x2, 0xf9, 0x0, 0x0,
    0x6f, 0x60, 0x9, 0xe0, 0x0, 0x0, 0xb, 0xd0,
    0xe, 0x90, 0x0, 0x0, 0x5, 0xf1, 0xf, 0x70,
    0x0, 0x0, 0x3, 0xf3, 0xf, 0x70, 0x0, 0x0,
    0x3, 0xf3, 0xe, 0x90, 0x0, 0x0, 0x5, 0xf2,
    0x9, 0xe0, 0x0, 0x0, 0xb, 0xd0, 0x3, 0xf9,
    0x0, 0x0, 0x6f, 0x60, 0x0, 0x6f, 0xc7, 0x7b,
    0xfa, 0x0, 0x0, 0x4, 0xbe, 0xfc, 0x60, 0x0,

    /* U+00D4 "Ô" */
    0x0, 0x0, 0x6, 0x70, 0x0, 0x0, 0x0, 0x0,
    0x7d, 0xab, 0x0, 0x0, 0x0, 0x1, 0x71, 0x7,
    0x30, 0x0, 0x0, 0x0, 0x0, 0x0, 0x0, 0x0,
    0x0, 0x3, 0xbe, 0xfc, 0x60, 0x0, 0x0, 0x6f,
    0xc7, 0x7b, 0xfa, 0x0, 0x2, 0xf9, 0x0, 0x0,
    0x6f, 0x60, 0x9, 0xe0, 0x0, 0x0, 0xb, 0xd0,
    0xe, 0x90, 0x0, 0x0, 0x5, 0xf1, 0xf, 0x70,
    0x0, 0x0, 0x3, 0xf3, 0xf, 0x70, 0x0, 0x0,
    0x3, 0xf3, 0xe, 0x90, 0x0, 0x0, 0x5, 0xf2,
    0x9, 0xe0, 0x0, 0x0, 0xb, 0xd0, 0x3, 0xf9,
    0x0, 0x0, 0x6f, 0x60, 0x0, 0x6f, 0xc7, 0x7b,
    0xfa, 0x0, 0x0, 0x4, 0xbe, 0xfc, 0x60, 0x0,

    /* U+00D5 "Õ" */
    0x0, 0x0, 0xbe, 0xee, 0x30, 0x0, 0x0, 0x0,
    0x11, 0x10, 0x0, 0x0, 0x0, 0x0, 0x0, 0x0,
    0x0, 0x0, 0x0, 0x3, 0xbe, 0xfc, 0x60, 0x0,
    0x0, 0x6f, 0xc7, 0x7b, 0xfa, 0x0, 0x2, 0xf9,
    0x0, 0x0, 0x6f, 0x60, 0x9, 0xe0, 0x0, 0x0,
    0xb, 0xd0, 0xe, 0x90, 0x0, 0x0, 0x5, 0xf1,
    0xf, 0x70, 0x0, 0x0, 0x3, 0xf3, 0xf, 0x70,
    0x0, 0x0, 0x3, 0xf3, 0xe, 0x90, 0x0, 0x0,
    0x5, 0xf2, 0x9, 0xe0, 0x0, 0x0, 0xb, 0xd0,
    0x3, 0xf9, 0x0, 0x0, 0x6f, 0x60, 0x0, 0x6f,
    0xc7, 0x7b, 0xfa, 0x0, 0x0, 0x4, 0xbe, 0xfc,
    0x60, 0x0,

    /* U+00D6 "Ö" */
    0x0, 0x4, 0xf3, 0xe, 0x70, 0x0, 0x0, 0x3,
    0xd3, 0xc, 0x60, 0x0, 0x0, 0x0, 0x0, 0x0,
    0x0, 0x0, 0x0, 0x3, 0xbe, 0xfc, 0x60, 0x0,
    0x0, 0x6f, 0xc7, 0x7b, 0xfa, 0x0, 0x2, 0xf9,
    0x0, 0x0, 0x6f, 0x60, 0x9, 0xe0, 0x0, 0x0,
    0xb, 0xd0, 0xe, 0x90, 0x0, 0x0, 0x5, 0xf1,
    0xf, 0x70, 0x0, 0x0, 0x3, 0xf3, 0xf, 0x70,
    0x0, 0x0, 0x3, 0xf3, 0xe, 0x90, 0x0, 0x0,
    0x5, 0xf2, 0x9, 0xe0, 0x0, 0x0, 0xb, 0xd0,
    0x3, 0xf9, 0x0, 0x0, 0x6f, 0x60, 0x0, 0x6f,
    0xc7, 0x7b, 0xfa, 0x0, 0x0, 0x4, 0xbe, 0xfc,
    0x60, 0x0,

    /* U+00D7 "×" */
    0x2, 0x0, 0x0, 0x1, 0x2f, 0x60, 0x0, 0xbb,
    0x7, 0xf6, 0xb, 0xe2, 0x0, 0x7f, 0xde, 0x20,
    0x0, 0xd, 0xf7, 0x0, 0x0, 0xae, 0x9f, 0x50,
    0xa, 0xe3, 0x8, 0xf5, 0x1d, 0x30, 0x0, 0x8a,
    0x0, 0x0, 0x0, 0x0,

    /* U+00D8 "Ø" */
    0x0, 0x0, 0x0, 0x0, 0x0, 0x0, 0x0, 0x3,
    0xbe, 0xfc, 0x6c, 0x60, 0x0, 0x6f, 0xc7, 0x7b,
    0xff, 0x10, 0x2, 0xf9, 0x0, 0x3, 0xff, 0x60,
    0x9, 0xe0, 0x0, 0xd, 0x9b, 0xd0, 0xe, 0x90,
    0x0, 0x9d, 0x5, 0xf1, 0xf, 0x70, 0x4, 0xf3,
    0x3, 0xf3, 0xf, 0x70, 0x1e, 0x80, 0x3, 0xf3,
    0xe, 0x90, 0xac, 0x0, 0x5, 0xf2, 0x9, 0xe6,
    0xf2, 0x0, 0xb, 0xd0, 0x3, 0xff, 0x70, 0x0,
    0x6f, 0x60, 0x0, 0xff, 0xd7, 0x7b, 0xfa, 0x0,
    0x3, 0xe6, 0xbe, 0xfc, 0x60, 0x0, 0x0, 0x0,
    0x0, 0x0, 0x0, 0x0,

    /* U+00D9 "Ù" */
    0x0, 0x5, 0x30, 0x0, 0x0, 0x0, 0x8, 0xd0,
    0x0, 0x0, 0x0, 0x0, 0xd5, 0x0, 0x0, 0x0,
    0x0, 0x0, 0x0, 0x0, 0x9e, 0x0, 0x0, 0x0,
    0xf8, 0x9e, 0x0, 0x0, 0x0, 0xf8, 0x9e, 0x0,
    0x0, 0x0, 0xf8, 0x9e, 0x0, 0x0, 0x0, 0xf8,
    0x9e, 0x0, 0x0, 0x0, 0xf8, 0x9e, 0x0, 0x0,
    0x0, 0xf8, 0x9e, 0x0, 0x0, 0x0, 0xf8, 0x9e,
    0x0, 0x0, 0x0, 0xf7, 0x8f, 0x0, 0x0, 0x1,
    0xf6, 0x3f, 0x80, 0x0, 0x9, 0xf2, 0x9, 0xfb,
    0x77, 0xcf, 0x70, 0x0, 0x6c, 0xff, 0xc5, 0x0,

    /* U+00DA "Ú" */
    0x0, 0x0, 0x5, 0x60, 0x0, 0x0, 0x0, 0xf,
    0x60, 0x0, 0x0, 0x0, 0x7c, 0x0, 0x0, 0x0,
    0x0, 0x0, 0x0, 0x0, 0x9e, 0x0, 0x0, 0x0,
    0xf8, 0x9e, 0x0, 0x0, 0x0, 0xf8, 0x9e, 0x0,
    0x0, 0x0, 0xf8, 0x9e, 0x0, 0x0, 0x0, 0xf8,
    0x9e, 0x0, 0x0, 0x0, 0xf8, 0x9e, 0x0, 0x0,
    0x0, 0xf8, 0x9e, 0x0, 0x0, 0x0, 0xf8, 0x9e,
    0x0, 0x0, 0x0, 0xf7, 0x8f, 0x0, 0x0, 0x1,
    0xf6, 0x3f, 0x80, 0x0, 0x9, 0xf2, 0x9, 0xfb,
    0x77, 0xcf, 0x70, 0x0, 0x6c, 0xff, 0xc5, 0x0,

    /* U+00DB "Û" */
    0x0, 0x0, 0x76, 0x0, 0x0, 0x0, 0xa, 0xbc,
    0x80, 0x0, 0x0, 0x27, 0x1, 0x71, 0x0, 0x0,
    0x0, 0x0, 0x0, 0x0, 0x9e, 0x0, 0x0, 0x0,
    0xf8, 0x9e, 0x0, 0x0, 0x0, 0xf8, 0x9e, 0x0,
    0x0, 0x0, 0xf8, 0x9e, 0x0, 0x0, 0x0, 0xf8,
    0x9e, 0x0, 0x0, 0x0, 0xf8, 0x9e, 0x0, 0x0,
    0x0, 0xf8, 0x9e, 0x0, 0x0, 0x0, 0xf8, 0x9e,
    0x0, 0x0, 0x0, 0xf7, 0x8f, 0x0, 0x0, 0x1,
    0xf6, 0x3f, 0x80, 0x0, 0x9, 0xf2, 0x9, 0xfb,
    0x77, 0xcf, 0x70, 0x0, 0x6c, 0xff, 0xc5, 0x0,

    /* U+00DC "Ü" */
    0x0, 0x6e, 0x12, 0xe5, 0x0, 0x0, 0x5c, 0x12,
    0xd4, 0x0, 0x0, 0x0, 0x0, 0x0, 0x0, 0x9e,
    0x0, 0x0, 0x0, 0xf8, 0x9e, 0x0, 0x0, 0x0,
    0xf8, 0x9e, 0x0, 0x0, 0x0, 0xf8, 0x9e, 0x0,
    0x0, 0x0, 0xf8, 0x9e, 0x0, 0x0, 0x0, 0xf8,
    0x9e, 0x0, 0x0, 0x0, 0xf8, 0x9e, 0x0, 0x0,
    0x0, 0xf8, 0x9e, 0x0, 0x0, 0x0, 0xf7, 0x8f,
    0x0, 0x0, 0x1, 0xf6, 0x3f, 0x80, 0x0, 0x9,
    0xf2, 0x9, 0xfb, 0x77, 0xcf, 0x70, 0x0, 0x6c,
    0xff, 0xc5, 0x0,

    /* U+00DD "Ý" */
    0x0, 0x0, 0x1, 0x82, 0x0, 0x0, 0x0, 0x0,
    0x8d, 0x0, 0x0, 0x0, 0x0, 0xe, 0x40, 0x0,
    0x0, 0x0, 0x0, 0x0, 0x0, 0x0, 0x4f, 0x60,
    0x0, 0x0, 0x8f, 0x20, 0xbe, 0x10, 0x0, 0x2f,
    0x80, 0x1, 0xf9, 0x0, 0xb, 0xe0, 0x0, 0x7,
    0xf3, 0x5, 0xf5, 0x0, 0x0, 0xd, 0xc0, 0xdb,
    0x0, 0x0, 0x0, 0x4f, 0xaf, 0x20, 0x0, 0x0,
    0x0, 0xaf, 0x80, 0x0, 0x0, 0x0, 0x5, 0xf2,
    0x0, 0x0, 0x0, 0x0, 0x5f, 0x20, 0x0, 0x0,
    0x0, 0x5, 0xf2, 0x0, 0x0, 0x0, 0x0, 0x5f,
    0x20, 0x0, 0x0, 0x0, 0x5, 0xf2, 0x0, 0x0,

    /* U+00DE "Þ" */
    0xbd, 0x0, 0x0, 0x0, 0xbd, 0x0, 0x0, 0x0,
    0xbd, 0x11, 0x0, 0x0, 0xbf, 0xff, 0xfd, 0x60,
    0xbd, 0x44, 0x49, 0xf6, 0xbd, 0x0, 0x0, 0xac,
    0xbd, 0x0, 0x0, 0x9d, 0xbd, 0x11, 0x16, 0xf7,
    0xbf, 0xff, 0xff, 0x90, 0xbd, 0x44, 0x30, 0x0,
    0xbd, 0x0, 0x0, 0x0, 0xbd, 0x0, 0x0, 0x0,

    /* U+00DF "ß" */
    0x3, 0xcf, 0xea, 0x10, 0x2f, 0xc6, 0x7e, 0xd0,
    0x8f, 0x10, 0x5, 0xf3, 0x9d, 0x0, 0x4, 0xf2,
    0x9d, 0x0, 0x3c, 0x90, 0x9d, 0xb, 0xfd, 0x30,
    0x9d, 0x2, 0x4a, 0xf4, 0x9d, 0x0, 0x0, 0xbc,
    0x9d, 0x0, 0x0, 0x8e, 0x9d, 0x0, 0x0, 0xbc,
    0x9d, 0x3, 0x59, 0xf6, 0x9d, 0xc, 0xfd, 0x60,

    /* U+00E0 "à" */
    0x0, 0x35, 0x0, 0x0, 0x0, 0x2f, 0x40, 0x0,
    0x0, 0x8, 0xb0, 0x0, 0x0, 0x0, 0x0, 0x0,
    0x0, 0x8d, 0xfd, 0x70, 0xb, 0xf7, 0x48, 0xf6,
    0x4, 0x30, 0x0, 0xba, 0x0, 0x1, 0x46, 0xeb,
    0x5, 0xdf, 0xeb, 0xdc, 0x2f, 0x91, 0x0, 0xac,
    0x4f, 0x20, 0x0, 0xdc, 0x1f, 0xc5, 0x5c, 0xec,
    0x3, 0xcf, 0xd6, 0xac,

    /* U+00E1 "á" */
    0x0, 0x0, 0x28, 0x10, 0x0, 0x0, 0xba, 0x0,
    0x0, 0x0, 0x70, 0x0, 0x0, 0x0, 0x0, 0x0,
    0x0, 0x8d, 0xfd, 0x70, 0xb, 0xf7, 0x48, 0xf6,
    0x4, 0x30, 0x0, 0xba, 0x0, 0x1, 0x46, 0xeb,
    0x5, 0xdf, 0xeb, 0xdc, 0x2f, 0x91, 0x0, 0xac,
    0x4f, 0x20, 0x0, 0xdc, 0x1f, 0xc5, 0x5c, 0xec,
    0x3, 0xcf, 0xd6, 0xac,

    /* U+00E2 "â" */
    0x0, 0x4, 0x82, 0x0, 0x0, 0x4e, 0x8d, 0x10,
    0x0, 0x73, 0x6, 0x50, 0x0, 0x0, 0x0, 0x0,
    0x0, 0x8d, 0xfd, 0x70, 0xb, 0xf7, 0x48, 0xf6,
    0x4, 0x30, 0x0, 0xba, 0x0, 0x1, 0x46, 0xeb,
    0x5, 0xdf, 0xeb, 0xdc, 0x2f, 0x91, 0x0, 0xac,
    0x4f, 0x20, 0x0, 0xdc, 0x1f, 0xc5, 0x5c, 0xec,
    0x3, 0xcf, 0xd6, 0xac,

    /* U+00E3 "ã" */
    0x0, 0xaf, 0xff, 0x60, 0x0, 0x0, 0x0, 0x0,
    0x0, 0x0, 0x0, 0x0, 0x0, 0x8d, 0xfd, 0x70,
    0xb, 0xf7, 0x48, 0xf6, 0x4, 0x30, 0x0, 0xba,
    0x0, 0x1, 0x46, 0xeb, 0x5, 0xdf, 0xeb, 0xdc,
    0x2f, 0x91, 0x0, 0xac, 0x4f, 0x20, 0x0, 0xdc,
    0x1f, 0xc5, 0x5c, 0xec, 0x3, 0xcf, 0xd6, 0xac,

    /* U+00E4 "ä" */
    0x1, 0xe7, 0xb, 0xb0, 0x1, 0xc6, 0x9, 0x90,
    0x0, 0x0, 0x0, 0x0, 0x0, 0x8d, 0xfd, 0x70,
    0xb, 0xf7, 0x48, 0xf6, 0x4, 0x30, 0x0, 0xba,
    0x0, 0x1, 0x46, 0xeb, 0x5, 0xdf, 0xeb, 0xdc,
    0x2f, 0x91, 0x0, 0xac, 0x4f, 0x20, 0x0, 0xdc,
    0x1f, 0xc5, 0x5c, 0xec, 0x3, 0xcf, 0xd6, 0xac,

    /* U+00E5 "å" */
    0x0, 0x1c, 0xf9, 0x0, 0x0, 0x99, 0x1d, 0x50,
    0x0, 0x99, 0x1d, 0x50, 0x0, 0x1c, 0xf9, 0x0,
    0x0, 0x0, 0x0, 0x0, 0x0, 0x8d, 0xfd, 0x70,
    0xb, 0xf7, 0x48, 0xf6, 0x4, 0x30, 0x0, 0xba,
    0x0, 0x1, 0x46, 0xeb, 0x5, 0xdf, 0xeb, 0xdc,
    0x2f, 0x91, 0x0, 0xac, 0x4f, 0x20, 0x0, 0xdc,
    0x1f, 0xc5, 0x5c, 0xec, 0x3, 0xcf, 0xd6, 0xac,

    /* U+00E6 "æ" */
    0x0, 0x8d, 0xfd, 0x50, 0x9e, 0xeb, 0x20, 0xa,
    0xf7, 0x48, 0xfd, 0xd5, 0x5c, 0xe1, 0x5, 0x40,
    0x0, 0xcf, 0x20, 0x0, 0xe9, 0x0, 0x0, 0x0,
    0xab, 0x0, 0x0, 0xad, 0x2, 0xae, 0xff, 0xff,
    0xff, 0xff, 0xfe, 0x1f, 0xc5, 0x33, 0xbb, 0x33,
    0x33, 0x32, 0x4f, 0x20, 0x0, 0xde, 0x10, 0x0,
    0x42, 0x1f, 0xb5, 0x5b, 0xdd, 0xd6, 0x59, 0xf6,
    0x4, 0xcf, 0xe9, 0x11, 0xae, 0xfd, 0x50,

    /* U+00E7 "ç" */
    0x0, 0x4c, 0xfe, 0x91, 0x0, 0x4f, 0xb5, 0x6e,
    0xc0, 0xc, 0xb0, 0x0, 0x2a, 0x11, 0xf5, 0x0,
    0x0, 0x0, 0x2f, 0x40, 0x0, 0x0, 0x1, 0xf5,
    0x0, 0x0, 0x0, 0xd, 0xb0, 0x0, 0x2b, 0x20,
    0x4f, 0xa5, 0x6e, 0xc0, 0x0, 0x4c, 0xff, 0x91,
    0x0, 0x0, 0xb, 0x91, 0x0, 0x0, 0x0, 0x29,
    0x90, 0x0, 0x0, 0x1d, 0xd5, 0x0,

    /* U+00E8 "è" */
    0x0, 0x15, 0x10, 0x0, 0x0, 0x0, 0xc9, 0x0,
    0x0, 0x0, 0x2, 0xf1, 0x0, 0x0, 0x0, 0x0,
    0x0, 0x0, 0x0, 0x4c, 0xfd, 0x80, 0x0, 0x4f,
    0xb4, 0x7f, 0xb0, 0xc, 0xb0, 0x0, 0x5f, 0x31,
    0xf5, 0x0, 0x0, 0xf7, 0x2f, 0xff, 0xff, 0xff,
    0x81, 0xf7, 0x33, 0x33, 0x31, 0xd, 0xa0, 0x0,
    0x5, 0x10, 0x4f, 0xa5, 0x5c, 0xf1, 0x0, 0x4c,
    0xfe, 0xb2, 0x0,

    /* U+00E9 "é" */
    0x0, 0x0, 0x7, 0x40, 0x0, 0x0, 0x4, 0xf2,
    0x0, 0x0, 0x0, 0xb8, 0x0, 0x0, 0x0, 0x0,
    0x0, 0x0, 0x0, 0x4c, 0xfd, 0x80, 0x0, 0x4f,
    0xb4, 0x7f, 0xb0, 0xc, 0xb0, 0x0, 0x5f, 0x31,
    0xf5, 0x0, 0x0, 0xf7, 0x2f, 0xff, 0xff, 0xff,
    0x81, 0xf7, 0x33, 0x33, 0x31, 0xd, 0xa0, 0x0,
    0x5, 0x10, 0x4f, 0xa5, 0x5c, 0xf1, 0x0, 0x4c,
    0xfe, 0xb2, 0x0,

    /* U+00EA "ê" */
    0x0, 0x1, 0x74, 0x0, 0x0, 0x1, 0xd9, 0xe4,
    0x0, 0x0, 0x56, 0x3, 0x70, 0x0, 0x0, 0x0,
    0x0, 0x0, 0x0, 0x4c, 0xfd, 0x80, 0x0, 0x4f,
    0xb4, 0x7f, 0xb0, 0xc, 0xb0, 0x0, 0x5f, 0x31,
    0xf5, 0x0, 0x0, 0xf7, 0x2f, 0xff, 0xff, 0xff,
    0x81, 0xf7, 0x33, 0x33, 0x31, 0xd, 0xa0, 0x0,
    0x5, 0x10, 0x4f, 0xa5, 0x5c, 0xf1, 0x0, 0x4c,
    0xfe, 0xb2, 0x0,

    /* U+00EB "ë" */
    0x0, 0xac, 0x5, 0xe2, 0x0, 0x8, 0xa0, 0x4d,
    0x10, 0x0, 0x0, 0x0, 0x0, 0x0, 0x4, 0xcf,
    0xd8, 0x0, 0x4, 0xfb, 0x47, 0xfb, 0x0, 0xcb,
    0x0, 0x5, 0xf3, 0x1f, 0x50, 0x0, 0xf, 0x72,
    0xff, 0xff, 0xff, 0xf8, 0x1f, 0x73, 0x33, 0x33,
    0x10, 0xda, 0x0, 0x0, 0x51, 0x4, 0xfa, 0x55,
    0xcf, 0x10, 0x4, 0xcf, 0xeb, 0x20,

    /* U+00EC "ì" */
    0x5, 0x20, 0x9, 0xd0, 0x0, 0xe5, 0x0, 0x0,
    0x0, 0xca, 0x0, 0xca, 0x0, 0xca, 0x0, 0xca,
    0x0, 0xca, 0x0, 0xca, 0x0, 0xca, 0x0, 0xca,
    0x0, 0xca,

    /* U+00ED "í" */
    0x5, 0x61, 0xf6, 0x7c, 0x0, 0x0, 0xca, 0xc,
    0xa0, 0xca, 0xc, 0xa0, 0xca, 0xc, 0xa0, 0xca,
    0xc, 0xa0, 0xca, 0x0,

    /* U+00EE "î" */
    0x0, 0x76, 0x0, 0x7, 0xde, 0x50, 0x4f, 0x34,
    0xf2, 0x0, 0x0, 0x0, 0x0, 0xca, 0x0, 0x0,
    0xca, 0x0, 0x0, 0xca, 0x0, 0x0, 0xca, 0x0,
    0x0, 0xca, 0x0, 0x0, 0xca, 0x0, 0x0, 0xca,
    0x0, 0x0, 0xca, 0x0, 0x0, 0xca, 0x0,

    /* U+00EF "ï" */
    0x6e, 0x12, 0xe5, 0x5c, 0x12, 0xd4, 0x0, 0x0,
    0x0, 0x0, 0xca, 0x0, 0x0, 0xca, 0x0, 0x0,
    0xca, 0x0, 0x0, 0xca, 0x0, 0x0, 0xca, 0x0,
    0x0, 0xca, 0x0, 0x0, 0xca, 0x0, 0x0, 0xca,
    0x0, 0x0, 0xca, 0x0,

    /* U+00F0 "ð" */
    0x0, 0x1, 0x0, 0x0, 0x0, 0x3, 0xf6, 0x7,
    0x40, 0x0, 0x5, 0xff, 0x91, 0x0, 0x4, 0xe9,
    0xe7, 0x0, 0x0, 0x11, 0x3, 0xf2, 0x0, 0x5,
    0xdf, 0xaa, 0xb0, 0x4, 0xf9, 0x36, 0xdf, 0x10,
    0xda, 0x0, 0x5, 0xf5, 0x1f, 0x50, 0x0, 0xf,
    0x72, 0xf4, 0x0, 0x0, 0xe7, 0x1f, 0x60, 0x0,
    0xf, 0x60, 0xdb, 0x0, 0x5, 0xf2, 0x4, 0xf9,
    0x47, 0xf9, 0x0, 0x4, 0xcf, 0xe8, 0x0,

    /* U+00F1 "ñ" */
    0x4, 0xff, 0xfb, 0x0, 0x0, 0x0, 0x0, 0x0,
    0x0, 0x0, 0x0, 0x0, 0xc9, 0x6e, 0xfb, 0x20,
    0xcd, 0xa3, 0x5e, 0xc0, 0xcd, 0x0, 0x5, 0xf1,
    0xca, 0x0, 0x3, 0xf3, 0xca, 0x0, 0x3, 0xf3,
    0xca, 0x0, 0x3, 0xf3, 0xca, 0x0, 0x3, 0xf3,
    0xca, 0x0, 0x3, 0xf3, 0xca, 0x0, 0x3, 0xf3,

    /* U+00F2 "ò" */
    0x0, 0x5, 0x20, 0x0, 0x0, 0x0, 0xbb, 0x0,
    0x0, 0x0, 0x2, 0xf2, 0x0, 0x0, 0x0, 0x0,
    0x0, 0x0, 0x0, 0x4c, 0xfe, 0x91, 0x0, 0x4f,
    0xb5, 0x6e, 0xc0, 0xc, 0xb0, 0x0, 0x2f, 0x61,
    0xf5, 0x0, 0x0, 0xca, 0x2f, 0x40, 0x0, 0xa,
    0xc1, 0xf5, 0x0, 0x0, 0xca, 0xd, 0xb0, 0x0,
    0x2f, 0x60, 0x4f, 0xa5, 0x6e, 0xd0, 0x0, 0x4c,
    0xfe, 0x91, 0x0,

    /* U+00F3 "ó" */
    0x0, 0x0, 0x6, 0x50, 0x0, 0x0, 0x2, 0xf3,
    0x0, 0x0, 0x0, 0x9a, 0x0, 0x0, 0x0, 0x0,
    0x0, 0x0, 0x0, 0x4c, 0xfe, 0x91, 0x0, 0x4f,
    0xb5, 0x6e, 0xc0, 0xc, 0xb0, 0x0, 0x2f, 0x61,
    0xf5, 0x0, 0x0, 0xca, 0x2f, 0x40, 0x0, 0xa,
    0xc1, 0xf5, 0x0, 0x0, 0xca, 0xd, 0xb0, 0x0,
    0x2f, 0x60, 0x4f, 0xa5, 0x6e, 0xd0, 0x0, 0x4c,
    0xfe, 0x91, 0x0,

    /* U+00F4 "ô" */
    0x0, 0x1, 0x75, 0x0, 0x0, 0x0, 0xc9, 0xd6,
    0x0, 0x0, 0x47, 0x2, 0x70, 0x0, 0x0, 0x0,
    0x0, 0x0, 0x0, 0x4c, 0xfe, 0x91, 0x0, 0x4f,
    0xb5, 0x6e, 0xc0, 0xc, 0xb0, 0x0, 0x2f, 0x61,
    0xf5, 0x0, 0x0, 0xca, 0x2f, 0x40, 0x0, 0xa,
    0xc1, 0xf5, 0x0, 0x0, 0xca, 0xd, 0xb0, 0x0,
    0x2f, 0x60, 0x4f, 0xa5, 0x6e, 0xd0, 0x0, 0x4c,
    0xfe, 0x91, 0x0,

    /* U+00F5 "õ" */
    0x0, 0x4f, 0xff, 0xc0, 0x0, 0x0, 0x0, 0x0,
    0x0, 0x0, 0x0, 0x0, 0x0, 0x0, 0x4, 0xcf,
    0xe9, 0x10, 0x4, 0xfb, 0x56, 0xec, 0x0, 0xcb,
    0x0, 0x2, 0xf6, 0x1f, 0x50, 0x0, 0xc, 0xa2,
    0xf4, 0x0, 0x0, 0xac, 0x1f, 0x50, 0x0, 0xc,
    0xa0, 0xdb, 0x0, 0x2, 0xf6, 0x4, 0xfa, 0x56,
    0xed, 0x0, 0x4, 0xcf, 0xe9, 0x10,

    /* U+00F6 "ö" */
    0x0, 0x9d, 0x4, 0xe3, 0x0, 0x7, 0xb0, 0x3d,
    0x20, 0x0, 0x0, 0x0, 0x0, 0x0, 0x4, 0xcf,
    0xe9, 0x10, 0x4, 0xfb, 0x56, 0xec, 0x0, 0xcb,
    0x0, 0x2, 0xf6, 0x1f, 0x50, 0x0, 0xc, 0xa2,
    0xf4, 0x0, 0x0, 0xac, 0x1f, 0x50, 0x0, 0xc,
    0xa0, 0xdb, 0x0, 0x2, 0xf6, 0x4, 0xfa, 0x56,
    0xed, 0x0, 0x4, 0xcf, 0xe9, 0x10,

    /* U+00F7 "÷" */
    0x0, 0x8, 0xe2, 0x0, 0x0, 0x9, 0xf2, 0x0,
    0x1, 0x11, 0x21, 0x11, 0x5f, 0xff, 0xff, 0xff,
    0x14, 0x44, 0x44, 0x44, 0x0, 0x0, 0x0, 0x0,
    0x0, 0x8, 0xe2, 0x0, 0x0, 0x9, 0xf2, 0x0,
    0x0, 0x0, 0x0, 0x0,

    /* U+00F8 "ø" */
    0x0, 0x0, 0x0, 0x0, 0x0, 0x4, 0xcf, 0xe9,
    0x9b, 0x4, 0xfb, 0x56, 0xff, 0x20, 0xcb, 0x0,
    0x3f, 0xf6, 0x1f, 0x50, 0x1e, 0x6c, 0xa2, 0xf4,
    0xd, 0x80, 0xac, 0x1f, 0x6b, 0xb0, 0xc, 0xa0,
    0xdf, 0xd0, 0x2, 0xf6, 0xa, 0xfc, 0x56, 0xed,
    0x1, 0xf7, 0xcf, 0xe9, 0x10, 0x2, 0x0, 0x0,
    0x0, 0x0,

    /* U+00F9 "ù" */
    0x1, 0x51, 0x0, 0x0, 0x0, 0xca, 0x0, 0x0,
    0x0, 0x2f, 0x10, 0x0, 0x0, 0x0, 0x0, 0x0,
    0xca, 0x0, 0x3, 0xf3, 0xca, 0x0, 0x3, 0xf3,
    0xca, 0x0, 0x3, 0xf3, 0xca, 0x0, 0x3, 0xf3,
    0xca, 0x0, 0x3, 0xf3, 0xca, 0x0, 0x3, 0xf3,
    0xad, 0x0, 0x7, 0xf3, 0x5f, 0xa5, 0x8c, 0xf3,
    0x7, 0xef, 0xb3, 0xf3,

    /* U+00FA "ú" */
    0x0, 0x0, 0x75, 0x0, 0x0, 0x3, 0xf3, 0x0,
    0x0, 0xa, 0x90, 0x0, 0x0, 0x0, 0x0, 0x0,
    0xca, 0x0, 0x3, 0xf3, 0xca, 0x0, 0x3, 0xf3,
    0xca, 0x0, 0x3, 0xf3, 0xca, 0x0, 0x3, 0xf3,
    0xca, 0x0, 0x3, 0xf3, 0xca, 0x0, 0x3, 0xf3,
    0xad, 0x0, 0x7, 0xf3, 0x5f, 0xa5, 0x8c, 0xf3,
    0x7, 0xef, 0xb3, 0xf3,

    /* U+00FB "û" */
    0x0, 0x17, 0x40, 0x0, 0x1, 0xd9, 0xe5, 0x0,
    0x4, 0x60, 0x37, 0x0, 0x0, 0x0, 0x0, 0x0,
    0xca, 0x0, 0x3, 0xf3, 0xca, 0x0, 0x3, 0xf3,
    0xca, 0x0, 0x3, 0xf3, 0xca, 0x0, 0x3, 0xf3,
    0xca, 0x0, 0x3, 0xf3, 0xca, 0x0, 0x3, 0xf3,
    0xad, 0x0, 0x7, 0xf3, 0x5f, 0xa5, 0x8c, 0xf3,
    0x7, 0xef, 0xb3, 0xf3,

    /* U+00FC "ü" */
    0xa, 0xc0, 0x5e, 0x20, 0x8, 0xb0, 0x4d, 0x10,
    0x0, 0x0, 0x0, 0x0, 0xca, 0x0, 0x3, 0xf3,
    0xca, 0x0, 0x3, 0xf3, 0xca, 0x0, 0x3, 0xf3,
    0xca, 0x0, 0x3, 0xf3, 0xca, 0x0, 0x3, 0xf3,
    0xca, 0x0, 0x3, 0xf3, 0xad, 0x0, 0x7, 0xf3,
    0x5f, 0xa5, 0x8c, 0xf3, 0x7, 0xef, 0xb3, 0xf3,

    /* U+00FD "ý" */
    0x0, 0x0, 0x3f, 0x30, 0x0, 0x0, 0xa, 0xa0,
    0x0, 0x0, 0x0, 0x71, 0x0, 0x0, 0x0, 0x0,
    0x0, 0x0, 0x6f, 0x20, 0x0, 0x2f, 0x60, 0xf8,
    0x0, 0x8, 0xf0, 0x9, 0xd0, 0x0, 0xd9, 0x0,
    0x3f, 0x30, 0x3f, 0x30, 0x0, 0xd9, 0x9, 0xd0,
    0x0, 0x7, 0xe0, 0xe7, 0x0, 0x0, 0x1f, 0x8f,
    0x10, 0x0, 0x0, 0xbf, 0xb0, 0x0, 0x0, 0x5,
    0xf4, 0x0, 0x0, 0x0, 0x8e, 0x0, 0x0, 0x3,
    0x5f, 0x70, 0x0, 0x0, 0xbf, 0x90, 0x0, 0x0,

    /* U+00FE "þ" */
    0xca, 0x0, 0x0, 0x0, 0xca, 0x0, 0x0, 0x0,
    0xca, 0x0, 0x0, 0x0, 0xca, 0x5e, 0xfc, 0x30,
    0xcd, 0xd6, 0x5c, 0xf2, 0xcf, 0x20, 0x0, 0xea,
    0xcb, 0x0, 0x0, 0x8e, 0xca, 0x0, 0x0, 0x7f,
    0xcc, 0x0, 0x0, 0x9e, 0xcf, 0x20, 0x0, 0xea,
    0xcd, 0xd6, 0x5c, 0xf2, 0xca, 0x5e, 0xfc, 0x30,
    0xca, 0x0, 0x0, 0x0, 0xca, 0x0, 0x0, 0x0,
    0xca, 0x0, 0x0, 0x0,

    /* U+00FF "ÿ" */
    0x0, 0xd9, 0x9, 0xd0, 0x0, 0xb, 0x70, 0x7b,
    0x0, 0x0, 0x0, 0x0, 0x0, 0x6, 0xf2, 0x0,
    0x2, 0xf6, 0xf, 0x80, 0x0, 0x8f, 0x0, 0x9d,
    0x0, 0xd, 0x90, 0x3, 0xf3, 0x3, 0xf3, 0x0,
    0xd, 0x90, 0x9d, 0x0, 0x0, 0x7e, 0xe, 0x70,
    0x0, 0x1, 0xf8, 0xf1, 0x0, 0x0, 0xb, 0xfb,
    0x0, 0x0, 0x0, 0x5f, 0x40, 0x0, 0x0, 0x8,
    0xe0, 0x0, 0x0, 0x35, 0xf7, 0x0, 0x0, 0xb,
    0xf9, 0x0, 0x0, 0x0,

    /* U+0100 "Ā" */
    0x0, 0x9, 0xff, 0xfa, 0x0, 0x0, 0x0, 0x12,
    0x22, 0x10, 0x0, 0x0, 0x0, 0x0, 0x0, 0x0,
    0x0, 0x0, 0x8, 0xf8, 0x0, 0x0, 0x0, 0x0,
    0xec, 0xe0, 0x0, 0x0, 0x0, 0x3f, 0x3f, 0x30,
    0x0, 0x0, 0x9, 0xc0, 0xc9, 0x0, 0x0, 0x0,
    0xe6, 0x6, 0xe0, 0x0, 0x0, 0x4f, 0x10, 0x1f,
    0x50, 0x0, 0xa, 0xb1, 0x11, 0xba, 0x0, 0x0,
    0xff, 0xff, 0xff, 0xf1, 0x0, 0x5f, 0x44, 0x44,
    0x4f, 0x60, 0xb, 0xb0, 0x0, 0x0, 0xbb, 0x1,
    0xf6, 0x0, 0x0, 0x6, 0xf1, 0x6f, 0x20, 0x0,
    0x0, 0x1f, 0x70,

    /* U+0101 "ā" */
    0x0, 0xcf, 0xff, 0x80, 0x0, 0x12, 0x22, 0x10,
    0x0, 0x0, 0x0, 0x0, 0x0, 0x8d, 0xfd, 0x70,
    0xb, 0xf7, 0x48, 0xf6, 0x4, 0x30, 0x0, 0xba,
    0x0, 0x1, 0x46, 0xeb, 0x5, 0xdf, 0xeb, 0xdc,
    0x2f, 0x91, 0x0, 0xac, 0x4f, 0x20, 0x0, 0xdc,
    0x1f, 0xc5, 0x5c, 0xec, 0x3, 0xcf, 0xd6, 0xac,

    /* U+0102 "Ă" */
    0x0, 0x5, 0x20, 0x26, 0x0, 0x0, 0x0, 0x89,
    0x8, 0x90, 0x0, 0x0, 0x0, 0xcf, 0xc0, 0x0,
    0x0, 0x0, 0x0, 0x0, 0x0, 0x0, 0x0, 0x0,
    0x8f, 0x80, 0x0, 0x0, 0x0, 0xe, 0xce, 0x0,
    0x0, 0x0, 0x3, 0xf3, 0xf3, 0x0, 0x0, 0x0,
    0x9c, 0xc, 0x90, 0x0, 0x0, 0xe, 0x60, 0x6e,
    0x0, 0x0, 0x4, 0xf1, 0x1, 0xf5, 0x0, 0x0,
    0xab, 0x11, 0x1b, 0xa0, 0x0, 0xf, 0xff, 0xff,
    0xff, 0x10, 0x5, 0xf4, 0x44, 0x44, 0xf6, 0x0,
    0xbb, 0x0, 0x0, 0xb, 0xb0, 0x1f, 0x60, 0x0,
    0x0, 0x6f, 0x16, 0xf2, 0x0, 0x0, 0x1, 0xf7,

    /* U+0103 "ă" */
    0x0, 0x81, 0x4, 0x50, 0x0, 0xb7, 0xb, 0x60,
    0x0, 0x1d, 0xfa, 0x0, 0x0, 0x0, 0x0, 0x0,
    0x0, 0x8d, 0xfd, 0x70, 0xb, 0xf7, 0x48, 0xf6,
    0x4, 0x30, 0x0, 0xba, 0x0, 0x1, 0x46, 0xeb,
    0x5, 0xdf, 0xeb, 0xdc, 0x2f, 0x91, 0x0, 0xac,
    0x4f, 0x20, 0x0, 0xdc, 0x1f, 0xc5, 0x5c, 0xec,
    0x3, 0xcf, 0xd6, 0xac,

    /* U+0104 "Ą" */
    0x0, 0x0, 0x8f, 0x80, 0x0, 0x0, 0x0, 0x0,
    0xec, 0xe0, 0x0, 0x0, 0x0, 0x3, 0xf3, 0xf3,
    0x0, 0x0, 0x0, 0x9, 0xc0, 0xc9, 0x0, 0x0,
    0x0, 0xe, 0x60, 0x6e, 0x0, 0x0, 0x0, 0x4f,
    0x10, 0x1f, 0x50, 0x0, 0x0, 0xab, 0x11, 0x1b,
    0xa0, 0x0, 0x0, 0xff, 0xff, 0xff, 0xf1, 0x0,
    0x5, 0xf4, 0x44, 0x44, 0xf6, 0x0, 0xb, 0xb0,
    0x0, 0x0, 0xbb, 0x0, 0x1f, 0x60, 0x0, 0x0,
    0x6f, 0x10, 0x6f, 0x20, 0x0, 0x0, 0x1f, 0x70,
    0x0, 0x0, 0x0, 0x0, 0x7c, 0x20, 0x0, 0x0,
    0x0, 0x0, 0xf8, 0x30, 0x0, 0x0, 0x0, 0x0,
    0x9f, 0xd0,

    /* U+0105 "ą" */
    0x0, 0x8d, 0xfd, 0x70, 0x0, 0xbf, 0x74, 0x8f,
    0x60, 0x4, 0x30, 0x0, 0xba, 0x0, 0x0, 0x14,
    0x6e, 0xb0, 0x5, 0xdf, 0xeb, 0xdc, 0x2, 0xf9,
    0x10, 0xa, 0xc0, 0x4f, 0x20, 0x0, 0xdc, 0x1,
    0xfc, 0x55, 0xce, 0xc0, 0x3, 0xcf, 0xd6, 0xee,
    0x0, 0x0, 0x0, 0x8c, 0x10, 0x0, 0x0, 0xe,
    0xa4, 0x0, 0x0, 0x0, 0x7f, 0xe1,

    /* U+0106 "Ć" */
    0x0, 0x0, 0x0, 0x47, 0x0, 0x0, 0x0, 0x0,
    0xd, 0x90, 0x0, 0x0, 0x0, 0x4, 0xe0, 0x0,
    0x0, 0x0, 0x0, 0x0, 0x0, 0x0, 0x0, 0x4,
    0xbe, 0xfc, 0x60, 0x0, 0x6, 0xfc, 0x76, 0xaf,
    0xa0, 0x2, 0xf9, 0x0, 0x0, 0x5f, 0x50, 0x9e,
    0x0, 0x0, 0x0, 0xa9, 0xe, 0x90, 0x0, 0x0,
    0x0, 0x0, 0xf7, 0x0, 0x0, 0x0, 0x0, 0xf,
    0x70, 0x0, 0x0, 0x0, 0x0, 0xe9, 0x0, 0x0,
    0x0, 0x0, 0x9, 0xe0, 0x0, 0x0, 0xa, 0x90,
    0x3f, 0x90, 0x0, 0x5, 0xf5, 0x0, 0x6f, 0xc7,
    0x6a, 0xfa, 0x0, 0x0, 0x4b, 0xef, 0xc6, 0x0,

    /* U+0107 "ć" */
    0x0, 0x0, 0x6, 0x50, 0x0, 0x0, 0x2, 0xf3,
    0x0, 0x0, 0x0, 0x9a, 0x0, 0x0, 0x0, 0x0,
    0x0, 0x0, 0x0, 0x4c, 0xfe, 0x91, 0x0, 0x4f,
    0xb5, 0x6e, 0xc0, 0xc, 0xb0, 0x0, 0x2a, 0x11,
    0xf5, 0x0, 0x0, 0x0, 0x2f, 0x40, 0x0, 0x0,
    0x1, 0xf5, 0x0, 0x0, 0x0, 0xd, 0xb0, 0x0,
    0x2b, 0x20, 0x4f, 0xa5, 0x6e, 0xc0, 0x0, 0x4c,
    0xfe, 0x91, 0x0,

    /* U+0108 "Ĉ" */
    0x0, 0x0, 0x6, 0x70, 0x0, 0x0, 0x0, 0x8,
    0xda, 0xa0, 0x0, 0x0, 0x1, 0x71, 0x7, 0x30,
    0x0, 0x0, 0x0, 0x0, 0x0, 0x0, 0x0, 0x4,
    0xbe, 0xfc, 0x60, 0x0, 0x6, 0xfc, 0x76, 0xaf,
    0xa0, 0x2, 0xf9, 0x0, 0x0, 0x5f, 0x50, 0x9e,
    0x0, 0x0, 0x0, 0xa9, 0xe, 0x90, 0x0, 0x0,
    0x0, 0x0, 0xf7, 0x0, 0x0, 0x0, 0x0, 0xf,
    0x70, 0x0, 0x0, 0x0, 0x0, 0xe9, 0x0, 0x0,
    0x0, 0x0, 0x9, 0xe0, 0x0, 0x0, 0xa, 0x90,
    0x3f, 0x90, 0x0, 0x5, 0xf5, 0x0, 0x6f, 0xc7,
    0x6a, 0xfa, 0x0, 0x0, 0x4b, 0xef, 0xc6, 0x0,

    /* U+0109 "ĉ" */
    0x0, 0x1, 0x75, 0x0, 0x0, 0x0, 0xc9, 0xd6,
    0x0, 0x0, 0x47, 0x2, 0x70, 0x0, 0x0, 0x0,
    0x0, 0x0, 0x0, 0x4c, 0xfe, 0x91, 0x0, 0x4f,
    0xb5, 0x6e, 0xc0, 0xc, 0xb0, 0x0, 0x2a, 0x11,
    0xf5, 0x0, 0x0, 0x0, 0x2f, 0x40, 0x0, 0x0,
    0x1, 0xf5, 0x0, 0x0, 0x0, 0xd, 0xb0, 0x0,
    0x2b, 0x20, 0x4f, 0xa5, 0x6e, 0xc0, 0x0, 0x4c,
    0xfe, 0x91, 0x0,

    /* U+010A "Ċ" */
    0x0, 0x0, 0xa, 0xd0, 0x0, 0x0, 0x0, 0x0,
    0x8b, 0x0, 0x0, 0x0, 0x0, 0x0, 0x0, 0x0,
    0x0, 0x0, 0x4b, 0xef, 0xc6, 0x0, 0x0, 0x6f,
    0xc7, 0x6a, 0xfa, 0x0, 0x2f, 0x90, 0x0, 0x5,
    0xf5, 0x9, 0xe0, 0x0, 0x0, 0xa, 0x90, 0xe9,
    0x0, 0x0, 0x0, 0x0, 0xf, 0x70, 0x0, 0x0,
    0x0, 0x0, 0xf7, 0x0, 0x0, 0x0, 0x0, 0xe,
    0x90, 0x0, 0x0, 0x0, 0x0, 0x9e, 0x0, 0x0,
    0x0, 0xa9, 0x3, 0xf9, 0x0, 0x0, 0x5f, 0x50,
    0x6, 0xfc, 0x76, 0xaf, 0xa0, 0x0, 0x4, 0xbe,
    0xfc, 0x60, 0x0,

    /* U+010B "ċ" */
    0x0, 0x1, 0xe9, 0x0, 0x0, 0x0, 0xc, 0x70,
    0x0, 0x0, 0x0, 0x0, 0x0, 0x0, 0x4, 0xcf,
    0xe9, 0x10, 0x4, 0xfb, 0x56, 0xec, 0x0, 0xcb,
    0x0, 0x2, 0xa1, 0x1f, 0x50, 0x0, 0x0, 0x2,
    0xf4, 0x0, 0x0, 0x0, 0x1f, 0x50, 0x0, 0x0,
    0x0, 0xdb, 0x0, 0x2, 0xb2, 0x4, 0xfa, 0x56,
    0xec, 0x0, 0x4, 0xcf, 0xe9, 0x10,

    /* U+010C "Č" */
    0x0, 0x1, 0x71, 0x7, 0x30, 0x0, 0x0, 0x7,
    0xda, 0xb0, 0x0, 0x0, 0x0, 0x6, 0x70, 0x0,
    0x0, 0x0, 0x0, 0x0, 0x0, 0x0, 0x0, 0x4,
    0xbe, 0xfc, 0x60, 0x0, 0x6, 0xfc, 0x76, 0xaf,
    0xa0, 0x2, 0xf9, 0x0, 0x0, 0x5f, 0x50, 0x9e,
    0x0, 0x0, 0x0, 0xa9, 0xe, 0x90, 0x0, 0x0,
    0x0, 0x0, 0xf7, 0x0, 0x0, 0x0, 0x0, 0xf,
    0x70, 0x0, 0x0, 0x0, 0x0, 0xe9, 0x0, 0x0,
    0x0, 0x0, 0x9, 0xe0, 0x0, 0x0, 0xa, 0x90,
    0x3f, 0x90, 0x0, 0x5, 0xf5, 0x0, 0x6f, 0xc7,
    0x6a, 0xfa, 0x0, 0x0, 0x4b, 0xef, 0xc6, 0x0,

    /* U+010D "č" */
    0x0, 0x37, 0x2, 0x71, 0x0, 0x0, 0xc9, 0xd6,
    0x0, 0x0, 0x0, 0x75, 0x0, 0x0, 0x0, 0x0,
    0x0, 0x0, 0x0, 0x4c, 0xfe, 0x91, 0x0, 0x4f,
    0xb5, 0x6e, 0xc0, 0xc, 0xb0, 0x0, 0x2a, 0x11,
    0xf5, 0x0, 0x0, 0x0, 0x2f, 0x40, 0x0, 0x0,
    0x1, 0xf5, 0x0, 0x0, 0x0, 0xd, 0xb0, 0x0,
    0x2b, 0x20, 0x4f, 0xa5, 0x6e, 0xc0, 0x0, 0x4c,
    0xfe, 0x91, 0x0,

    /* U+010E "Ď" */
    0x3, 0x70, 0x18, 0x10, 0x0, 0x1, 0xd6, 0xba,
    0x0, 0x0, 0x0, 0x3f, 0xd0, 0x0, 0x0, 0x0,
    0x0, 0x0, 0x0, 0x0, 0x9f, 0xff, 0xfd, 0x81,
    0x0, 0x9e, 0x55, 0x58, 0xed, 0x20, 0x9e, 0x0,
    0x0, 0x1e, 0xc0, 0x9e, 0x0, 0x0, 0x5, 0xf3,
    0x9e, 0x0, 0x0, 0x0, 0xf7, 0x9e, 0x0, 0x0,
    0x0, 0xe8, 0x9e, 0x0, 0x0, 0x0, 0xe8, 0x9e,
    0x0, 0x0, 0x0, 0xf7, 0x9e, 0x0, 0x0, 0x5,
    0xf2, 0x9e, 0x0, 0x0, 0x1e, 0xb0, 0x9e, 0x55,
    0x58, 0xfd, 0x10, 0x9f, 0xff, 0xfd, 0x71, 0x0,

    /* U+010F "ď" */
    0x0, 0x0, 0x0, 0x0, 0x6, 0xf0, 0x0, 0x0,
    0x0, 0xd, 0x96, 0xd0, 0x0, 0x0, 0x0, 0xd,
    0x96, 0xb0, 0x0, 0x0, 0x0, 0xd, 0x90, 0x0,
    0x0, 0x5d, 0xfd, 0x3d, 0x90, 0x0, 0x5, 0xfa,
    0x57, 0xde, 0x90, 0x0, 0xd, 0xb0, 0x0, 0x4f,
    0x90, 0x0, 0x1f, 0x50, 0x0, 0xf, 0x90, 0x0,
    0x2f, 0x40, 0x0, 0xd, 0x90, 0x0, 0x1f, 0x50,
    0x0, 0xf, 0x90, 0x0, 0xd, 0xb0, 0x0, 0x5f,
    0x90, 0x0, 0x5, 0xfa, 0x57, 0xee, 0x90, 0x0,
    0x0, 0x5d, 0xfd, 0x3c, 0x90, 0x0,

    /* U+0110 "Đ" */
    0x6, 0xff, 0xff, 0xd9, 0x20, 0x0, 0x6f, 0x65,
    0x57, 0xdf, 0x40, 0x6, 0xf1, 0x0, 0x0, 0xbe,
    0x10, 0x6f, 0x10, 0x0, 0x2, 0xf6, 0x6, 0xf2,
    0x0, 0x0, 0xc, 0xad, 0xff, 0xff, 0xf3, 0x0,
    0xac, 0x29, 0xf5, 0x33, 0x0, 0xa, 0xc0, 0x6f,
    0x10, 0x0, 0x0, 0xca, 0x6, 0xf1, 0x0, 0x0,
    0x2f, 0x60, 0x6f, 0x10, 0x0, 0xc, 0xe0, 0x6,
    0xf6, 0x55, 0x8e, 0xf3, 0x0, 0x6f, 0xff, 0xfd,
    0x92, 0x0,

    /* U+0111 "đ" */
    0x0, 0x0, 0x0, 0xd, 0x90, 0x0, 0x0, 0x5f,
    0xff, 0xfa, 0x0, 0x0, 0x2, 0x2f, 0xb1, 0x0,
    0x5d, 0xfd, 0x3d, 0x90, 0x5, 0xfa, 0x57, 0xde,
    0x90, 0xd, 0xb0, 0x0, 0x4f, 0x90, 0x1f, 0x50,
    0x0, 0xf, 0x90, 0x2f, 0x40, 0x0, 0xd, 0x90,
    0x1f, 0x50, 0x0, 0xf, 0x90, 0xd, 0xb0, 0x0,
    0x5f, 0x90, 0x5, 0xfa, 0x57, 0xee, 0x90, 0x0,
    0x5d, 0xfd, 0x3c, 0x90,

    /* U+0112 "Ē" */
    0x2, 0xff, 0xff, 0x20, 0x0, 0x22, 0x22, 0x0,
    0x0, 0x0, 0x0, 0x0, 0x9f, 0xff, 0xff, 0xf8,
    0x9e, 0x55, 0x55, 0x52, 0x9e, 0x0, 0x0, 0x0,
    0x9e, 0x0, 0x0, 0x0, 0x9e, 0x11, 0x11, 0x10,
    0x9f, 0xff, 0xff, 0xf2, 0x9e, 0x44, 0x44, 0x40,
    0x9e, 0x0, 0x0, 0x0, 0x9e, 0x0, 0x0, 0x0,
    0x9e, 0x0, 0x0, 0x0, 0x9e, 0x55, 0x55, 0x53,
    0x9f, 0xff, 0xff, 0xf9,

    /* U+0113 "ē" */
    0x0, 0x7f, 0xff, 0xe0, 0x0, 0x1, 0x22, 0x21,
    0x0, 0x0, 0x0, 0x0, 0x0, 0x0, 0x4, 0xcf,
    0xd8, 0x0, 0x4, 0xfb, 0x47, 0xfb, 0x0, 0xcb,
    0x0, 0x5, 0xf3, 0x1f, 0x50, 0x0, 0xf, 0x72,
    0xff, 0xff, 0xff, 0xf8, 0x1f, 0x73, 0x33, 0x33,
    0x10, 0xda, 0x0, 0x0, 0x51, 0x4, 0xfa, 0x55,
    0xcf, 0x10, 0x4, 0xcf, 0xeb, 0x20,

    /* U+0114 "Ĕ" */
    0x1, 0x60, 0x6, 0x10, 0x1, 0xe1, 0x2e, 0x10,
    0x0, 0x5f, 0xf5, 0x0, 0x0, 0x0, 0x0, 0x0,
    0x9f, 0xff, 0xff, 0xf8, 0x9e, 0x55, 0x55, 0x52,
    0x9e, 0x0, 0x0, 0x0, 0x9e, 0x0, 0x0, 0x0,
    0x9e, 0x11, 0x11, 0x10, 0x9f, 0xff, 0xff, 0xf2,
    0x9e, 0x44, 0x44, 0x40, 0x9e, 0x0, 0x0, 0x0,
    0x9e, 0x0, 0x0, 0x0, 0x9e, 0x0, 0x0, 0x0,
    0x9e, 0x55, 0x55, 0x53, 0x9f, 0xff, 0xff, 0xf9,

    /* U+0115 "ĕ" */
    0x0, 0x44, 0x0, 0x70, 0x0, 0x5, 0xc0, 0x5c,
    0x0, 0x0, 0x9, 0xfe, 0x20, 0x0, 0x0, 0x0,
    0x0, 0x0, 0x0, 0x4c, 0xfd, 0x80, 0x0, 0x4f,
    0xb4, 0x7f, 0xb0, 0xc, 0xb0, 0x0, 0x5f, 0x31,
    0xf5, 0x0, 0x0, 0xf7, 0x2f, 0xff, 0xff, 0xff,
    0x81, 0xf7, 0x33, 0x33, 0x31, 0xd, 0xa0, 0x0,
    0x5, 0x10, 0x4f, 0xa5, 0x5c, 0xf1, 0x0, 0x4c,
    0xfe, 0xb2, 0x0,

    /* U+0116 "Ė" */
    0x0, 0xc, 0xc0, 0x0, 0x0, 0xa, 0xa0, 0x0,
    0x0, 0x0, 0x0, 0x0, 0x9f, 0xff, 0xff, 0xf8,
    0x9e, 0x55, 0x55, 0x52, 0x9e, 0x0, 0x0, 0x0,
    0x9e, 0x0, 0x0, 0x0, 0x9e, 0x11, 0x11, 0x10,
    0x9f, 0xff, 0xff, 0xf2, 0x9e, 0x44, 0x44, 0x40,
    0x9e, 0x0, 0x0, 0x0, 0x9e, 0x0, 0x0, 0x0,
    0x9e, 0x0, 0x0, 0x0, 0x9e, 0x55, 0x55, 0x53,
    0x9f, 0xff, 0xff, 0xf9,

    /* U+0117 "ė" */
    0x0, 0x2, 0xe7, 0x0, 0x0, 0x0, 0x1c, 0x60,
    0x0, 0x0, 0x0, 0x0, 0x0, 0x0, 0x4, 0xcf,
    0xd8, 0x0, 0x4, 0xfb, 0x47, 0xfb, 0x0, 0xcb,
    0x0, 0x5, 0xf3, 0x1f, 0x50, 0x0, 0xf, 0x72,
    0xff, 0xff, 0xff, 0xf8, 0x1f, 0x73, 0x33, 0x33,
    0x10, 0xda, 0x0, 0x0, 0x51, 0x4, 0xfa, 0x55,
    0xcf, 0x10, 0x4, 0xcf, 0xeb, 0x20,

    /* U+0118 "Ę" */
    0x9f, 0xff, 0xff, 0xf8, 0x9, 0xe5, 0x55, 0x55,
    0x20, 0x9e, 0x0, 0x0, 0x0, 0x9, 0xe0, 0x0,
    0x0, 0x0, 0x9e, 0x11, 0x11, 0x10, 0x9, 0xff,
    0xff, 0xff, 0x20, 0x9e, 0x44, 0x44, 0x40, 0x9,
    0xe0, 0x0, 0x0, 0x0, 0x9e, 0x0, 0x0, 0x0,
    0x9, 0xe0, 0x0, 0x0, 0x0, 0x9e, 0x55, 0x55,
    0x53, 0x9, 0xff, 0xff, 0xff, 0x90, 0x0, 0x0,
    0x9, 0xc1, 0x0, 0x0, 0x1, 0xf8, 0x30, 0x0,
    0x0, 0xa, 0xfc, 0x0,

    /* U+0119 "ę" */
    0x0, 0x4c, 0xfe, 0x91, 0x0, 0x4f, 0x95, 0x6d,
    0xd0, 0xc, 0x60, 0x0, 0x1f, 0x51, 0xff, 0xff,
    0xff, 0xf8, 0x2f, 0x63, 0x33, 0x33, 0x11, 0xf7,
    0x0, 0x0, 0x0, 0xd, 0xd0, 0x0, 0x2c, 0x30,
    0x4f, 0xc5, 0x5f, 0xf1, 0x0, 0x4c, 0xff, 0xf7,
    0x0, 0x0, 0x0, 0xac, 0x0, 0x0, 0x0, 0xd,
    0xb4, 0x0, 0x0, 0x0, 0x6e, 0xe2,

    /* U+011A "Ě" */
    0x2, 0x70, 0x7, 0x20, 0x0, 0xc9, 0x9c, 0x0,
    0x0, 0x1e, 0xe1, 0x0, 0x0, 0x0, 0x0, 0x0,
    0x9f, 0xff, 0xff, 0xf8, 0x9e, 0x55, 0x55, 0x52,
    0x9e, 0x0, 0x0, 0x0, 0x9e, 0x0, 0x0, 0x0,
    0x9e, 0x11, 0x11, 0x10, 0x9f, 0xff, 0xff, 0xf2,
    0x9e, 0x44, 0x44, 0x40, 0x9e, 0x0, 0x0, 0x0,
    0x9e, 0x0, 0x0, 0x0, 0x9e, 0x0, 0x0, 0x0,
    0x9e, 0x55, 0x55, 0x53, 0x9f, 0xff, 0xff, 0xf9,

    /* U+011B "ě" */
    0x0, 0x46, 0x3, 0x70, 0x0, 0x0, 0xd9, 0xe5,
    0x0, 0x0, 0x1, 0x74, 0x0, 0x0, 0x0, 0x0,
    0x0, 0x0, 0x0, 0x4c, 0xfd, 0x80, 0x0, 0x4f,
    0xb4, 0x7f, 0xb0, 0xc, 0xb0, 0x0, 0x5f, 0x31,
    0xf5, 0x0, 0x0, 0xf7, 0x2f, 0xff, 0xff, 0xff,
    0x81, 0xf7, 0x33, 0x33, 0x31, 0xd, 0xa0, 0x0,
    0x5, 0x10, 0x4f, 0xa5, 0x5c, 0xf1, 0x0, 0x4c,
    0xfe, 0xb2, 0x0,

    /* U+011C "Ĝ" */
    0x0, 0x0, 0x6, 0x70, 0x0, 0x0, 0x0, 0x8,
    0xcb, 0xa0, 0x0, 0x0, 0x2, 0x71, 0x7, 0x20,
    0x0, 0x0, 0x0, 0x0, 0x0, 0x0, 0x0, 0x4,
    0xbe, 0xfc, 0x60, 0x0, 0x7, 0xfc, 0x77, 0xbf,
    0xa0, 0x3, 0xf9, 0x0, 0x0, 0x7f, 0x50, 0x9e,
    0x0, 0x0, 0x0, 0xa9, 0xe, 0x90, 0x0, 0x0,
    0x0, 0x0, 0xf7, 0x0, 0x0, 0x11, 0x10, 0xf,
    0x70, 0x0, 0x8f, 0xff, 0xf0, 0xe9, 0x0, 0x2,
    0x44, 0xae, 0xa, 0xe0, 0x0, 0x0, 0xb, 0xc0,
    0x3f, 0x90, 0x0, 0x5, 0xf6, 0x0, 0x7f, 0xc7,
    0x6a, 0xfb, 0x0, 0x0, 0x4b, 0xef, 0xd7, 0x0,

    /* U+011D "ĝ" */
    0x0, 0x5, 0xfb, 0x0, 0x0, 0x2, 0xf5, 0xd7,
    0x0, 0x0, 0x56, 0x2, 0x70, 0x0, 0x0, 0x0,
    0x0, 0x0, 0x0, 0x5d, 0xfd, 0x3c, 0x90, 0x4f,
    0xa5, 0x7e, 0xe9, 0xd, 0xb0, 0x0, 0x5f, 0x91,
    0xf5, 0x0, 0x0, 0xf9, 0x2f, 0x40, 0x0, 0xd,
    0x91, 0xf5, 0x0, 0x0, 0xe9, 0xd, 0xb0, 0x0,
    0x4f, 0x90, 0x5f, 0xa5, 0x7d, 0xe9, 0x0, 0x5d,
    0xfd, 0x3d, 0x90, 0x0, 0x0, 0x0, 0xe7, 0x8,
    0xe7, 0x45, 0xbf, 0x20, 0x7, 0xdf, 0xfb, 0x30,

    /* U+011E "Ğ" */
    0x0, 0x1, 0x70, 0x5, 0x20, 0x0, 0x0, 0xe,
    0x21, 0xe2, 0x0, 0x0, 0x0, 0x4f, 0xf6, 0x0,
    0x0, 0x0, 0x0, 0x0, 0x0, 0x0, 0x0, 0x4,
    0xbe, 0xfc, 0x60, 0x0, 0x7, 0xfc, 0x77, 0xbf,
    0xa0, 0x3, 0xf9, 0x0, 0x0, 0x7f, 0x50, 0x9e,
    0x0, 0x0, 0x0, 0xa9, 0xe, 0x90, 0x0, 0x0,
    0x0, 0x0, 0xf7, 0x0, 0x0, 0x11, 0x10, 0xf,
    0x70, 0x0, 0x8f, 0xff, 0xf0, 0xe9, 0x0, 0x2,
    0x44, 0xae, 0xa, 0xe0, 0x0, 0x0, 0xb, 0xc0,
    0x3f, 0x90, 0x0, 0x5, 0xf6, 0x0, 0x7f, 0xc7,
    0x6a, 0xfb, 0x0, 0x0, 0x4b, 0xef, 0xd7, 0x0,

    /* U+011F "ğ" */
    0x0, 0x6b, 0x3, 0xe0, 0x0, 0x0, 0xbf, 0xe4,
    0x0, 0x0, 0x0, 0x0, 0x0, 0x0, 0x0, 0x0,
    0x0, 0x0, 0x0, 0x5d, 0xfd, 0x3c, 0x90, 0x4f,
    0xa5, 0x7e, 0xe9, 0xd, 0xb0, 0x0, 0x5f, 0x91,
    0xf5, 0x0, 0x0, 0xf9, 0x2f, 0x40, 0x0, 0xd,
    0x91, 0xf5, 0x0, 0x0, 0xe9, 0xd, 0xb0, 0x0,
    0x4f, 0x90, 0x5f, 0xa5, 0x7d, 0xe9, 0x0, 0x5d,
    0xfd, 0x3d, 0x90, 0x0, 0x0, 0x0, 0xe7, 0x8,
    0xe7, 0x45, 0xbf, 0x20, 0x7, 0xdf, 0xfb, 0x30,

    /* U+0120 "Ġ" */
    0x0, 0x0, 0xb, 0xd0, 0x0, 0x0, 0x0, 0x0,
    0x9b, 0x0, 0x0, 0x0, 0x0, 0x0, 0x0, 0x0,
    0x0, 0x0, 0x4b, 0xef, 0xc6, 0x0, 0x0, 0x7f,
    0xc7, 0x7b, 0xfa, 0x0, 0x3f, 0x90, 0x0, 0x7,
    0xf5, 0x9, 0xe0, 0x0, 0x0, 0xa, 0x90, 0xe9,
    0x0, 0x0, 0x0, 0x0, 0xf, 0x70, 0x0, 0x1,
    0x11, 0x0, 0xf7, 0x0, 0x8, 0xff, 0xff, 0xe,
    0x90, 0x0, 0x24, 0x4a, 0xe0, 0xae, 0x0, 0x0,
    0x0, 0xbc, 0x3, 0xf9, 0x0, 0x0, 0x5f, 0x60,
    0x7, 0xfc, 0x76, 0xaf, 0xb0, 0x0, 0x4, 0xbe,
    0xfd, 0x70, 0x0,

    /* U+0121 "ġ" */
    0x0, 0x1, 0xe8, 0x0, 0x0, 0x0, 0x1c, 0x60,
    0x0, 0x0, 0x0, 0x0, 0x0, 0x0, 0x5, 0xdf,
    0xd3, 0xc9, 0x4, 0xfa, 0x57, 0xee, 0x90, 0xdb,
    0x0, 0x5, 0xf9, 0x1f, 0x50, 0x0, 0xf, 0x92,
    0xf4, 0x0, 0x0, 0xd9, 0x1f, 0x50, 0x0, 0xe,
    0x90, 0xdb, 0x0, 0x4, 0xf9, 0x5, 0xfa, 0x57,
    0xde, 0x90, 0x5, 0xdf, 0xd3, 0xd9, 0x0, 0x0,
    0x0, 0xe, 0x70, 0x8e, 0x74, 0x5b, 0xf2, 0x0,
    0x7d, 0xff, 0xb3, 0x0,

    /* U+0122 "Ģ" */
    0x0, 0x4, 0xbe, 0xfc, 0x60, 0x0, 0x7, 0xfc,
    0x77, 0xbf, 0xa0, 0x3, 0xf9, 0x0, 0x0, 0x7f,
    0x50, 0x9e, 0x0, 0x0, 0x0, 0xa9, 0xe, 0x90,
    0x0, 0x0, 0x0, 0x0, 0xf7, 0x0, 0x0, 0x11,
    0x10, 0xf, 0x70, 0x0, 0x8f, 0xff, 0xf0, 0xe9,
    0x0, 0x2, 0x44, 0xae, 0xa, 0xe0, 0x0, 0x0,
    0xb, 0xc0, 0x3f, 0x90, 0x0, 0x5, 0xf6, 0x0,
    0x7f, 0xc7, 0x6a, 0xfb, 0x0, 0x0, 0x4b, 0xef,
    0xd7, 0x0, 0x0, 0x0, 0x0, 0x0, 0x0, 0x0,
    0x0, 0x0, 0xc9, 0x0, 0x0, 0x0, 0x0, 0xf,
    0x30, 0x0, 0x0, 0x0, 0x3, 0xe0, 0x0, 0x0,

    /* U+0123 "ģ" */
    0x0, 0x0, 0x29, 0x0, 0x0, 0x0, 0xb, 0x90,
    0x0, 0x0, 0x0, 0xe5, 0x0, 0x0, 0x0, 0x7,
    0x20, 0x0, 0x0, 0x0, 0x0, 0x0, 0x0, 0x5,
    0xdf, 0xd3, 0xc9, 0x4, 0xfa, 0x57, 0xee, 0x90,
    0xdb, 0x0, 0x5, 0xf9, 0x1f, 0x50, 0x0, 0xf,
    0x92, 0xf4, 0x0, 0x0, 0xd9, 0x1f, 0x50, 0x0,
    0xe, 0x90, 0xdb, 0x0, 0x4, 0xf9, 0x5, 0xfa,
    0x57, 0xde, 0x90, 0x5, 0xdf, 0xd3, 0xd9, 0x0,
    0x0, 0x0, 0xe, 0x70, 0x8e, 0x74, 0x5b, 0xf2,
    0x0, 0x7d, 0xff, 0xb3, 0x0,

    /* U+0124 "Ĥ" */
    0x0, 0x0, 0x76, 0x0, 0x0, 0x0, 0x7, 0xde,
    0x50, 0x0, 0x0, 0x4f, 0x34, 0xf2, 0x0, 0x0,
    0x0, 0x0, 0x0, 0x0, 0x9e, 0x0, 0x0, 0x0,
    0xf7, 0x9e, 0x0, 0x0, 0x0, 0xf7, 0x9e, 0x0,
    0x0, 0x0, 0xf7, 0x9e, 0x0, 0x0, 0x0, 0xf7,
    0x9e, 0x11, 0x11, 0x11, 0xf7, 0x9f, 0xff, 0xff,
    0xff, 0xf7, 0x9e, 0x44, 0x44, 0x44, 0xf7, 0x9e,
    0x0, 0x0, 0x0, 0xf7, 0x9e, 0x0, 0x0, 0x0,
    0xf7, 0x9e, 0x0, 0x0, 0x0, 0xf7, 0x9e, 0x0,
    0x0, 0x0, 0xf7, 0x9e, 0x0, 0x0, 0x0, 0xf7,

    /* U+0125 "ĥ" */
    0x0, 0x76, 0x0, 0x0, 0x0, 0x7, 0xde, 0x50,
    0x0, 0x0, 0x4f, 0x34, 0xf2, 0x0, 0x0, 0x0,
    0x0, 0x0, 0x0, 0x0, 0x0, 0xca, 0x0, 0x0,
    0x0, 0x0, 0xca, 0x0, 0x0, 0x0, 0x0, 0xca,
    0x0, 0x0, 0x0, 0x0, 0xca, 0x6e, 0xfb, 0x20,
    0x0, 0xcd, 0xb5, 0x6e, 0xc0, 0x0, 0xce, 0x0,
    0x6, 0xf1, 0x0, 0xca, 0x0, 0x3, 0xf3, 0x0,
    0xca, 0x0, 0x3, 0xf3, 0x0, 0xca, 0x0, 0x3,
    0xf3, 0x0, 0xca, 0x0, 0x3, 0xf3, 0x0, 0xca,
    0x0, 0x3, 0xf3, 0x0, 0xca, 0x0, 0x3, 0xf3,

    /* U+0126 "Ħ" */
    0x4, 0xf3, 0x0, 0x0, 0xb, 0xc0, 0x4, 0xf3,
    0x0, 0x0, 0xb, 0xc0, 0x4, 0xf3, 0x0, 0x0,
    0xb, 0xc0, 0x3f, 0xff, 0xff, 0xff, 0xff, 0xfa,
    0x6, 0xf6, 0x44, 0x44, 0x4c, 0xd1, 0x4, 0xff,
    0xff, 0xff, 0xff, 0xc0, 0x4, 0xf6, 0x44, 0x44,
    0x4c, 0xc0, 0x4, 0xf3, 0x0, 0x0, 0xb, 0xc0,
    0x4, 0xf3, 0x0, 0x0, 0xb, 0xc0, 0x4, 0xf3,
    0x0, 0x0, 0xb, 0xc0, 0x4, 0xf3, 0x0, 0x0,
    0xb, 0xc0, 0x4, 0xf3, 0x0, 0x0, 0xb, 0xc0,

    /* U+0127 "ħ" */
    0xc, 0xa0, 0x0, 0x0, 0xe, 0xff, 0xff, 0x10,
    0x0, 0x2e, 0xc2, 0x20, 0x0, 0x0, 0xca, 0x6e,
    0xfb, 0x20, 0xc, 0xdb, 0x56, 0xec, 0x0, 0xce,
    0x0, 0x6, 0xf1, 0xc, 0xa0, 0x0, 0x3f, 0x30,
    0xca, 0x0, 0x3, 0xf3, 0xc, 0xa0, 0x0, 0x3f,
    0x30, 0xca, 0x0, 0x3, 0xf3, 0xc, 0xa0, 0x0,
    0x3f, 0x30, 0xca, 0x0, 0x3, 0xf3,

    /* U+0128 "Ĩ" */
    0x9, 0xc3, 0x95, 0xf, 0x4d, 0xe1, 0x1, 0x0,
    0x0, 0x0, 0x9e, 0x0, 0x0, 0x9e, 0x0, 0x0,
    0x9e, 0x0, 0x0, 0x9e, 0x0, 0x0, 0x9e, 0x0,
    0x0, 0x9e, 0x0, 0x0, 0x9e, 0x0, 0x0, 0x9e,
    0x0, 0x0, 0x9e, 0x0, 0x0, 0x9e, 0x0, 0x0,
    0x9e, 0x0, 0x0, 0x9e, 0x0,

    /* U+0129 "ĩ" */
    0x2e, 0xff, 0xe1, 0x0, 0x0, 0x0, 0x0, 0x0,
    0x0, 0x0, 0xca, 0x0, 0x0, 0xca, 0x0, 0x0,
    0xca, 0x0, 0x0, 0xca, 0x0, 0x0, 0xca, 0x0,
    0x0, 0xca, 0x0, 0x0, 0xca, 0x0, 0x0, 0xca,
    0x0, 0x0, 0xca, 0x0,

    /* U+012A "Ī" */
    0xf, 0xff, 0xf4, 0x2, 0x22, 0x20, 0x0, 0x0,
    0x0, 0x0, 0x9e, 0x0, 0x0, 0x9e, 0x0, 0x0,
    0x9e, 0x0, 0x0, 0x9e, 0x0, 0x0, 0x9e, 0x0,
    0x0, 0x9e, 0x0, 0x0, 0x9e, 0x0, 0x0, 0x9e,
    0x0, 0x0, 0x9e, 0x0, 0x0, 0x9e, 0x0, 0x0,
    0x9e, 0x0, 0x0, 0x9e, 0x0,

    /* U+012B "ī" */
    0x3f, 0xff, 0xf1, 0x2, 0x22, 0x20, 0x0, 0x0,
    0x0, 0x0, 0xca, 0x0, 0x0, 0xca, 0x0, 0x0,
    0xca, 0x0, 0x0, 0xca, 0x0, 0x0, 0xca, 0x0,
    0x0, 0xca, 0x0, 0x0, 0xca, 0x0, 0x0, 0xca,
    0x0, 0x0, 0xca, 0x0,

    /* U+012C "Ĭ" */
    0x7, 0x0, 0x53, 0xe, 0x30, 0xd3, 0x3, 0xef,
    0x70, 0x0, 0x0, 0x0, 0x0, 0x9e, 0x0, 0x0,
    0x9e, 0x0, 0x0, 0x9e, 0x0, 0x0, 0x9e, 0x0,
    0x0, 0x9e, 0x0, 0x0, 0x9e, 0x0, 0x0, 0x9e,
    0x0, 0x0, 0x9e, 0x0, 0x0, 0x9e, 0x0, 0x0,
    0x9e, 0x0, 0x0, 0x9e, 0x0, 0x0, 0x9e, 0x0,

    /* U+012D "ĭ" */
    0x26, 0x0, 0x61, 0x2e, 0x12, 0xe0, 0x6, 0xff,
    0x50, 0x0, 0x0, 0x0, 0x0, 0xca, 0x0, 0x0,
    0xca, 0x0, 0x0, 0xca, 0x0, 0x0, 0xca, 0x0,
    0x0, 0xca, 0x0, 0x0, 0xca, 0x0, 0x0, 0xca,
    0x0, 0x0, 0xca, 0x0, 0x0, 0xca, 0x0,

    /* U+012E "Į" */
    0x9, 0xe0, 0x9, 0xe0, 0x9, 0xe0, 0x9, 0xe0,
    0x9, 0xe0, 0x9, 0xe0, 0x9, 0xe0, 0x9, 0xe0,
    0x9, 0xe0, 0x9, 0xe0, 0x9, 0xe0, 0xa, 0xe0,
    0x4e, 0x40, 0xcb, 0x40, 0x6e, 0xe3,

    /* U+012F "į" */
    0x0, 0xcb, 0x0, 0xb, 0x90, 0x0, 0x0, 0x0,
    0xc, 0xa0, 0x0, 0xca, 0x0, 0xc, 0xa0, 0x0,
    0xca, 0x0, 0xc, 0xa0, 0x0, 0xca, 0x0, 0xc,
    0xa0, 0x0, 0xca, 0x0, 0xd, 0xa0, 0x8, 0xc2,
    0x0, 0xf8, 0x30, 0x9, 0xfd, 0x0,

    /* U+0130 "İ" */
    0x9d, 0x8, 0xc0, 0x0, 0x9, 0xe0, 0x9e, 0x9,
    0xe0, 0x9e, 0x9, 0xe0, 0x9e, 0x9, 0xe0, 0x9e,
    0x9, 0xe0, 0x9e, 0x9, 0xe0, 0x9e, 0x0,

    /* U+0131 "ı" */
    0xca, 0xca, 0xca, 0xca, 0xca, 0xca, 0xca, 0xca,
    0xca,

    /* U+0132 "Ĳ" */
    0x9e, 0x0, 0x0, 0x0, 0x7, 0xf0, 0x9e, 0x0,
    0x0, 0x0, 0x7, 0xf0, 0x9e, 0x0, 0x0, 0x0,
    0x7, 0xf0, 0x9e, 0x0, 0x0, 0x0, 0x7, 0xf0,
    0x9e, 0x0, 0x0, 0x0, 0x7, 0xf0, 0x9e, 0x0,
    0x0, 0x0, 0x7, 0xf0, 0x9e, 0x0, 0x0, 0x0,
    0x7, 0xf0, 0x9e, 0x0, 0x0, 0x0, 0x7, 0xf0,
    0x9e, 0x0, 0xe9, 0x0, 0x7, 0xf0, 0x9e, 0x0,
    0xcb, 0x0, 0xa, 0xd0, 0x9e, 0x0, 0x5f, 0x83,
    0x7f, 0x70, 0x9e, 0x0, 0x6, 0xdf, 0xd6, 0x0,

    /* U+0133 "ĳ" */
    0xc, 0xb0, 0xe, 0x90, 0xb9, 0x0, 0xc7, 0x0,
    0x0, 0x0, 0x0, 0xca, 0x0, 0xe8, 0xc, 0xa0,
    0xe, 0x80, 0xca, 0x0, 0xe8, 0xc, 0xa0, 0xe,
    0x80, 0xca, 0x0, 0xe8, 0xc, 0xa0, 0xe, 0x80,
    0xca, 0x0, 0xe8, 0xc, 0xa0, 0xe, 0x80, 0xca,
    0x0, 0xe8, 0x0, 0x0, 0xe, 0x70, 0x0, 0x18,
    0xf4, 0x0, 0x5, 0xe8, 0x0,

    /* U+0134 "Ĵ" */
    0x0, 0x0, 0x0, 0x76, 0x0, 0x0, 0x0, 0x9,
    0xbc, 0x90, 0x0, 0x0, 0x27, 0x1, 0x72, 0x0,
    0x0, 0x0, 0x0, 0x0, 0x0, 0x0, 0x0, 0xcb,
    0x0, 0x0, 0x0, 0x0, 0xcb, 0x0, 0x0, 0x0,
    0x0, 0xcb, 0x0, 0x0, 0x0, 0x0, 0xcb, 0x0,
    0x0, 0x0, 0x0, 0xcb, 0x0, 0x0, 0x0, 0x0,
    0xcb, 0x0, 0x0, 0x0, 0x0, 0xcb, 0x0, 0x2,
    0x0, 0x0, 0xcb, 0x0, 0x3f, 0x40, 0x0, 0xcb,
    0x0, 0xf, 0x70, 0x0, 0xe9, 0x0, 0xa, 0xf8,
    0x6c, 0xf2, 0x0, 0x0, 0x8e, 0xfc, 0x30, 0x0,

    /* U+0135 "ĵ" */
    0x0, 0x76, 0x0, 0xa, 0xbc, 0x80, 0x37, 0x1,
    0x71, 0x0, 0x0, 0x0, 0x0, 0xca, 0x0, 0x0,
    0xca, 0x0, 0x0, 0xca, 0x0, 0x0, 0xca, 0x0,
    0x0, 0xca, 0x0, 0x0, 0xca, 0x0, 0x0, 0xca,
    0x0, 0x0, 0xca, 0x0, 0x0, 0xca, 0x0, 0x0,
    0xc9, 0x0, 0x17, 0xf6, 0x0, 0x3e, 0xa0, 0x0,

    /* U+0136 "Ķ" */
    0x9e, 0x0, 0x0, 0x2e, 0xc0, 0x9e, 0x0, 0x1,
    0xed, 0x10, 0x9e, 0x0, 0x1d, 0xe2, 0x0, 0x9e,
    0x0, 0xcf, 0x20, 0x0, 0x9e, 0xa, 0xf3, 0x0,
    0x0, 0x9e, 0x7f, 0xd0, 0x0, 0x0, 0x9f, 0xf8,
    0xf8, 0x0, 0x0, 0x9f, 0x60, 0x8f, 0x30, 0x0,
    0x9e, 0x0, 0xd, 0xd0, 0x0, 0x9e, 0x0, 0x3,
    0xf9, 0x0, 0x9e, 0x0, 0x0, 0x7f, 0x40, 0x9e,
    0x0, 0x0, 0xc, 0xe1, 0x0, 0x0, 0x0, 0x0,
    0x0, 0x0, 0x5, 0xf0, 0x0, 0x0, 0x0, 0x8,
    0xb0, 0x0, 0x0, 0x0, 0xb, 0x50, 0x0, 0x0,

    /* U+0137 "ķ" */
    0xca, 0x0, 0x0, 0x0, 0xca, 0x0, 0x0, 0x0,
    0xca, 0x0, 0x0, 0x0, 0xca, 0x0, 0x1d, 0xc0,
    0xca, 0x0, 0xcc, 0x10, 0xca, 0xc, 0xd1, 0x0,
    0xca, 0xbe, 0x10, 0x0, 0xcf, 0xff, 0x20, 0x0,
    0xcd, 0x1d, 0xd0, 0x0, 0xca, 0x2, 0xfa, 0x0,
    0xca, 0x0, 0x6f, 0x60, 0xca, 0x0, 0x9, 0xf3,
    0x0, 0x0, 0x0, 0x0, 0x0, 0x4f, 0x10, 0x0,
    0x0, 0x8b, 0x0, 0x0, 0x0, 0xb6, 0x0, 0x0,

    /* U+0138 "ĸ" */
    0xca, 0x0, 0xd, 0xc0, 0xca, 0x0, 0xae, 0x10,
    0xca, 0x6, 0xf3, 0x0, 0xca, 0x3f, 0x50, 0x0,
    0xcf, 0xfa, 0x0, 0x0, 0xca, 0x7f, 0x30, 0x0,
    0xca, 0x9, 0xe1, 0x0, 0xca, 0x0, 0xcd, 0x0,
    0xca, 0x0, 0x1e, 0xb0,

    /* U+0139 "Ĺ" */
    0x3, 0x70, 0x0, 0x0, 0xd, 0x90, 0x0, 0x0,
    0x4e, 0x10, 0x0, 0x0, 0x0, 0x0, 0x0, 0x0,
    0x9e, 0x0, 0x0, 0x0, 0x9e, 0x0, 0x0, 0x0,
    0x9e, 0x0, 0x0, 0x0, 0x9e, 0x0, 0x0, 0x0,
    0x9e, 0x0, 0x0, 0x0, 0x9e, 0x0, 0x0, 0x0,
    0x9e, 0x0, 0x0, 0x0, 0x9e, 0x0, 0x0, 0x0,
    0x9e, 0x0, 0x0, 0x0, 0x9e, 0x0, 0x0, 0x0,
    0x9e, 0x55, 0x55, 0x51, 0x9f, 0xff, 0xff, 0xf4,

    /* U+013A "ĺ" */
    0x5, 0x61, 0xf6, 0x7c, 0x0, 0x0, 0xca, 0xc,
    0xa0, 0xca, 0xc, 0xa0, 0xca, 0xc, 0xa0, 0xca,
    0xc, 0xa0, 0xca, 0xc, 0xa0, 0xca, 0xc, 0xa0,

    /* U+013B "Ļ" */
    0x9e, 0x0, 0x0, 0x0, 0x9e, 0x0, 0x0, 0x0,
    0x9e, 0x0, 0x0, 0x0, 0x9e, 0x0, 0x0, 0x0,
    0x9e, 0x0, 0x0, 0x0, 0x9e, 0x0, 0x0, 0x0,
    0x9e, 0x0, 0x0, 0x0, 0x9e, 0x0, 0x0, 0x0,
    0x9e, 0x0, 0x0, 0x0, 0x9e, 0x0, 0x0, 0x0,
    0x9e, 0x55, 0x55, 0x51, 0x9f, 0xff, 0xff, 0xf4,
    0x0, 0x0, 0x0, 0x0, 0x0, 0xf, 0x60, 0x0,
    0x0, 0x3f, 0x10, 0x0, 0x0, 0x6b, 0x0, 0x0,

    /* U+013C "ļ" */
    0xc, 0xa0, 0xca, 0xc, 0xa0, 0xca, 0xc, 0xa0,
    0xca, 0xc, 0xa0, 0xca, 0xc, 0xa0, 0xca, 0xc,
    0xa0, 0xca, 0x0, 0x0, 0xe7, 0x1f, 0x25, 0xc0,

    /* U+013D "Ľ" */
    0x0, 0x0, 0x0, 0x0, 0x9e, 0x2, 0xf3, 0x0,
    0x9e, 0x2, 0xf0, 0x0, 0x9e, 0x2, 0xe0, 0x0,
    0x9e, 0x0, 0x0, 0x0, 0x9e, 0x0, 0x0, 0x0,
    0x9e, 0x0, 0x0, 0x0, 0x9e, 0x0, 0x0, 0x0,
    0x9e, 0x0, 0x0, 0x0, 0x9e, 0x0, 0x0, 0x0,
    0x9e, 0x0, 0x0, 0x0, 0x9e, 0x55, 0x55, 0x51,
    0x9f, 0xff, 0xff, 0xf4,

    /* U+013E "ľ" */
    0x0, 0x0, 0xc, 0xa3, 0xf1, 0xca, 0x3f, 0xc,
    0xa3, 0xd0, 0xca, 0x0, 0xc, 0xa0, 0x0, 0xca,
    0x0, 0xc, 0xa0, 0x0, 0xca, 0x0, 0xc, 0xa0,
    0x0, 0xca, 0x0, 0xc, 0xa0, 0x0, 0xca, 0x0,
    0x0,

    /* U+013F "Ŀ" */
    0x9e, 0x0, 0x0, 0x0, 0x9e, 0x0, 0x0, 0x0,
    0x9e, 0x0, 0x0, 0x0, 0x9e, 0x0, 0x0, 0x0,
    0x9e, 0x3, 0xd4, 0x0, 0x9e, 0x4, 0xf5, 0x0,
    0x9e, 0x0, 0x0, 0x0, 0x9e, 0x0, 0x0, 0x0,
    0x9e, 0x0, 0x0, 0x0, 0x9e, 0x0, 0x0, 0x0,
    0x9e, 0x55, 0x55, 0x51, 0x9f, 0xff, 0xff, 0xf4,

    /* U+0140 "ŀ" */
    0xca, 0x0, 0xc, 0xa0, 0x0, 0xca, 0x0, 0xc,
    0xa0, 0x0, 0xca, 0x0, 0xc, 0xa2, 0xe7, 0xca,
    0x3f, 0x9c, 0xa0, 0x10, 0xca, 0x0, 0xc, 0xa0,
    0x0, 0xca, 0x0, 0xc, 0xa0, 0x0,

    /* U+0141 "Ł" */
    0x2, 0xf5, 0x0, 0x0, 0x0, 0x2f, 0x50, 0x0,
    0x0, 0x2, 0xf5, 0x0, 0x0, 0x0, 0x2f, 0x51,
    0xa3, 0x0, 0x2, 0xfd, 0xfd, 0x10, 0x0, 0x6f,
    0xf7, 0x0, 0x0, 0x7f, 0xf7, 0x0, 0x0, 0x7,
    0x5f, 0x50, 0x0, 0x0, 0x2, 0xf5, 0x0, 0x0,
    0x0, 0x2f, 0x50, 0x0, 0x0, 0x2, 0xf9, 0x55,
    0x55, 0x30, 0x2f, 0xff, 0xff, 0xfc,

    /* U+0142 "ł" */
    0x0, 0xca, 0x0, 0xc, 0xa0, 0x0, 0xca, 0x0,
    0xc, 0xdb, 0x1, 0xff, 0x71, 0xef, 0xc0, 0x4,
    0xca, 0x0, 0xc, 0xa0, 0x0, 0xca, 0x0, 0xc,
    0xa0, 0x0, 0xca, 0x0, 0xc, 0xa0,

    /* U+0143 "Ń" */
    0x0, 0x0, 0x4, 0x70, 0x0, 0x0, 0x0, 0xe,
    0x70, 0x0, 0x0, 0x0, 0x5d, 0x0, 0x0, 0x0,
    0x0, 0x0, 0x0, 0x0, 0x9f, 0x70, 0x0, 0x0,
    0xda, 0x9f, 0xf1, 0x0, 0x0, 0xda, 0x9d, 0xdb,
    0x0, 0x0, 0xda, 0x9d, 0x5f, 0x50, 0x0, 0xda,
    0x9e, 0xb, 0xe0, 0x0, 0xda, 0x9e, 0x2, 0xf8,
    0x0, 0xda, 0x9e, 0x0, 0x8f, 0x20, 0xda, 0x9e,
    0x0, 0xd, 0xc0, 0xda, 0x9e, 0x0, 0x4, 0xf6,
    0xca, 0x9e, 0x0, 0x0, 0xae, 0xca, 0x9e, 0x0,
    0x0, 0x1f, 0xfa, 0x9e, 0x0, 0x0, 0x6, 0xfa,

    /* U+0144 "ń" */
    0x0, 0x0, 0x75, 0x0, 0x0, 0x3, 0xf3, 0x0,
    0x0, 0xa, 0x90, 0x0, 0x0, 0x0, 0x0, 0x0,
    0xc9, 0x6e, 0xfb, 0x20, 0xcd, 0xa3, 0x5e, 0xc0,
    0xcd, 0x0, 0x5, 0xf1, 0xca, 0x0, 0x3, 0xf3,
    0xca, 0x0, 0x3, 0xf3, 0xca, 0x0, 0x3, 0xf3,
    0xca, 0x0, 0x3, 0xf3, 0xca, 0x0, 0x3, 0xf3,
    0xca, 0x0, 0x3, 0xf3,

    /* U+0145 "Ņ" */
    0x9f, 0x70, 0x0, 0x0, 0xda, 0x9f, 0xf1, 0x0,
    0x0, 0xda, 0x9d, 0xdb, 0x0, 0x0, 0xda, 0x9d,
    0x5f, 0x50, 0x0, 0xda, 0x9e, 0xb, 0xe0, 0x0,
    0xda, 0x9e, 0x2, 0xf8, 0x0, 0xda, 0x9e, 0x0,
    0x8f, 0x20, 0xda, 0x9e, 0x0, 0xd, 0xc0, 0xda,
    0x9e, 0x0, 0x4, 0xf6, 0xca, 0x9e, 0x0, 0x0,
    0xae, 0xca, 0x9e, 0x0, 0x0, 0x1f, 0xfa, 0x9e,
    0x0, 0x0, 0x6, 0xfa, 0x0, 0x0, 0x0, 0x0,
    0x0, 0x0, 0x0, 0xc9, 0x0, 0x0, 0x0, 0x0,
    0xf3, 0x0, 0x0, 0x0, 0x3, 0xe0, 0x0, 0x0,

    /* U+0146 "ņ" */
    0xc9, 0x6e, 0xfb, 0x20, 0xcd, 0xa3, 0x5e, 0xc0,
    0xcd, 0x0, 0x5, 0xf1, 0xca, 0x0, 0x3, 0xf3,
    0xca, 0x0, 0x3, 0xf3, 0xca, 0x0, 0x3, 0xf3,
    0xca, 0x0, 0x3, 0xf3, 0xca, 0x0, 0x3, 0xf3,
    0xca, 0x0, 0x3, 0xf3, 0x0, 0x0, 0x0, 0x0,
    0x0, 0x1f, 0x40, 0x0, 0x0, 0x5e, 0x0, 0x0,
    0x0, 0x89, 0x0, 0x0,

    /* U+0147 "Ň" */
    0x0, 0x27, 0x0, 0x73, 0x0, 0x0, 0xb, 0x99,
    0xd0, 0x0, 0x0, 0x1, 0xef, 0x20, 0x0, 0x0,
    0x0, 0x0, 0x0, 0x0, 0x9f, 0x70, 0x0, 0x0,
    0xda, 0x9f, 0xf1, 0x0, 0x0, 0xda, 0x9d, 0xdb,
    0x0, 0x0, 0xda, 0x9d, 0x5f, 0x50, 0x0, 0xda,
    0x9e, 0xb, 0xe0, 0x0, 0xda, 0x9e, 0x2, 0xf8,
    0x0, 0xda, 0x9e, 0x0, 0x8f, 0x20, 0xda, 0x9e,
    0x0, 0xd, 0xc0, 0xda, 0x9e, 0x0, 0x4, 0xf6,
    0xca, 0x9e, 0x0, 0x0, 0xae, 0xca, 0x9e, 0x0,
    0x0, 0x1f, 0xfa, 0x9e, 0x0, 0x0, 0x6, 0xfa,

    /* U+0148 "ň" */
    0x3, 0x40, 0x16, 0x0, 0x1, 0xe6, 0xd8, 0x0,
    0x0, 0x3b, 0x80, 0x0, 0x0, 0x0, 0x0, 0x0,
    0xc9, 0x6e, 0xfb, 0x20, 0xcd, 0xa3, 0x5e, 0xc0,
    0xcd, 0x0, 0x5, 0xf1, 0xca, 0x0, 0x3, 0xf3,
    0xca, 0x0, 0x3, 0xf3, 0xca, 0x0, 0x3, 0xf3,
    0xca, 0x0, 0x3, 0xf3, 0xca, 0x0, 0x3, 0xf3,
    0xca, 0x0, 0x3, 0xf3,

    /* U+014A "Ŋ" */
    0x9f, 0x70, 0x0, 0x0, 0xda, 0x9f, 0xf1, 0x0,
    0x0, 0xda, 0x9d, 0xdb, 0x0, 0x0, 0xda, 0x9d,
    0x5f, 0x50, 0x0, 0xda, 0x9e, 0xb, 0xe0, 0x0,
    0xda, 0x9e, 0x2, 0xf8, 0x0, 0xda, 0x9e, 0x0,
    0x8f, 0x20, 0xda, 0x9e, 0x0, 0xd, 0xc0, 0xda,
    0x9e, 0x0, 0x4, 0xf6, 0xca, 0x9e, 0x0, 0x0,
    0xae, 0xca, 0x9e, 0x0, 0x0, 0x1f, 0xfa, 0x9e,
    0x0, 0x0, 0x6, 0xfb, 0x0, 0x0, 0x0, 0x0,
    0xcb, 0x0, 0x0, 0x0, 0x15, 0xea, 0x0, 0x0,
    0x0, 0x5f, 0xc2,

    /* U+014B "ŋ" */
    0xc9, 0x6e, 0xfb, 0x20, 0xcd, 0xa3, 0x5e, 0xc0,
    0xcd, 0x0, 0x5, 0xf1, 0xca, 0x0, 0x3, 0xf3,
    0xca, 0x0, 0x3, 0xf3, 0xca, 0x0, 0x3, 0xf3,
    0xca, 0x0, 0x3, 0xf3, 0xca, 0x0, 0x3, 0xf3,
    0xca, 0x0, 0x3, 0xf3, 0x0, 0x0, 0x3, 0xf3,
    0x0, 0x0, 0x49, 0xf2, 0x0, 0x0, 0xde, 0x80,

    /* U+014C "Ō" */
    0x0, 0x0, 0xff, 0xff, 0x40, 0x0, 0x0, 0x0,
    0x22, 0x22, 0x0, 0x0, 0x0, 0x0, 0x0, 0x0,
    0x0, 0x0, 0x0, 0x3, 0xbe, 0xfc, 0x60, 0x0,
    0x0, 0x6f, 0xc7, 0x7b, 0xfa, 0x0, 0x2, 0xf9,
    0x0, 0x0, 0x6f, 0x60, 0x9, 0xe0, 0x0, 0x0,
    0xb, 0xd0, 0xe, 0x90, 0x0, 0x0, 0x5, 0xf1,
    0xf, 0x70, 0x0, 0x0, 0x3, 0xf3, 0xf, 0x70,
    0x0, 0x0, 0x3, 0xf3, 0xe, 0x90, 0x0, 0x0,
    0x5, 0xf2, 0x9, 0xe0, 0x0, 0x0, 0xb, 0xd0,
    0x3, 0xf9, 0x0, 0x0, 0x6f, 0x60, 0x0, 0x6f,
    0xc7, 0x7b, 0xfa, 0x0, 0x0, 0x4, 0xbe, 0xfc,
    0x60, 0x0,

    /* U+014D "ō" */
    0x0, 0x6f, 0xff, 0xf0, 0x0, 0x0, 0x22, 0x22,
    0x0, 0x0, 0x0, 0x0, 0x0, 0x0, 0x4, 0xcf,
    0xe9, 0x10, 0x4, 0xfb, 0x56, 0xec, 0x0, 0xcb,
    0x0, 0x2, 0xf6, 0x1f, 0x50, 0x0, 0xc, 0xa2,
    0xf4, 0x0, 0x0, 0xac, 0x1f, 0x50, 0x0, 0xc,
    0xa0, 0xdb, 0x0, 0x2, 0xf6, 0x4, 0xfa, 0x56,
    0xed, 0x0, 0x4, 0xcf, 0xe9, 0x10,

    /* U+014E "Ŏ" */
    0x0, 0x0, 0x70, 0x5, 0x20, 0x0, 0x0, 0x0,
    0xe3, 0x1e, 0x30, 0x0, 0x0, 0x0, 0x4e, 0xf7,
    0x0, 0x0, 0x0, 0x0, 0x0, 0x0, 0x0, 0x0,
    0x0, 0x3, 0xbe, 0xfc, 0x60, 0x0, 0x0, 0x6f,
    0xc7, 0x7b, 0xfa, 0x0, 0x2, 0xf9, 0x0, 0x0,
    0x6f, 0x60, 0x9, 0xe0, 0x0, 0x0, 0xb, 0xd0,
    0xe, 0x90, 0x0, 0x0, 0x5, 0xf1, 0xf, 0x70,
    0x0, 0x0, 0x3, 0xf3, 0xf, 0x70, 0x0, 0x0,
    0x3, 0xf3, 0xe, 0x90, 0x0, 0x0, 0x5, 0xf2,
    0x9, 0xe0, 0x0, 0x0, 0xb, 0xd0, 0x3, 0xf9,
    0x0, 0x0, 0x6f, 0x60, 0x0, 0x6f, 0xc7, 0x7b,
    0xfa, 0x0, 0x0, 0x4, 0xbe, 0xfc, 0x60, 0x0,

    /* U+014F "ŏ" */
    0x0, 0x34, 0x0, 0x70, 0x0, 0x4, 0xd0, 0x4d,
    0x0, 0x0, 0x8, 0xfe, 0x30, 0x0, 0x0, 0x0,
    0x0, 0x0, 0x0, 0x4c, 0xfe, 0x91, 0x0, 0x4f,
    0xb5, 0x6e, 0xc0, 0xc, 0xb0, 0x0, 0x2f, 0x61,
    0xf5, 0x0, 0x0, 0xca, 0x2f, 0x40, 0x0, 0xa,
    0xc1, 0xf5, 0x0, 0x0, 0xca, 0xd, 0xb0, 0x0,
    0x2f, 0x60, 0x4f, 0xa5, 0x6e, 0xd0, 0x0, 0x4c,
    0xfe, 0x91, 0x0,

    /* U+0150 "Ő" */
    0x0, 0x0, 0x25, 0x3, 0x50, 0x0, 0x0, 0x0,
    0xca, 0xe, 0x70, 0x0, 0x0, 0x2, 0xf1, 0x8b,
    0x0, 0x0, 0x0, 0x0, 0x0, 0x0, 0x0, 0x0,
    0x0, 0x3, 0xbe, 0xfc, 0x60, 0x0, 0x0, 0x6f,
    0xc7, 0x7b, 0xfa, 0x0, 0x2, 0xf9, 0x0, 0x0,
    0x6f, 0x60, 0x9, 0xe0, 0x0, 0x0, 0xb, 0xd0,
    0xe, 0x90, 0x0, 0x0, 0x5, 0xf1, 0xf, 0x70,
    0x0, 0x0, 0x3, 0xf3, 0xf, 0x70, 0x0, 0x0,
    0x3, 0xf3, 0xe, 0x90, 0x0, 0x0, 0x5, 0xf2,
    0x9, 0xe0, 0x0, 0x0, 0xb, 0xd0, 0x3, 0xf9,
    0x0, 0x0, 0x6f, 0x60, 0x0, 0x6f, 0xc7, 0x7b,
    0xfa, 0x0, 0x0, 0x4, 0xbe, 0xfc, 0x60, 0x0,

    /* U+0151 "ő" */
    0x0, 0x4, 0x30, 0x53, 0x0, 0x1, 0xf4, 0x4f,
    0x20, 0x0, 0x7b, 0xd, 0x60, 0x0, 0x0, 0x0,
    0x0, 0x0, 0x0, 0x4c, 0xfe, 0x91, 0x0, 0x4f,
    0xb5, 0x6e, 0xc0, 0xc, 0xb0, 0x0, 0x2f, 0x61,
    0xf5, 0x0, 0x0, 0xca, 0x2f, 0x40, 0x0, 0xa,
    0xc1, 0xf5, 0x0, 0x0, 0xca, 0xd, 0xb0, 0x0,
    0x2f, 0x60, 0x4f, 0xa5, 0x6e, 0xd0, 0x0, 0x4c,
    0xfe, 0x91, 0x0,

    /* U+0152 "Œ" */
    0x0, 0x3, 0xbe, 0xff, 0xff, 0xff, 0xff, 0xf0,
    0x0, 0x6f, 0xc6, 0x56, 0xf9, 0x55, 0x55, 0x50,
    0x2, 0xf9, 0x0, 0x2, 0xf5, 0x0, 0x0, 0x0,
    0x9, 0xe0, 0x0, 0x2, 0xf5, 0x0, 0x0, 0x0,
    0xe, 0x90, 0x0, 0x2, 0xf6, 0x11, 0x11, 0x0,
    0xf, 0x70, 0x0, 0x2, 0xff, 0xff, 0xff, 0x90,
    0xf, 0x70, 0x0, 0x2, 0xf8, 0x44, 0x44, 0x20,
    0xe, 0x90, 0x0, 0x2, 0xf5, 0x0, 0x0, 0x0,
    0x9, 0xe0, 0x0, 0x2, 0xf5, 0x0, 0x0, 0x0,
    0x2, 0xf9, 0x0, 0x2, 0xf5, 0x0, 0x0, 0x0,
    0x0, 0x6f, 0xc6, 0x56, 0xf9, 0x55, 0x55, 0x50,
    0x0, 0x3, 0xbe, 0xff, 0xff, 0xff, 0xff, 0xf0,

    /* U+0153 "œ" */
    0x0, 0x4c, 0xfe, 0x91, 0x7, 0xdf, 0xc5, 0x0,
    0x4, 0xfb, 0x56, 0xec, 0x9f, 0x75, 0x9f, 0x50,
    0xc, 0xb0, 0x0, 0x2f, 0xf6, 0x0, 0xa, 0xe0,
    0x1f, 0x50, 0x0, 0xf, 0xf0, 0x0, 0x5, 0xf2,
    0x2f, 0x40, 0x0, 0xf, 0xff, 0xff, 0xff, 0xf3,
    0x1f, 0x50, 0x0, 0xf, 0xf3, 0x33, 0x33, 0x30,
    0xd, 0xb0, 0x0, 0x2f, 0xf4, 0x0, 0x3, 0x40,
    0x4, 0xfa, 0x56, 0xed, 0x9f, 0x85, 0x7e, 0xb0,
    0x0, 0x4c, 0xfe, 0x91, 0x7, 0xdf, 0xe8, 0x0,

    /* U+0154 "Ŕ" */
    0x0, 0x0, 0x47, 0x0, 0x0, 0x0, 0xd, 0x80,
    0x0, 0x0, 0x5, 0xe0, 0x0, 0x0, 0x0, 0x0,
    0x0, 0x0, 0x9f, 0xff, 0xfe, 0x80, 0x9, 0xe5,
    0x55, 0x8f, 0xb0, 0x9e, 0x0, 0x0, 0x6f, 0x29,
    0xe0, 0x0, 0x2, 0xf5, 0x9e, 0x0, 0x0, 0x4f,
    0x39, 0xe1, 0x11, 0x4d, 0xe0, 0x9f, 0xff, 0xff,
    0xd2, 0x9, 0xe4, 0x45, 0xf7, 0x0, 0x9e, 0x0,
    0xb, 0xe0, 0x9, 0xe0, 0x0, 0x3f, 0x80, 0x9e,
    0x0, 0x0, 0xaf, 0x19, 0xe0, 0x0, 0x2, 0xf8,

    /* U+0155 "ŕ" */
    0x0, 0x28, 0x10, 0xa, 0xc0, 0x1, 0xf3, 0x0,
    0x0, 0x0, 0xc9, 0x8e, 0xac, 0xeb, 0x53, 0xcd,
    0x0, 0xc, 0xa0, 0x0, 0xca, 0x0, 0xc, 0xa0,
    0x0, 0xca, 0x0, 0xc, 0xa0, 0x0, 0xca, 0x0,
    0x0,

    /* U+0156 "Ŗ" */
    0x9f, 0xff, 0xfe, 0x80, 0x9, 0xe5, 0x55, 0x8f,
    0xb0, 0x9e, 0x0, 0x0, 0x6f, 0x29, 0xe0, 0x0,
    0x2, 0xf5, 0x9e, 0x0, 0x0, 0x4f, 0x39, 0xe1,
    0x11, 0x4d, 0xe0, 0x9f, 0xff, 0xff, 0xd2, 0x9,
    0xe4, 0x45, 0xf7, 0x0, 0x9e, 0x0, 0xb, 0xe0,
    0x9, 0xe0, 0x0, 0x3f, 0x80, 0x9e, 0x0, 0x0,
    0xaf, 0x19, 0xe0, 0x0, 0x2, 0xf8, 0x0, 0x0,
    0x0, 0x0, 0x0, 0x0, 0x8d, 0x0, 0x0, 0x0,
    0xc, 0x70, 0x0, 0x0, 0x0, 0xf2, 0x0, 0x0,

    /* U+0157 "ŗ" */
    0xc, 0x98, 0xea, 0xc, 0xeb, 0x53, 0xc, 0xd0,
    0x0, 0xc, 0xa0, 0x0, 0xc, 0xa0, 0x0, 0xc,
    0xa0, 0x0, 0xc, 0xa0, 0x0, 0xc, 0xa0, 0x0,
    0xc, 0xa0, 0x0, 0x0, 0x0, 0x0, 0xe, 0x70,
    0x0, 0x1f, 0x20, 0x0, 0x5c, 0x0, 0x0,

    /* U+0158 "Ř" */
    0x1, 0x71, 0x7, 0x30, 0x0, 0xa, 0xa8, 0xd0,
    0x0, 0x0, 0x1e, 0xf2, 0x0, 0x0, 0x0, 0x0,
    0x0, 0x0, 0x9f, 0xff, 0xfe, 0x80, 0x9, 0xe5,
    0x55, 0x8f, 0xb0, 0x9e, 0x0, 0x0, 0x6f, 0x29,
    0xe0, 0x0, 0x2, 0xf5, 0x9e, 0x0, 0x0, 0x4f,
    0x39, 0xe1, 0x11, 0x4d, 0xe0, 0x9f, 0xff, 0xff,
    0xd2, 0x9, 0xe4, 0x45, 0xf7, 0x0, 0x9e, 0x0,
    0xb, 0xe0, 0x9, 0xe0, 0x0, 0x3f, 0x80, 0x9e,
    0x0, 0x0, 0xaf, 0x19, 0xe0, 0x0, 0x2, 0xf8,

    /* U+0159 "ř" */
    0x7, 0x30, 0x55, 0x6, 0xd5, 0xf2, 0x0, 0xbf,
    0x60, 0x0, 0x0, 0x0, 0xc, 0x98, 0xea, 0xc,
    0xeb, 0x53, 0xc, 0xd0, 0x0, 0xc, 0xa0, 0x0,
    0xc, 0xa0, 0x0, 0xc, 0xa0, 0x0, 0xc, 0xa0,
    0x0, 0xc, 0xa0, 0x0, 0xc, 0xa0, 0x0,

    /* U+015A "Ś" */
    0x0, 0x0, 0x4, 0x70, 0x0, 0x0, 0x0, 0xd,
    0x90, 0x0, 0x0, 0x0, 0x4e, 0x0, 0x0, 0x0,
    0x0, 0x0, 0x0, 0x0, 0x0, 0x2a, 0xef, 0xd7,
    0x0, 0x2, 0xfd, 0x65, 0x9f, 0x90, 0xa, 0xe0,
    0x0, 0x7, 0xf1, 0xb, 0xc0, 0x0, 0x0, 0x10,
    0x6, 0xf8, 0x10, 0x0, 0x0, 0x0, 0x8f, 0xfb,
    0x61, 0x0, 0x0, 0x1, 0x6a, 0xff, 0x50, 0x0,
    0x0, 0x0, 0xa, 0xf2, 0x4, 0x10, 0x0, 0x1,
    0xf5, 0xe, 0xb0, 0x0, 0x6, 0xf3, 0x6, 0xfc,
    0x76, 0x9f, 0xb0, 0x0, 0x4b, 0xef, 0xd7, 0x0,

    /* U+015B "ś" */
    0x0, 0x0, 0x28, 0x10, 0x0, 0x0, 0xac, 0x0,
    0x0, 0x1, 0xf2, 0x0, 0x0, 0x0, 0x0, 0x0,
    0x0, 0x8e, 0xfd, 0x40, 0x9, 0xe6, 0x49, 0xf2,
    0xd, 0x90, 0x0, 0x51, 0x9, 0xf7, 0x20, 0x0,
    0x0, 0x8e, 0xfe, 0x70, 0x0, 0x0, 0x27, 0xf6,
    0x7, 0x30, 0x0, 0xe9, 0xc, 0xd5, 0x49, 0xf5,
    0x1, 0xae, 0xfc, 0x50,

    /* U+015C "Ŝ" */
    0x0, 0x0, 0x67, 0x0, 0x0, 0x0, 0x7, 0xda,
    0xb0, 0x0, 0x0, 0x17, 0x10, 0x73, 0x0, 0x0,
    0x0, 0x0, 0x0, 0x0, 0x0, 0x2a, 0xef, 0xd7,
    0x0, 0x2, 0xfd, 0x65, 0x9f, 0x90, 0xa, 0xe0,
    0x0, 0x7, 0xf1, 0xb, 0xc0, 0x0, 0x0, 0x10,
    0x6, 0xf8, 0x10, 0x0, 0x0, 0x0, 0x8f, 0xfb,
    0x61, 0x0, 0x0, 0x1, 0x6a, 0xff, 0x50, 0x0,
    0x0, 0x0, 0xa, 0xf2, 0x4, 0x10, 0x0, 0x1,
    0xf5, 0xe, 0xb0, 0x0, 0x6, 0xf3, 0x6, 0xfc,
    0x76, 0x9f, 0xb0, 0x0, 0x4b, 0xef, 0xd7, 0x0,

    /* U+015D "ŝ" */
    0x0, 0x4, 0x71, 0x0, 0x0, 0x5e, 0x8d, 0x10,
    0x0, 0x73, 0x6, 0x40, 0x0, 0x0, 0x0, 0x0,
    0x0, 0x8e, 0xfd, 0x40, 0x9, 0xe6, 0x49, 0xf2,
    0xd, 0x90, 0x0, 0x51, 0x9, 0xf7, 0x20, 0x0,
    0x0, 0x8e, 0xfe, 0x70, 0x0, 0x0, 0x27, 0xf6,
    0x7, 0x30, 0x0, 0xe9, 0xc, 0xd5, 0x49, 0xf5,
    0x1, 0xae, 0xfc, 0x50,

    /* U+015E "Ş" */
    0x0, 0x2a, 0xef, 0xd7, 0x0, 0x2, 0xfd, 0x65,
    0x9f, 0x90, 0xa, 0xe0, 0x0, 0x7, 0xf1, 0xb,
    0xc0, 0x0, 0x0, 0x10, 0x6, 0xf8, 0x10, 0x0,
    0x0, 0x0, 0x8f, 0xfb, 0x61, 0x0, 0x0, 0x1,
    0x6a, 0xff, 0x50, 0x0, 0x0, 0x0, 0xa, 0xf2,
    0x4, 0x10, 0x0, 0x1, 0xf5, 0xe, 0xb0, 0x0,
    0x6, 0xf3, 0x6, 0xfc, 0x76, 0x9f, 0xb0, 0x0,
    0x4b, 0xff, 0xd7, 0x0, 0x0, 0x0, 0x5c, 0x40,
    0x0, 0x0, 0x0, 0x15, 0xf0, 0x0, 0x0, 0x0,
    0x9d, 0xa0, 0x0,

    /* U+015F "ş" */
    0x0, 0x8e, 0xfd, 0x40, 0x9, 0xe6, 0x49, 0xf2,
    0xd, 0x90, 0x0, 0x51, 0x9, 0xf7, 0x20, 0x0,
    0x0, 0x8e, 0xfe, 0x70, 0x0, 0x0, 0x27, 0xf6,
    0x7, 0x30, 0x0, 0xe9, 0xc, 0xd5, 0x49, 0xf5,
    0x1, 0xaf, 0xfc, 0x50, 0x0, 0x3, 0xd5, 0x0,
    0x0, 0x0, 0x3f, 0x10, 0x0, 0x7, 0xdc, 0x0,

    /* U+0160 "Š" */
    0x0, 0x17, 0x10, 0x73, 0x0, 0x0, 0x7, 0xda,
    0xb0, 0x0, 0x0, 0x0, 0x67, 0x0, 0x0, 0x0,
    0x0, 0x0, 0x0, 0x0, 0x0, 0x2a, 0xef, 0xd7,
    0x0, 0x2, 0xfd, 0x65, 0x9f, 0x90, 0xa, 0xe0,
    0x0, 0x7, 0xf1, 0xb, 0xc0, 0x0, 0x0, 0x10,
    0x6, 0xf8, 0x10, 0x0, 0x0, 0x0, 0x8f, 0xfb,
    0x61, 0x0, 0x0, 0x1, 0x6a, 0xff, 0x50, 0x0,
    0x0, 0x0, 0xa, 0xf2, 0x4, 0x10, 0x0, 0x1,
    0xf5, 0xe, 0xb0, 0x0, 0x6, 0xf3, 0x6, 0xfc,
    0x76, 0x9f, 0xb0, 0x0, 0x4b, 0xef, 0xd7, 0x0,

    /* U+0161 "š" */
    0x0, 0x73, 0x6, 0x50, 0x0, 0x4e, 0x8d, 0x10,
    0x0, 0x4, 0x71, 0x0, 0x0, 0x0, 0x0, 0x0,
    0x0, 0x8e, 0xfd, 0x40, 0x9, 0xe6, 0x49, 0xf2,
    0xd, 0x90, 0x0, 0x51, 0x9, 0xf7, 0x20, 0x0,
    0x0, 0x8e, 0xfe, 0x70, 0x0, 0x0, 0x27, 0xf6,
    0x7, 0x30, 0x0, 0xe9, 0xc, 0xd5, 0x49, 0xf5,
    0x1, 0xae, 0xfc, 0x50,

    /* U+0162 "Ţ" */
    0x3f, 0xff, 0xff, 0xff, 0xf9, 0x15, 0x55, 0xbf,
    0x55, 0x52, 0x0, 0x0, 0x9e, 0x0, 0x0, 0x0,
    0x0, 0x9e, 0x0, 0x0, 0x0, 0x0, 0x9e, 0x0,
    0x0, 0x0, 0x0, 0x9e, 0x0, 0x0, 0x0, 0x0,
    0x9e, 0x0, 0x0, 0x0, 0x0, 0x9e, 0x0, 0x0,
    0x0, 0x0, 0x9e, 0x0, 0x0, 0x0, 0x0, 0x9e,
    0x0, 0x0, 0x0, 0x0, 0x9e, 0x0, 0x0, 0x0,
    0x0, 0xaf, 0x0, 0x0, 0x0, 0x0, 0x4b, 0x20,
    0x0, 0x0, 0x0, 0x15, 0xf0, 0x0, 0x0, 0x0,
    0x9d, 0xa0, 0x0,

    /* U+0163 "ţ" */
    0x4, 0x70, 0x0, 0x8, 0xe0, 0x0, 0x8, 0xe0,
    0x0, 0xdf, 0xff, 0xa0, 0x2a, 0xe3, 0x20, 0x8,
    0xe0, 0x0, 0x8, 0xe0, 0x0, 0x8, 0xe0, 0x0,
    0x8, 0xe0, 0x0, 0x8, 0xe0, 0x0, 0x6, 0xf6,
    0x30, 0x0, 0xaf, 0xc0, 0x0, 0x1d, 0x50, 0x0,
    0x3, 0xe2, 0x0, 0x6d, 0xc0,

    /* U+0164 "Ť" */
    0x0, 0x17, 0x10, 0x74, 0x0, 0x0, 0x9, 0xb6,
    0xe1, 0x0, 0x0, 0x0, 0xdf, 0x30, 0x0, 0x0,
    0x0, 0x0, 0x0, 0x0, 0x3f, 0xff, 0xff, 0xff,
    0xf9, 0x15, 0x55, 0xbf, 0x55, 0x52, 0x0, 0x0,
    0x9e, 0x0, 0x0, 0x0, 0x0, 0x9e, 0x0, 0x0,
    0x0, 0x0, 0x9e, 0x0, 0x0, 0x0, 0x0, 0x9e,
    0x0, 0x0, 0x0, 0x0, 0x9e, 0x0, 0x0, 0x0,
    0x0, 0x9e, 0x0, 0x0, 0x0, 0x0, 0x9e, 0x0,
    0x0, 0x0, 0x0, 0x9e, 0x0, 0x0, 0x0, 0x0,
    0x9e, 0x0, 0x0, 0x0, 0x0, 0x9e, 0x0, 0x0,

    /* U+0165 "ť" */
    0x0, 0x3, 0xf1, 0x0, 0x3, 0xf0, 0x8, 0xe3,
    0xd0, 0x8, 0xe0, 0x0, 0xdf, 0xff, 0xa0, 0x2a,
    0xe3, 0x20, 0x8, 0xe0, 0x0, 0x8, 0xe0, 0x0,
    0x8, 0xe0, 0x0, 0x8, 0xe0, 0x0, 0x8, 0xe0,
    0x0, 0x6, 0xf6, 0x30, 0x0, 0x9f, 0xc0,

    /* U+0166 "Ŧ" */
    0x3f, 0xff, 0xff, 0xff, 0xf9, 0x15, 0x55, 0xbf,
    0x55, 0x52, 0x0, 0x0, 0x9e, 0x0, 0x0, 0x0,
    0x0, 0x9e, 0x0, 0x0, 0x0, 0x0, 0x9f, 0x0,
    0x0, 0x0, 0xff, 0xff, 0xff, 0x50, 0x0, 0x33,
    0xcf, 0x33, 0x10, 0x0, 0x0, 0x9e, 0x0, 0x0,
    0x0, 0x0, 0x9e, 0x0, 0x0, 0x0, 0x0, 0x9e,
    0x0, 0x0, 0x0, 0x0, 0x9e, 0x0, 0x0, 0x0,
    0x0, 0x9e, 0x0, 0x0,

    /* U+0167 "ŧ" */
    0x8, 0xe0, 0x0, 0x8e, 0x0, 0xdf, 0xff, 0xa2,
    0xae, 0x32, 0x8, 0xe0, 0xd, 0xff, 0xfa, 0x2a,
    0xe3, 0x20, 0x8e, 0x0, 0x8, 0xe0, 0x0, 0x6f,
    0x63, 0x0, 0xaf, 0xc0,

    /* U+0168 "Ũ" */
    0x0, 0x1d, 0xee, 0xd1, 0x0, 0x0, 0x1, 0x11,
    0x0, 0x0, 0x0, 0x0, 0x0, 0x0, 0x0, 0x9e,
    0x0, 0x0, 0x0, 0xf8, 0x9e, 0x0, 0x0, 0x0,
    0xf8, 0x9e, 0x0, 0x0, 0x0, 0xf8, 0x9e, 0x0,
    0x0, 0x0, 0xf8, 0x9e, 0x0, 0x0, 0x0, 0xf8,
    0x9e, 0x0, 0x0, 0x0, 0xf8, 0x9e, 0x0, 0x0,
    0x0, 0xf8, 0x9e, 0x0, 0x0, 0x0, 0xf7, 0x8f,
    0x0, 0x0, 0x1, 0xf6, 0x3f, 0x80, 0x0, 0x9,
    0xf2, 0x9, 0xfb, 0x77, 0xcf, 0x70, 0x0, 0x6c,
    0xff, 0xc5, 0x0,

    /* U+0169 "ũ" */
    0x4, 0xff, 0xfb, 0x0, 0x0, 0x0, 0x0, 0x0,
    0x0, 0x0, 0x0, 0x0, 0xca, 0x0, 0x3, 0xf3,
    0xca, 0x0, 0x3, 0xf3, 0xca, 0x0, 0x3, 0xf3,
    0xca, 0x0, 0x3, 0xf3, 0xca, 0x0, 0x3, 0xf3,
    0xca, 0x0, 0x3, 0xf3, 0xad, 0x0, 0x7, 0xf3,
    0x5f, 0xa5, 0x8c, 0xf3, 0x7, 0xef, 0xb3, 0xf3,

    /* U+016A "Ū" */
    0x0, 0x3f, 0xff, 0xf1, 0x0, 0x0, 0x2, 0x22,
    0x20, 0x0, 0x0, 0x0, 0x0, 0x0, 0x0, 0x9e,
    0x0, 0x0, 0x0, 0xf8, 0x9e, 0x0, 0x0, 0x0,
    0xf8, 0x9e, 0x0, 0x0, 0x0, 0xf8, 0x9e, 0x0,
    0x0, 0x0, 0xf8, 0x9e, 0x0, 0x0, 0x0, 0xf8,
    0x9e, 0x0, 0x0, 0x0, 0xf8, 0x9e, 0x0, 0x0,
    0x0, 0xf8, 0x9e, 0x0, 0x0, 0x0, 0xf7, 0x8f,
    0x0, 0x0, 0x1, 0xf6, 0x3f, 0x80, 0x0, 0x9,
    0xf2, 0x9, 0xfb, 0x77, 0xcf, 0x70, 0x0, 0x6c,
    0xff, 0xc5, 0x0,

    /* U+016B "ū" */
    0x7, 0xff, 0xfe, 0x0, 0x0, 0x22, 0x22, 0x0,
    0x0, 0x0, 0x0, 0x0, 0xca, 0x0, 0x3, 0xf3,
    0xca, 0x0, 0x3, 0xf3, 0xca, 0x0, 0x3, 0xf3,
    0xca, 0x0, 0x3, 0xf3, 0xca, 0x0, 0x3, 0xf3,
    0xca, 0x0, 0x3, 0xf3, 0xad, 0x0, 0x7, 0xf3,
    0x5f, 0xa5, 0x8c, 0xf3, 0x7, 0xef, 0xb3, 0xf3,

    /* U+016C "Ŭ" */
    0x0, 0x26, 0x0, 0x61, 0x0, 0x0, 0x1e, 0x12,
    0xe1, 0x0, 0x0, 0x6, 0xff, 0x50, 0x0, 0x0,
    0x0, 0x0, 0x0, 0x0, 0x9e, 0x0, 0x0, 0x0,
    0xf8, 0x9e, 0x0, 0x0, 0x0, 0xf8, 0x9e, 0x0,
    0x0, 0x0, 0xf8, 0x9e, 0x0, 0x0, 0x0, 0xf8,
    0x9e, 0x0, 0x0, 0x0, 0xf8, 0x9e, 0x0, 0x0,
    0x0, 0xf8, 0x9e, 0x0, 0x0, 0x0, 0xf8, 0x9e,
    0x0, 0x0, 0x0, 0xf7, 0x8f, 0x0, 0x0, 0x1,
    0xf6, 0x3f, 0x80, 0x0, 0x9, 0xf2, 0x9, 0xfb,
    0x77, 0xcf, 0x70, 0x0, 0x6c, 0xff, 0xc5, 0x0,

    /* U+016D "ŭ" */
    0x4, 0x40, 0x7, 0x0, 0x5, 0xc0, 0x5c, 0x0,
    0x0, 0x9f, 0xe2, 0x0, 0x0, 0x0, 0x0, 0x0,
    0xca, 0x0, 0x3, 0xf3, 0xca, 0x0, 0x3, 0xf3,
    0xca, 0x0, 0x3, 0xf3, 0xca, 0x0, 0x3, 0xf3,
    0xca, 0x0, 0x3, 0xf3, 0xca, 0x0, 0x3, 0xf3,
    0xad, 0x0, 0x7, 0xf3, 0x5f, 0xa5, 0x8c, 0xf3,
    0x7, 0xef, 0xb3, 0xf3,

    /* U+016E "Ů" */
    0x0, 0x5, 0xee, 0x40, 0x0, 0x0, 0xf, 0x34,
    0xe0, 0x0, 0x0, 0xf, 0x34, 0xe0, 0x0, 0x0,
    0x5, 0xee, 0x40, 0x0, 0x9e, 0x0, 0x0, 0x0,
    0xf8, 0x9e, 0x0, 0x0, 0x0, 0xf8, 0x9e, 0x0,
    0x0, 0x0, 0xf8, 0x9e, 0x0, 0x0, 0x0, 0xf8,
    0x9e, 0x0, 0x0, 0x0, 0xf8, 0x9e, 0x0, 0x0,
    0x0, 0xf8, 0x9e, 0x0, 0x0, 0x0, 0xf8, 0x9e,
    0x0, 0x0, 0x0, 0xf7, 0x8f, 0x0, 0x0, 0x1,
    0xf6, 0x3f, 0x80, 0x0, 0x9, 0xf2, 0x9, 0xfb,
    0x77, 0xcf, 0x70, 0x0, 0x6c, 0xff, 0xc5, 0x0,

    /* U+016F "ů" */
    0x0, 0x7f, 0xc1, 0x0, 0x3, 0xe1, 0x8a, 0x0,
    0x3, 0xe1, 0x8a, 0x0, 0x0, 0x8f, 0xd1, 0x0,
    0x0, 0x0, 0x0, 0x0, 0xca, 0x0, 0x3, 0xf3,
    0xca, 0x0, 0x3, 0xf3, 0xca, 0x0, 0x3, 0xf3,
    0xca, 0x0, 0x3, 0xf3, 0xca, 0x0, 0x3, 0xf3,
    0xca, 0x0, 0x3, 0xf3, 0xad, 0x0, 0x7, 0xf3,
    0x5f, 0xa5, 0x8c, 0xf3, 0x7, 0xef, 0xb3, 0xf3,

    /* U+0170 "Ű" */
    0x0, 0x3, 0x40, 0x44, 0x0, 0x0, 0xe, 0x72,
    0xf4, 0x0, 0x0, 0x5e, 0xb, 0x80, 0x0, 0x0,
    0x0, 0x0, 0x0, 0x0, 0x9e, 0x0, 0x0, 0x0,
    0xf8, 0x9e, 0x0, 0x0, 0x0, 0xf8, 0x9e, 0x0,
    0x0, 0x0, 0xf8, 0x9e, 0x0, 0x0, 0x0, 0xf8,
    0x9e, 0x0, 0x0, 0x0, 0xf8, 0x9e, 0x0, 0x0,
    0x0, 0xf8, 0x9e, 0x0, 0x0, 0x0, 0xf8, 0x9e,
    0x0, 0x0, 0x0, 0xf7, 0x8f, 0x0, 0x0, 0x1,
    0xf6, 0x3f, 0x80, 0x0, 0x9, 0xf2, 0x9, 0xfb,
    0x77, 0xcf, 0x70, 0x0, 0x6c, 0xff, 0xc5, 0x0,

    /* U+0171 "ű" */
    0x0, 0x53, 0x5, 0x30, 0x2, 0xf3, 0x5e, 0x20,
    0x8, 0xa0, 0xe5, 0x0, 0x0, 0x0, 0x0, 0x0,
    0xca, 0x0, 0x3, 0xf3, 0xca, 0x0, 0x3, 0xf3,
    0xca, 0x0, 0x3, 0xf3, 0xca, 0x0, 0x3, 0xf3,
    0xca, 0x0, 0x3, 0xf3, 0xca, 0x0, 0x3, 0xf3,
    0xad, 0x0, 0x7, 0xf3, 0x5f, 0xa5, 0x8c, 0xf3,
    0x7, 0xef, 0xb3, 0xf3,

    /* U+0172 "Ų" */
    0x9e, 0x0, 0x0, 0x0, 0xf8, 0x9e, 0x0, 0x0,
    0x0, 0xf8, 0x9e, 0x0, 0x0, 0x0, 0xf8, 0x9e,
    0x0, 0x0, 0x0, 0xf8, 0x9e, 0x0, 0x0, 0x0,
    0xf8, 0x9e, 0x0, 0x0, 0x0, 0xf8, 0x9e, 0x0,
    0x0, 0x0, 0xf8, 0x9e, 0x0, 0x0, 0x0, 0xf9,
    0x8f, 0x0, 0x0, 0x1, 0xfd, 0x3f, 0x80, 0x0,
    0x9, 0xf4, 0x9, 0xfb, 0x77, 0xcf, 0xe0, 0x0,
    0x6c, 0xff, 0xf9, 0x0, 0x0, 0x1, 0xc7, 0x0,
    0x0, 0x0, 0x5, 0xf5, 0x20, 0x0, 0x0, 0x1,
    0xcf, 0x90, 0x0,

    /* U+0173 "ų" */
    0xca, 0x0, 0x3, 0xf3, 0xca, 0x0, 0x3, 0xf3,
    0xca, 0x0, 0x3, 0xf3, 0xca, 0x0, 0x3, 0xf3,
    0xca, 0x0, 0x3, 0xf3, 0xca, 0x0, 0x3, 0xf3,
    0xad, 0x0, 0x7, 0xf3, 0x5f, 0xa5, 0x8c, 0xf3,
    0x7, 0xef, 0xb4, 0xf4, 0x0, 0x0, 0x1e, 0x60,
    0x0, 0x0, 0x7f, 0x42, 0x0, 0x0, 0x2d, 0xf7,

    /* U+0174 "Ŵ" */
    0x0, 0x0, 0x0, 0x7, 0x50, 0x0, 0x0, 0x0,
    0x0, 0x0, 0x0, 0x8d, 0xe4, 0x0, 0x0, 0x0,
    0x0, 0x0, 0x4, 0xf2, 0x5e, 0x10, 0x0, 0x0,
    0x0, 0x0, 0x0, 0x0, 0x0, 0x0, 0x0, 0x0,
    0x7f, 0x0, 0x0, 0x1f, 0xd0, 0x0, 0x4, 0xf3,
    0x3f, 0x40, 0x0, 0x5f, 0xf1, 0x0, 0x8, 0xf0,
    0xe, 0x80, 0x0, 0x9b, 0xf5, 0x0, 0xc, 0xb0,
    0xa, 0xc0, 0x0, 0xd8, 0xc9, 0x0, 0xf, 0x60,
    0x6, 0xf0, 0x1, 0xf4, 0x8d, 0x0, 0x4f, 0x20,
    0x2, 0xf4, 0x5, 0xf0, 0x4f, 0x10, 0x8e, 0x0,
    0x0, 0xe8, 0xa, 0xc0, 0xf, 0x60, 0xca, 0x0,
    0x0, 0x9c, 0xe, 0x70, 0xb, 0x90, 0xf5, 0x0,
    0x0, 0x5f, 0x2f, 0x30, 0x7, 0xd4, 0xf1, 0x0,
    0x0, 0x1f, 0x9f, 0x0, 0x3, 0xf9, 0xd0, 0x0,
    0x0, 0xd, 0xeb, 0x0, 0x0, 0xef, 0x90, 0x0,
    0x0, 0x8, 0xf7, 0x0, 0x0, 0xaf, 0x40, 0x0,

    /* U+0175 "ŵ" */
    0x0, 0x0, 0x2, 0x83, 0x0, 0x0, 0x0, 0x0,
    0x0, 0xdc, 0xe1, 0x0, 0x0, 0x0, 0x0, 0xac,
    0xb, 0xb0, 0x0, 0x0, 0x0, 0x0, 0x0, 0x0,
    0x0, 0x0, 0x4f, 0x20, 0x5, 0xf7, 0x0, 0x1f,
    0x60, 0xf7, 0x0, 0x9f, 0xb0, 0x5, 0xf1, 0xb,
    0xb0, 0xd, 0x9f, 0x0, 0x9c, 0x0, 0x6f, 0x1,
    0xf2, 0xf3, 0xe, 0x80, 0x2, 0xf4, 0x6d, 0xb,
    0x72, 0xf3, 0x0, 0xd, 0x89, 0x90, 0x7b, 0x6e,
    0x0, 0x0, 0x8b, 0xd4, 0x3, 0xfa, 0xa0, 0x0,
    0x3, 0xff, 0x0, 0xe, 0xf5, 0x0, 0x0, 0xe,
    0xb0, 0x0, 0xaf, 0x10, 0x0,

    /* U+0176 "Ŷ" */
    0x0, 0x0, 0x38, 0x20, 0x0, 0x0, 0x0, 0x1e,
    0xcc, 0x0, 0x0, 0x0, 0xb, 0xa0, 0xc9, 0x0,
    0x0, 0x0, 0x0, 0x0, 0x0, 0x0, 0x4f, 0x60,
    0x0, 0x0, 0x8f, 0x20, 0xbe, 0x10, 0x0, 0x2f,
    0x80, 0x1, 0xf9, 0x0, 0xb, 0xe0, 0x0, 0x7,
    0xf3, 0x5, 0xf5, 0x0, 0x0, 0xd, 0xc0, 0xdb,
    0x0, 0x0, 0x0, 0x4f, 0xaf, 0x20, 0x0, 0x0,
    0x0, 0xaf, 0x80, 0x0, 0x0, 0x0, 0x5, 0xf2,
    0x0, 0x0, 0x0, 0x0, 0x5f, 0x20, 0x0, 0x0,
    0x0, 0x5, 0xf2, 0x0, 0x0, 0x0, 0x0, 0x5f,
    0x20, 0x0, 0x0, 0x0, 0x5, 0xf2, 0x0, 0x0,

    /* U+0177 "ŷ" */
    0x0, 0x8, 0xf8, 0x0, 0x0, 0x5, 0xf4, 0xf4,
    0x0, 0x0, 0x64, 0x4, 0x60, 0x0, 0x0, 0x0,
    0x0, 0x0, 0x6f, 0x20, 0x0, 0x2f, 0x60, 0xf8,
    0x0, 0x8, 0xf0, 0x9, 0xd0, 0x0, 0xd9, 0x0,
    0x3f, 0x30, 0x3f, 0x30, 0x0, 0xd9, 0x9, 0xd0,
    0x0, 0x7, 0xe0, 0xe7, 0x0, 0x0, 0x1f, 0x8f,
    0x10, 0x0, 0x0, 0xbf, 0xb0, 0x0, 0x0, 0x5,
    0xf4, 0x0, 0x0, 0x0, 0x8e, 0x0, 0x0, 0x3,
    0x5f, 0x70, 0x0, 0x0, 0xbf, 0x90, 0x0, 0x0,

    /* U+0178 "Ÿ" */
    0x0, 0xe, 0x80, 0xac, 0x0, 0x0, 0x0, 0xc6,
    0x8, 0xb0, 0x0, 0x0, 0x0, 0x0, 0x0, 0x0,
    0x4, 0xf6, 0x0, 0x0, 0x8, 0xf2, 0xb, 0xe1,
    0x0, 0x2, 0xf8, 0x0, 0x1f, 0x90, 0x0, 0xbe,
    0x0, 0x0, 0x7f, 0x30, 0x5f, 0x50, 0x0, 0x0,
    0xdc, 0xd, 0xb0, 0x0, 0x0, 0x4, 0xfa, 0xf2,
    0x0, 0x0, 0x0, 0xa, 0xf8, 0x0, 0x0, 0x0,
    0x0, 0x5f, 0x20, 0x0, 0x0, 0x0, 0x5, 0xf2,
    0x0, 0x0, 0x0, 0x0, 0x5f, 0x20, 0x0, 0x0,
    0x0, 0x5, 0xf2, 0x0, 0x0, 0x0, 0x0, 0x5f,
    0x20, 0x0, 0x0,

    /* U+0179 "Ź" */
    0x0, 0x0, 0x4, 0x70, 0x0, 0x0, 0x0, 0xe,
    0x70, 0x0, 0x0, 0x0, 0x5d, 0x0, 0x0, 0x0,
    0x0, 0x0, 0x0, 0x0, 0xf, 0xff, 0xff, 0xff,
    0xf0, 0x5, 0x55, 0x55, 0x5e, 0xc0, 0x0, 0x0,
    0x0, 0x7f, 0x20, 0x0, 0x0, 0x2, 0xf7, 0x0,
    0x0, 0x0, 0xc, 0xc0, 0x0, 0x0, 0x0, 0x7f,
    0x20, 0x0, 0x0, 0x2, 0xf8, 0x0, 0x0, 0x0,
    0xb, 0xd0, 0x0, 0x0, 0x0, 0x6f, 0x30, 0x0,
    0x0, 0x1, 0xf8, 0x0, 0x0, 0x0, 0xb, 0xf5,
    0x55, 0x55, 0x50, 0xf, 0xff, 0xff, 0xff, 0xf1,

    /* U+017A "ź" */
    0x0, 0x0, 0x28, 0x10, 0x0, 0x0, 0xac, 0x0,
    0x0, 0x1, 0xf3, 0x0, 0x0, 0x0, 0x0, 0x0,
    0xd, 0xff, 0xff, 0xfb, 0x5, 0x66, 0x69, 0xf6,
    0x0, 0x0, 0x1e, 0xb0, 0x0, 0x0, 0xbe, 0x10,
    0x0, 0x7, 0xf3, 0x0, 0x0, 0x3f, 0x70, 0x0,
    0x1, 0xec, 0x0, 0x0, 0xb, 0xf7, 0x66, 0x65,
    0xf, 0xff, 0xff, 0xfd,

    /* U+017B "Ż" */
    0x0, 0x0, 0xbc, 0x0, 0x0, 0x0, 0x0, 0x9a,
    0x0, 0x0, 0x0, 0x0, 0x0, 0x0, 0x0, 0xf,
    0xff, 0xff, 0xff, 0xf0, 0x5, 0x55, 0x55, 0x5e,
    0xc0, 0x0, 0x0, 0x0, 0x7f, 0x20, 0x0, 0x0,
    0x2, 0xf7, 0x0, 0x0, 0x0, 0xc, 0xc0, 0x0,
    0x0, 0x0, 0x7f, 0x20, 0x0, 0x0, 0x2, 0xf8,
    0x0, 0x0, 0x0, 0xb, 0xd0, 0x0, 0x0, 0x0,
    0x6f, 0x30, 0x0, 0x0, 0x1, 0xf8, 0x0, 0x0,
    0x0, 0xb, 0xf5, 0x55, 0x55, 0x50, 0xf, 0xff,
    0xff, 0xff, 0xf1,

    /* U+017C "ż" */
    0x0, 0x6, 0xe2, 0x0, 0x0, 0x5, 0xd2, 0x0,
    0x0, 0x0, 0x0, 0x0, 0xd, 0xff, 0xff, 0xfb,
    0x5, 0x66, 0x69, 0xf6, 0x0, 0x0, 0x1e, 0xb0,
    0x0, 0x0, 0xbe, 0x10, 0x0, 0x7, 0xf3, 0x0,
    0x0, 0x3f, 0x70, 0x0, 0x1, 0xec, 0x0, 0x0,
    0xb, 0xf7, 0x66, 0x65, 0xf, 0xff, 0xff, 0xfd,

    /* U+017D "Ž" */
    0x0, 0x27, 0x0, 0x73, 0x0, 0x0, 0xb, 0x99,
    0xd0, 0x0, 0x0, 0x1, 0xef, 0x20, 0x0, 0x0,
    0x0, 0x0, 0x0, 0x0, 0xf, 0xff, 0xff, 0xff,
    0xf0, 0x5, 0x55, 0x55, 0x5e, 0xc0, 0x0, 0x0,
    0x0, 0x7f, 0x20, 0x0, 0x0, 0x2, 0xf7, 0x0,
    0x0, 0x0, 0xc, 0xc0, 0x0, 0x0, 0x0, 0x7f,
    0x20, 0x0, 0x0, 0x2, 0xf8, 0x0, 0x0, 0x0,
    0xb, 0xd0, 0x0, 0x0, 0x0, 0x6f, 0x30, 0x0,
    0x0, 0x1, 0xf8, 0x0, 0x0, 0x0, 0xb, 0xf5,
    0x55, 0x55, 0x50, 0xf, 0xff, 0xff, 0xff, 0xf1,

    /* U+017E "ž" */
    0x0, 0x73, 0x5, 0x50, 0x0, 0x6d, 0x5f, 0x20,
    0x0, 0xb, 0xf6, 0x0, 0x0, 0x0, 0x0, 0x0,
    0xd, 0xff, 0xff, 0xfb, 0x5, 0x66, 0x69, 0xf6,
    0x0, 0x0, 0x1e, 0xb0, 0x0, 0x0, 0xbe, 0x10,
    0x0, 0x7, 0xf3, 0x0, 0x0, 0x3f, 0x70, 0x0,
    0x1, 0xec, 0x0, 0x0, 0xb, 0xf7, 0x66, 0x65,
    0xf, 0xff, 0xff, 0xfd,

    /* U+017F "ſ" */
    0xa, 0xfd, 0x9, 0xf6, 0x40, 0xca, 0x0, 0xc,
    0xa0, 0x0, 0xca, 0x0, 0xc, 0xa0, 0x0, 0xca,
    0x0, 0xc, 0xa0, 0x0, 0xca, 0x0, 0xc, 0xa0,
    0x0, 0xca, 0x0, 0xc, 0xa0, 0x0,

    /* U+2000 " " */

    /* U+2001 " " */

    /* U+2002 " " */

    /* U+2003 " " */

    /* U+2004 " " */

    /* U+2005 " " */

    /* U+2006 " " */

    /* U+2007 " " */

    /* U+2008 " " */

    /* U+2009 " " */

    /* U+200A " " */

    /* U+200B "​" */

    /* U+2010 "‐" */
    0x1, 0x11, 0x10, 0xbf, 0xff, 0xf6, 0x24, 0x44,
    0x41,

    /* U+2011 "‑" */
    0x1, 0x11, 0x10, 0xbf, 0xff, 0xf6, 0x24, 0x44,
    0x41,

    /* U+2012 "‒" */
    0x1, 0x11, 0x11, 0x11, 0x10, 0x4f, 0xff, 0xff,
    0xff, 0xf9, 0x14, 0x44, 0x44, 0x44, 0x42,

    /* U+2013 "–" */
    0x11, 0x11, 0x11, 0x11, 0xff, 0xff, 0xff, 0xff,
    0x44, 0x44, 0x44, 0x44,

    /* U+2014 "—" */
    0x11, 0x11, 0x11, 0x11, 0x11, 0x11, 0x11, 0x11,
    0xff, 0xff, 0xff, 0xff, 0xff, 0xff, 0xff, 0xff,
    0x44, 0x44, 0x44, 0x44, 0x44, 0x44, 0x44, 0x44,

    /* U+2015 "―" */
    0x11, 0x11, 0x11, 0x11, 0x11, 0x11, 0x11, 0x11,
    0xff, 0xff, 0xff, 0xff, 0xff, 0xff, 0xff, 0xff,
    0x44, 0x44, 0x44, 0x44, 0x44, 0x44, 0x44, 0x44,

    /* U+2016 "‖" */
    0x72, 0x45, 0xf4, 0x9a, 0xf4, 0x9a, 0xf4, 0x9a,
    0xf4, 0x9a, 0xf4, 0x9a, 0xf4, 0x9a, 0xf4, 0x9a,
    0xf4, 0x9a, 0xf4, 0x9a, 0xf4, 0x9a, 0xf4, 0x9a,
    0xf4, 0x9a, 0xf4, 0x9a, 0xf4, 0x9a, 0xf4, 0x9a,
    0xf4, 0x9a, 0xf4, 0x9a, 0xf4, 0x9a, 0xf4, 0x9a,

    /* U+2017 "‗" */
    0x0, 0x0, 0x0, 0x0, 0x0, 0xff, 0xff, 0xff,
    0xf4, 0x4, 0x44, 0x44, 0x44, 0x10, 0xff, 0xff,
    0xff, 0xf4, 0x3, 0x33, 0x33, 0x33, 0x0,

    /* U+2018 "‘" */
    0xa, 0x70, 0xe5, 0x3f, 0x27, 0xf0, 0x57, 0x0,

    /* U+2019 "’" */
    0x8, 0x33, 0xf4, 0x5f, 0x8, 0xb0, 0xa7, 0x0,

    /* U+201A "‚" */
    0x3, 0x81, 0x8, 0xf0, 0xa, 0xb0, 0xd, 0x60,
    0xf, 0x20,

    /* U+201B "‛" */
    0x3f, 0x40, 0xf7, 0xb, 0x90, 0x6c, 0x1, 0x70,

    /* U+201C "“" */
    0xa, 0x70, 0xc5, 0xe, 0x51, 0xf3, 0x3f, 0x25,
    0xf0, 0x7f, 0x9, 0xe0, 0x57, 0x6, 0x60,

    /* U+201D "”" */
    0x8, 0x31, 0x82, 0x3f, 0x45, 0xf2, 0x5f, 0x7,
    0xe0, 0x8b, 0xa, 0x90, 0xa7, 0xc, 0x50,

    /* U+201E "„" */
    0x3, 0x81, 0x48, 0x0, 0x8f, 0xa, 0xd0, 0xa,
    0xb0, 0xc9, 0x0, 0xd6, 0xf, 0x40, 0xf, 0x21,
    0xf0, 0x0,

    /* U+201F "‟" */
    0x3f, 0x45, 0xf2, 0xf, 0x71, 0xf5, 0xb, 0x90,
    0xd7, 0x6, 0xc0, 0x8a, 0x1, 0x70, 0x26,

    /* U+2020 "†" */
    0x0, 0xc, 0xa0, 0x0, 0x0, 0xca, 0x0, 0x1f,
    0xff, 0xff, 0xf0, 0x33, 0xcb, 0x32, 0x0, 0xc,
    0xa0, 0x0, 0x0, 0xb9, 0x0, 0x0, 0xa, 0x80,
    0x0, 0x0, 0x97, 0x0, 0x0, 0x6, 0x40, 0x0,

    /* U+2021 "‡" */
    0x0, 0xc, 0xa0, 0x0, 0x0, 0xca, 0x0, 0x0,
    0xc, 0xa0, 0x1, 0xff, 0xff, 0xff, 0x3, 0x3c,
    0xb3, 0x20, 0x0, 0xca, 0x0, 0x1f, 0xff, 0xff,
    0xf0, 0x33, 0xcb, 0x32, 0x0, 0xc, 0x90, 0x0,
    0x0, 0xb8, 0x0, 0x0, 0x9, 0x70, 0x0, 0x0,
    0x86, 0x0,

    /* U+2022 "•" */
    0x0, 0x0, 0x2, 0xdf, 0xd1, 0xcf, 0xff, 0xcf,
    0xff, 0xff, 0xbf, 0xff, 0xb1, 0xbf, 0xc1,

    /* U+2023 "‣" */
    0x0, 0x0, 0x4, 0xd3, 0x0, 0x4f, 0xf9, 0x14,
    0xff, 0xf7, 0x4f, 0xc2, 0x3, 0x60, 0x0,

    /* U+2024 "․" */
    0x1, 0x9, 0xf3, 0x7e, 0x20,

    /* U+2025 "‥" */
    0x1, 0x0, 0x1, 0x9, 0xf3, 0x0, 0xed, 0x7e,
    0x20, 0xd, 0xb0,

    /* U+2026 "…" */
    0x1, 0x0, 0x1, 0x0, 0x0, 0x10, 0x9f, 0x30,
    0xe, 0xd0, 0x6, 0xf6, 0x7e, 0x20, 0xd, 0xb0,
    0x4, 0xf5,

    /* U+2027 "‧" */
    0x1, 0x9, 0xf3, 0x7e, 0x20,

    /* U+202F " " */

    /* U+2030 "‰" */
    0x5, 0xef, 0x70, 0x0, 0x3, 0xf2, 0x0, 0x0,
    0x0, 0x1, 0xf5, 0x2f, 0x30, 0x0, 0xd7, 0x0,
    0x0, 0x0, 0x0, 0x3f, 0x0, 0xd5, 0x0, 0x8c,
    0x0, 0x0, 0x0, 0x0, 0x1, 0xf3, 0x1f, 0x30,
    0x3f, 0x20, 0x0, 0x0, 0x0, 0x0, 0x6, 0xff,
    0x90, 0xd, 0x70, 0x0, 0x0, 0x0, 0x0, 0x0,
    0x0, 0x0, 0x8, 0xc0, 0x0, 0x0, 0x0, 0x0,
    0x0, 0x0, 0x0, 0x3, 0xf2, 0x8, 0xeb, 0x10,
    0x1c, 0xe8, 0x0, 0x0, 0x0, 0xd7, 0x5, 0xe2,
    0xaa, 0xb, 0x93, 0xe5, 0x0, 0x0, 0x8c, 0x0,
    0x99, 0x5, 0xe0, 0xf4, 0xa, 0x80, 0x0, 0x3f,
    0x20, 0x9, 0x90, 0x5e, 0xf, 0x30, 0xa8, 0x0,
    0xd, 0x70, 0x0, 0x6d, 0x1a, 0xb0, 0xb9, 0x2e,
    0x50, 0x8, 0xc0, 0x0, 0x0, 0xaf, 0xc1, 0x2,
    0xdf, 0x90,

    /* U+2031 "‱" */
    0x5, 0xef, 0x70, 0x0, 0x3, 0xf2, 0x0, 0x0,
    0x0, 0x0, 0x0, 0x0, 0x1, 0xf5, 0x2f, 0x30,
    0x0, 0xd7, 0x0, 0x0, 0x0, 0x0, 0x0, 0x0,
    0x0, 0x3f, 0x0, 0xd5, 0x0, 0x8c, 0x0, 0x0,
    0x0, 0x0, 0x0, 0x0, 0x0, 0x1, 0xf3, 0x1f,
    0x30, 0x3f, 0x20, 0x0, 0x0, 0x0, 0x0, 0x0,
    0x0, 0x0, 0x6, 0xff, 0x90, 0xd, 0x70, 0x0,
    0x0, 0x0, 0x0, 0x0, 0x0, 0x0, 0x0, 0x0,
    0x0, 0x8, 0xc0, 0x0, 0x0, 0x0, 0x0, 0x0,
    0x0, 0x0, 0x0, 0x0, 0x0, 0x3, 0xf2, 0x8,
    0xeb, 0x10, 0x1c, 0xe8, 0x0, 0x5d, 0xd4, 0x0,
    0x0, 0x0, 0xd7, 0x5, 0xe2, 0xaa, 0xb, 0x93,
    0xe5, 0x1f, 0x56, 0xf0, 0x0, 0x0, 0x8c, 0x0,
    0x99, 0x5, 0xe0, 0xf4, 0xa, 0x84, 0xe0, 0xf,
    0x30, 0x0, 0x3f, 0x20, 0x9, 0x90, 0x5e, 0xf,
    0x30, 0xa8, 0x4e, 0x0, 0xf3, 0x0, 0xd, 0x70,
    0x0, 0x6d, 0x1a, 0xb0, 0xb9, 0x2e, 0x51, 0xf4,
    0x5f, 0x0, 0x8, 0xc0, 0x0, 0x0, 0xaf, 0xc1,
    0x2, 0xdf, 0x90, 0x6, 0xee, 0x40,

    /* U+2032 "′" */
    0xd, 0xa0, 0xf7, 0xf, 0x32, 0xf0, 0x3, 0x0,

    /* U+2033 "″" */
    0xd, 0xa0, 0x5f, 0x20, 0xf7, 0x6, 0xf0, 0xf,
    0x30, 0x8b, 0x2, 0xf0, 0x9, 0x80, 0x3, 0x0,
    0x31, 0x0,

    /* U+2034 "‴" */
    0xd, 0xa0, 0x5f, 0x20, 0xdb, 0xf, 0x70, 0x6f,
    0x0, 0xe7, 0xf, 0x30, 0x8b, 0x0, 0xf3, 0x2f,
    0x0, 0x98, 0x1, 0xf0, 0x3, 0x0, 0x31, 0x0,
    0x30,

    /* U+2035 "‵" */
    0x1f, 0x60, 0xd8, 0xa, 0x90, 0x6b, 0x1, 0x30,

    /* U+2036 "‶" */
    0x1f, 0x60, 0x9e, 0x0, 0xd8, 0x5, 0xf0, 0xa,
    0x90, 0x2f, 0x10, 0x6b, 0x0, 0xe3, 0x1, 0x30,
    0x3, 0x10,

    /* U+2037 "‷" */
    0x1f, 0x60, 0x9e, 0x1, 0xf7, 0xd, 0x80, 0x5f,
    0x0, 0xd8, 0xa, 0x90, 0x2f, 0x10, 0x9a, 0x6,
    0xb0, 0xe, 0x30, 0x6b, 0x1, 0x30, 0x3, 0x10,
    0x13,

    /* U+2038 "‸" */
    0x0, 0x7, 0x20, 0x0, 0x9, 0xed, 0x0, 0x4,
    0xf2, 0xc8, 0x0, 0xe7, 0x2, 0xf3,

    /* U+2039 "‹" */
    0x0, 0x8, 0xf2, 0x0, 0x5f, 0x40, 0x3, 0xf7,
    0x0, 0xe, 0xb0, 0x0, 0x9, 0xe2, 0x0, 0x0,
    0xbd, 0x0, 0x0, 0x1d, 0xb0, 0x0, 0x2, 0x82,

    /* U+203A "›" */
    0x1e, 0xa0, 0x0, 0x2, 0xf7, 0x0, 0x0, 0x5f,
    0x50, 0x0, 0x8, 0xf2, 0x0, 0xd, 0xb0, 0x0,
    0xbd, 0x10, 0x8, 0xe2, 0x0, 0x18, 0x30, 0x0,

    /* U+203B "※" */
    0x0, 0x0, 0x7a, 0x0, 0x0, 0x1, 0xd3, 0x9d,
    0xc, 0x50, 0x1, 0xde, 0x10, 0xaf, 0x40, 0x0,
    0x2e, 0xd8, 0xf7, 0x0, 0x1e, 0x74, 0xff, 0x94,
    0xf3, 0xb, 0x57, 0xff, 0xb3, 0xb2, 0x0, 0x8f,
    0x94, 0xfd, 0x10, 0x2, 0xf8, 0x7a, 0x3e, 0x70,
    0x0, 0x10, 0x9d, 0x1, 0x0,

    /* U+203C "‼" */
    0x7f, 0x10, 0xe, 0xb7, 0xf1, 0x0, 0xea, 0x7f,
    0x10, 0xd, 0xa7, 0xf0, 0x0, 0xda, 0x7f, 0x0,
    0xd, 0xa7, 0xf0, 0x0, 0xda, 0x6f, 0x0, 0xd,
    0x96, 0xf0, 0x0, 0xc9, 0x0, 0x0, 0x0, 0x0,
    0x10, 0x0, 0x0, 0x9f, 0x30, 0xe, 0xc7, 0xe2,
    0x0, 0xdb,

    /* U+203D "‽" */
    0x2, 0xbf, 0xfa, 0x10, 0xe, 0xc4, 0x4d, 0xd0,
    0x3c, 0x20, 0x2, 0xf3, 0x0, 0xe, 0x62, 0xf3,
    0x0, 0xe, 0x5a, 0xe0, 0x0, 0xd, 0xee, 0x30,
    0x0, 0xd, 0xc1, 0x0, 0x0, 0xc, 0x50, 0x0,
    0x0, 0x4, 0x10, 0x0, 0x0, 0x1, 0x0, 0x0,
    0x0, 0x3f, 0xa0, 0x0, 0x0, 0x2e, 0x80, 0x0,

    /* U+203E "‾" */
    0x1, 0x11, 0x11, 0x10, 0x5f, 0xff, 0xff, 0xff,
    0x14, 0x44, 0x44, 0x43,

    /* U+203F "‿" */
    0x2c, 0x50, 0x0, 0x0, 0x0, 0x4b, 0x30, 0x7f,
    0xfc, 0xa9, 0xac, 0xff, 0xa0, 0x0, 0x29, 0xdf,
    0xff, 0xd9, 0x30, 0x0,

    /* U+2040 "⁀" */
    0x0, 0x17, 0xce, 0xff, 0xc8, 0x20, 0x0, 0x7f,
    0xd9, 0x66, 0x69, 0xdf, 0x90, 0x2b, 0x40, 0x0,
    0x0, 0x0, 0x3b, 0x30,

    /* U+2041 "⁁" */
    0x0, 0x0, 0x5, 0x20, 0x0, 0x1, 0xf3, 0x0,
    0x0, 0xb9, 0x0, 0x0, 0x4e, 0x10, 0x0, 0xe,
    0x50, 0x0, 0x8, 0xf3, 0x0, 0x2, 0xfa, 0xc0,
    0x0, 0xb8, 0xd, 0x60, 0x1c, 0x0, 0x4b, 0x0,
    0x0, 0x0, 0x0,

    /* U+2042 "⁂" */
    0x0, 0x4, 0x94, 0x30, 0x0, 0x0, 0x9, 0xed,
    0x30, 0x0, 0x0, 0x5d, 0xff, 0xc0, 0x0, 0x0,
    0xa, 0xcc, 0x50, 0x0, 0x0, 0x0, 0x51, 0x0,
    0x0, 0x23, 0xa4, 0x2, 0x3a, 0x40, 0x3d, 0xeb,
    0x3, 0xde, 0xb0, 0xbe, 0xfd, 0x6b, 0xef, 0xd6,
    0x3c, 0xdb, 0x3, 0xcd, 0xb0, 0x1, 0x50, 0x0,
    0x15, 0x0,

    /* U+2043 "⁃" */
    0x1, 0x11, 0x9, 0xff, 0xfa, 0x24, 0x44, 0x20,

    /* U+2044 "⁄" */
    0x0, 0x0, 0x0, 0x0, 0x7d, 0x0, 0x0, 0x0,
    0x0, 0x2f, 0x30, 0x0, 0x0, 0x0, 0xc, 0x80,
    0x0, 0x0, 0x0, 0x7, 0xd0, 0x0, 0x0, 0x0,
    0x2, 0xf3, 0x0, 0x0, 0x0, 0x0, 0xc8, 0x0,
    0x0, 0x0, 0x0, 0x7d, 0x0, 0x0, 0x0, 0x0,
    0x2f, 0x30, 0x0, 0x0, 0x0, 0xc, 0x80, 0x0,
    0x0, 0x0, 0x7, 0xd0, 0x0, 0x0, 0x0, 0x2,
    0xf3, 0x0, 0x0, 0x0, 0x0, 0xc8, 0x0, 0x0,
    0x0, 0x0,

    /* U+2045 "⁅" */
    0x3f, 0xfe, 0x3f, 0x42, 0x3f, 0x10, 0x3f, 0x10,
    0x3f, 0x10, 0x3f, 0x10, 0x3f, 0x10, 0x3f, 0xfe,
    0x3f, 0x42, 0x3f, 0x10, 0x3f, 0x10, 0x3f, 0x10,
    0x3f, 0x10, 0x3f, 0x10, 0x3f, 0xfe, 0x3, 0x32,

    /* U+2046 "⁆" */
    0xf, 0xff, 0x10, 0x36, 0xf1, 0x0, 0x4f, 0x10,
    0x4, 0xf1, 0x0, 0x4f, 0x10, 0x4, 0xf1, 0x0,
    0x4f, 0x10, 0xff, 0xf1, 0x3, 0x6f, 0x10, 0x4,
    0xf1, 0x0, 0x4f, 0x10, 0x4, 0xf1, 0x0, 0x4f,
    0x10, 0x4, 0xf1, 0xf, 0xff, 0x10, 0x33, 0x30,

    /* U+2047 "⁇" */
    0x1, 0xae, 0xfb, 0x20, 0x0, 0x8e, 0xfc, 0x30,
    0xd, 0xe6, 0x5d, 0xe0, 0xa, 0xf7, 0x5b, 0xf2,
    0x4f, 0x40, 0x2, 0xf4, 0x1f, 0x70, 0x0, 0xf7,
    0x1, 0x0, 0x2, 0xf5, 0x1, 0x0, 0x0, 0xf8,
    0x0, 0x0, 0xb, 0xf1, 0x0, 0x0, 0x9, 0xf3,
    0x0, 0x2, 0xdf, 0x50, 0x0, 0x0, 0xbf, 0x70,
    0x0, 0xb, 0xe2, 0x0, 0x0, 0x8, 0xf4, 0x0,
    0x0, 0xf, 0x70, 0x0, 0x0, 0xc, 0xa0, 0x0,
    0x0, 0x4, 0x10, 0x0, 0x0, 0x3, 0x20, 0x0,
    0x0, 0x1, 0x0, 0x0, 0x0, 0x0, 0x0, 0x0,
    0x0, 0x3f, 0x90, 0x0, 0x0, 0x1e, 0xc0, 0x0,
    0x0, 0x2e, 0x80, 0x0, 0x0, 0xd, 0xb0, 0x0,

    /* U+2048 "⁈" */
    0x1, 0xae, 0xfb, 0x20, 0x4, 0xf4, 0xd, 0xe6,
    0x5d, 0xe0, 0x4, 0xf4, 0x4f, 0x40, 0x2, 0xf4,
    0x4, 0xf3, 0x2, 0x0, 0x2, 0xf5, 0x4, 0xf3,
    0x0, 0x0, 0xa, 0xf1, 0x4, 0xf3, 0x0, 0x1,
    0xcf, 0x50, 0x4, 0xf3, 0x0, 0xb, 0xe3, 0x0,
    0x3, 0xf3, 0x0, 0xf, 0x80, 0x0, 0x3, 0xf2,
    0x0, 0x6, 0x20, 0x0, 0x1, 0x61, 0x0, 0x1,
    0x0, 0x0, 0x0, 0x10, 0x0, 0x3f, 0x90, 0x0,
    0x6, 0xf5, 0x0, 0x2e, 0x80, 0x0, 0x5, 0xf4,

    /* U+2049 "⁉" */
    0x7f, 0x10, 0x5, 0xcf, 0xe8, 0x7, 0xf1, 0x4,
    0xf8, 0x25, 0xf8, 0x7f, 0x10, 0xad, 0x0, 0x8,
    0xe7, 0xf0, 0x0, 0x0, 0x0, 0x9e, 0x7f, 0x0,
    0x0, 0x0, 0x6f, 0x97, 0xf0, 0x0, 0x0, 0x9f,
    0xa0, 0x6f, 0x0, 0x0, 0x3f, 0x70, 0x6, 0xf0,
    0x0, 0x6, 0xf0, 0x0, 0x0, 0x0, 0x0, 0x0,
    0x0, 0x0, 0x10, 0x0, 0x0, 0x10, 0x0, 0x9f,
    0x30, 0x0, 0x9f, 0x30, 0x7, 0xe2, 0x0, 0x7,
    0xe2, 0x0,

    /* U+204A "⁊" */
    0x3f, 0xff, 0xff, 0x41, 0x55, 0x56, 0xf3, 0x0,
    0x0, 0x2f, 0x10, 0x0, 0x4, 0xf0, 0x0, 0x0,
    0x5e, 0x0, 0x0, 0x7, 0xc0, 0x0, 0x0, 0x8b,
    0x0, 0x0, 0xa, 0x90, 0x0, 0x0, 0xb8, 0x0,
    0x0, 0xd, 0x60, 0x0, 0x0, 0xe5, 0x0, 0x0,
    0xf, 0x30,

    /* U+204B "⁋" */
    0x9f, 0xff, 0xfb, 0x20, 0x9e, 0x5c, 0xff, 0xf2,
    0x9e, 0xb, 0xff, 0xf9, 0x9e, 0xb, 0xff, 0xfb,
    0x9e, 0xb, 0xff, 0xfb, 0x9e, 0xb, 0xff, 0xf6,
    0x9e, 0xb, 0xff, 0xa0, 0x9e, 0x6, 0x74, 0x0,
    0x9e, 0x0, 0x0, 0x0, 0x9e, 0x0, 0x0, 0x0,
    0x9e, 0x0, 0x0, 0x0, 0x9e, 0x0, 0x0, 0x0,

    /* U+204C "⁌" */
    0x0, 0x0, 0x0, 0x0, 0x6, 0xdf, 0xff, 0xf4,
    0x6f, 0xff, 0x86, 0xf4, 0xcf, 0xff, 0x63, 0xf4,
    0xcf, 0xff, 0x63, 0xf4, 0x8f, 0xff, 0x63, 0xf4,
    0xa, 0xff, 0xff, 0xf4, 0x0, 0x13, 0x33, 0x30,

    /* U+204D "⁍" */
    0x0, 0x0, 0x0, 0x0, 0xcf, 0xff, 0xea, 0x20,
    0xcc, 0x3e, 0xff, 0xd0, 0xcb, 0xe, 0xff, 0xf3,
    0xcb, 0xe, 0xff, 0xf4, 0xcb, 0xe, 0xff, 0xe0,
    0xcf, 0xff, 0xfd, 0x40, 0x23, 0x33, 0x20, 0x0,

    /* U+204E "⁎" */
    0x0, 0x5, 0x50, 0x0, 0x3, 0x8, 0x80, 0x30,
    0xc, 0xca, 0xac, 0xd0, 0x0, 0x7f, 0xf7, 0x0,
    0x7, 0xed, 0xde, 0x70, 0x9, 0x27, 0x82, 0x90,
    0x0, 0x8, 0x80, 0x0,

    /* U+204F "⁏" */
    0x1, 0x9, 0xf3, 0x7e, 0x20, 0x0, 0x0, 0x0,
    0x0, 0x0, 0x3, 0x81, 0x3f, 0x40, 0xe7, 0xa,
    0x90, 0x6c,

    /* U+2050 "⁐" */
    0x0, 0x39, 0xdf, 0xfe, 0xc8, 0x20, 0x0, 0x9f,
    0xeb, 0xa9, 0xac, 0xff, 0x80, 0x3b, 0x40, 0x0,
    0x0, 0x0, 0x5b, 0x10, 0x0, 0x0, 0x0, 0x0,
    0x0, 0x0, 0x0, 0x0, 0x0, 0x0, 0x0, 0x0,
    0x0, 0x0, 0x0, 0x0, 0x0, 0x0, 0x0, 0x0,
    0x0, 0x0, 0x0, 0x0, 0x0, 0x0, 0x0, 0x0,
    0x0, 0x0, 0x0, 0x0, 0x0, 0x0, 0x0, 0x0,
    0x0, 0x0, 0x0, 0x0, 0x0, 0x0, 0x0, 0x0,
    0x0, 0x0, 0x0, 0x0, 0x0, 0x0, 0x0, 0x0,
    0x0, 0x0, 0x0, 0x0, 0x0, 0x0, 0x0, 0x0,
    0x0, 0x0, 0x0, 0x0, 0x3, 0xb4, 0x0, 0x0,
    0x0, 0x5, 0xb2, 0x9, 0xff, 0xca, 0x9a, 0xcf,
    0xf8, 0x0, 0x3, 0x9d, 0xff, 0xfc, 0x92, 0x0,

    /* U+2051 "⁑" */
    0x0, 0xb, 0x50, 0x0, 0x91, 0xa5, 0x47, 0x19,
    0xed, 0xce, 0x60, 0x9, 0xff, 0x40, 0x1e, 0xbb,
    0x9e, 0xa0, 0x40, 0xb5, 0x3, 0x0, 0x7, 0x30,
    0x0, 0x0, 0x0, 0x0, 0x0, 0x7, 0x30, 0x0,
    0x40, 0xb5, 0x3, 0x1e, 0xbb, 0x9e, 0xa0, 0x9,
    0xff, 0x40, 0x9, 0xed, 0xce, 0x50, 0x91, 0xa5,
    0x47, 0x0, 0xb, 0x50, 0x0,

    /* U+2052 "⁒" */
    0x0, 0x0, 0x0, 0x0, 0x2f, 0x40, 0x47, 0x0,
    0x0, 0xb, 0x90, 0xf, 0xf5, 0x0, 0x6, 0xd0,
    0x0, 0xbe, 0x20, 0x2, 0xf4, 0x0, 0x0, 0x0,
    0x0, 0xb9, 0x0, 0x0, 0x0, 0x0, 0x6d, 0x0,
    0x0, 0x0, 0x0, 0x2f, 0x40, 0x0, 0x0, 0x0,
    0xb, 0x90, 0x0, 0x0, 0x0, 0x6, 0xd0, 0x0,
    0x4f, 0x80, 0x2, 0xf4, 0x0, 0x8, 0xfd, 0x0,
    0xb9, 0x0, 0x0, 0x17, 0x30, 0x6d, 0x0, 0x0,
    0x0, 0x0,

    /* U+2053 "⁓" */
    0x0, 0x0, 0x0, 0x0, 0x0, 0x5d, 0xfd, 0x50,
    0x0, 0x0, 0xb9, 0x48, 0xfa, 0x32, 0x82, 0x10,
    0x0, 0x2b, 0xff, 0xd3, 0x0, 0x0, 0x0, 0x23,
    0x0,

    /* U+2054 "⁔" */
    0x0, 0x2, 0x68, 0x98, 0x63, 0x0, 0x0, 0x2b,
    0xff, 0xff, 0xff, 0xfc, 0x30, 0x2e, 0xc6, 0x20,
    0x0, 0x26, 0xbf, 0x30, 0x20, 0x0, 0x0, 0x0,
    0x0, 0x20,

    /* U+2055 "⁕" */
    0x0, 0x1b, 0x0, 0x1, 0xe5, 0xf5, 0xd0, 0x7,
    0xff, 0xf4, 0xe, 0xff, 0xff, 0xfb, 0x26, 0xff,
    0xf4, 0x11, 0xf8, 0xf9, 0xd0, 0x3, 0x2f, 0x3,
    0x0,

    /* U+2057 "⁗" */
    0xd, 0xa0, 0x5f, 0x20, 0xdb, 0x4, 0xf3, 0xf,
    0x70, 0x6f, 0x0, 0xe7, 0x6, 0xf0, 0xf, 0x30,
    0x8b, 0x0, 0xf3, 0x7, 0xc0, 0x2f, 0x0, 0x98,
    0x1, 0xf0, 0x9, 0x80, 0x3, 0x0, 0x31, 0x0,
    0x30, 0x2, 0x10,

    /* U+205F " " */

    /* U+20AC "€" */
    0x0, 0x0, 0x8d, 0xfe, 0x91, 0x0, 0xb, 0xfa,
    0x68, 0xe8, 0x0, 0x7f, 0x40, 0x0, 0x11, 0x0,
    0xda, 0x0, 0x0, 0x0, 0x5f, 0xff, 0xff, 0xff,
    0x20, 0x14, 0xf6, 0x22, 0x22, 0x0, 0x5f, 0xff,
    0xff, 0xf2, 0x0, 0x12, 0xea, 0x22, 0x20, 0x0,
    0x0, 0x9e, 0x0, 0x0, 0x0, 0x0, 0x3f, 0x80,
    0x0, 0x21, 0x0, 0x8, 0xfb, 0x78, 0xf8, 0x0,
    0x0, 0x6d, 0xfe, 0x91
};


/*---------------------
 *  GLYPH DESCRIPTION
 *--------------------*/

static const lv_font_fmt_txt_glyph_dsc_t glyph_dsc[] = {
    {.bitmap_index = 0, .adv_w = 0, .box_w = 0, .box_h = 0, .ofs_x = 0, .ofs_y = 0} /* id = 0 reserved */,
    {.bitmap_index = 0, .adv_w = 72, .box_w = 0, .box_h = 0, .ofs_x = 0, .ofs_y = 0},
    {.bitmap_index = 0, .adv_w = 74, .box_w = 3, .box_h = 12, .ofs_x = 1, .ofs_y = 0},
    {.bitmap_index = 18, .adv_w = 119, .box_w = 5, .box_h = 5, .ofs_x = 1, .ofs_y = 7},
    {.bitmap_index = 31, .adv_w = 162, .box_w = 10, .box_h = 12, .ofs_x = 0, .ofs_y = 0},
    {.bitmap_index = 91, .adv_w = 164, .box_w = 10, .box_h = 16, .ofs_x = 0, .ofs_y = -2},
    {.bitmap_index = 171, .adv_w = 251, .box_w = 13, .box_h = 12, .ofs_x = 1, .ofs_y = 0},
    {.bitmap_index = 249, .adv_w = 165, .box_w = 11, .box_h = 12, .ofs_x = 0, .ofs_y = 0},
    {.bitmap_index = 315, .adv_w = 77, .box_w = 3, .box_h = 5, .ofs_x = 1, .ofs_y = 7},
    {.bitmap_index = 323, .adv_w = 93, .box_w = 5, .box_h = 15, .ofs_x = 1, .ofs_y = -2},
    {.bitmap_index = 361, .adv_w = 93, .box_w = 5, .box_h = 15, .ofs_x = 0, .ofs_y = -2},
    {.bitmap_index = 399, .adv_w = 128, .box_w = 8, .box_h = 7, .ofs_x = 0, .ofs_y = 5},
    {.bitmap_index = 427, .adv_w = 169, .box_w = 9, .box_h = 8, .ofs_x = 1, .ofs_y = 1},
    {.bitmap_index = 463, .adv_w = 74, .box_w = 3, .box_h = 5, .ofs_x = 1, .ofs_y = -3},
    {.bitmap_index = 471, .adv_w = 118, .box_w = 6, .box_h = 3, .ofs_x = 1, .ofs_y = 4},
    {.bitmap_index = 480, .adv_w = 74, .box_w = 3, .box_h = 3, .ofs_x = 1, .ofs_y = 0},
    {.bitmap_index = 485, .adv_w = 92, .box_w = 6, .box_h = 14, .ofs_x = 0, .ofs_y = -2},
    {.bitmap_index = 527, .adv_w = 162, .box_w = 10, .box_h = 12, .ofs_x = 0, .ofs_y = 0},
    {.bitmap_index = 587, .adv_w = 104, .box_w = 6, .box_h = 12, .ofs_x = 0, .ofs_y = 0},
    {.bitmap_index = 623, .adv_w = 156, .box_w = 8, .box_h = 12, .ofs_x = 1, .ofs_y = 0},
    {.bitmap_index = 671, .adv_w = 158, .box_w = 9, .box_h = 12, .ofs_x = 0, .ofs_y = 0},
    {.bitmap_index = 725, .adv_w = 165, .box_w = 10, .box_h = 12, .ofs_x = 0, .ofs_y = 0},
    {.bitmap_index = 785, .adv_w = 152, .box_w = 8, .box_h = 12, .ofs_x = 1, .ofs_y = 0},
    {.bitmap_index = 833, .adv_w = 159, .box_w = 9, .box_h = 12, .ofs_x = 0, .ofs_y = 0},
    {.bitmap_index = 887, .adv_w = 145, .box_w = 9, .box_h = 12, .ofs_x = 0, .ofs_y = 0},
    {.bitmap_index = 941, .adv_w = 158, .box_w = 9, .box_h = 12, .ofs_x = 0, .ofs_y = 0},
    {.bitmap_index = 995, .adv_w = 159, .box_w = 9, .box_h = 12, .ofs_x = 0, .ofs_y = 0},
    {.bitmap_index = 1049, .adv_w = 74, .box_w = 3, .box_h = 9, .ofs_x = 1, .ofs_y = 0},
    {.bitmap_index = 1063, .adv_w = 77, .box_w = 3, .box_h = 12, .ofs_x = 1, .ofs_y = -3},
    {.bitmap_index = 1081, .adv_w = 169, .box_w = 8, .box_h = 9, .ofs_x = 1, .ofs_y = 0},
    {.bitmap_index = 1117, .adv_w = 169, .box_w = 8, .box_h = 6, .ofs_x = 1, .ofs_y = 2},
    {.bitmap_index = 1141, .adv_w = 169, .box_w = 9, .box_h = 9, .ofs_x = 1, .ofs_y = 0},
    {.bitmap_index = 1182, .adv_w = 131, .box_w = 8, .box_h = 12, .ofs_x = 0, .ofs_y = 0},
    {.bitmap_index = 1230, .adv_w = 247, .box_w = 15, .box_h = 15, .ofs_x = 0, .ofs_y = -3},
    {.bitmap_index = 1343, .adv_w = 177, .box_w = 11, .box_h = 12, .ofs_x = 0, .ofs_y = 0},
    {.bitmap_index = 1409, .adv_w = 168, .box_w = 9, .box_h = 12, .ofs_x = 1, .ofs_y = 0},
    {.bitmap_index = 1463, .adv_w = 187, .box_w = 11, .box_h = 12, .ofs_x = 0, .ofs_y = 0},
    {.bitmap_index = 1529, .adv_w = 185, .box_w = 10, .box_h = 12, .ofs_x = 1, .ofs_y = 0},
    {.bitmap_index = 1589, .adv_w = 154, .box_w = 8, .box_h = 12, .ofs_x = 1, .ofs_y = 0},
    {.bitmap_index = 1637, .adv_w = 151, .box_w = 8, .box_h = 12, .ofs_x = 1, .ofs_y = 0},
    {.bitmap_index = 1685, .adv_w = 191, .box_w = 11, .box_h = 12, .ofs_x = 0, .ofs_y = 0},
    {.bitmap_index = 1751, .adv_w = 190, .box_w = 10, .box_h = 12, .ofs_x = 1, .ofs_y = 0},
    {.bitmap_index = 1811, .adv_w = 69, .box_w = 2, .box_h = 12, .ofs_x = 1, .ofs_y = 0},
    {.bitmap_index = 1823, .adv_w = 146, .box_w = 8, .box_h = 12, .ofs_x = 0, .ofs_y = 0},
    {.bitmap_index = 1871, .adv_w = 172, .box_w = 10, .box_h = 12, .ofs_x = 1, .ofs_y = 0},
    {.bitmap_index = 1931, .adv_w = 145, .box_w = 8, .box_h = 12, .ofs_x = 1, .ofs_y = 0},
    {.bitmap_index = 1979, .adv_w = 231, .box_w = 13, .box_h = 12, .ofs_x = 1, .ofs_y = 0},
    {.bitmap_index = 2057, .adv_w = 193, .box_w = 10, .box_h = 12, .ofs_x = 1, .ofs_y = 0},
    {.bitmap_index = 2117, .adv_w = 196, .box_w = 12, .box_h = 12, .ofs_x = 0, .ofs_y = 0},
    {.bitmap_index = 2189, .adv_w = 164, .box_w = 9, .box_h = 12, .ofs_x = 1, .ofs_y = 0},
    {.bitmap_index = 2243, .adv_w = 196, .box_w = 12, .box_h = 13, .ofs_x = 0, .ofs_y = -1},
    {.bitmap_index = 2321, .adv_w = 165, .box_w = 9, .box_h = 12, .ofs_x = 1, .ofs_y = 0},
    {.bitmap_index = 2375, .adv_w = 164, .box_w = 10, .box_h = 12, .ofs_x = 0, .ofs_y = 0},
    {.bitmap_index = 2435, .adv_w = 165, .box_w = 10, .box_h = 12, .ofs_x = 0, .ofs_y = 0},
    {.bitmap_index = 2495, .adv_w = 191, .box_w = 10, .box_h = 12, .ofs_x = 1, .ofs_y = 0},
    {.bitmap_index = 2555, .adv_w = 177, .box_w = 11, .box_h = 12, .ofs_x = 0, .ofs_y = 0},
    {.bitmap_index = 2621, .adv_w = 252, .box_w = 16, .box_h = 12, .ofs_x = 0, .ofs_y = 0},
    {.bitmap_index = 2717, .adv_w = 175, .box_w = 11, .box_h = 12, .ofs_x = 0, .ofs_y = 0},
    {.bitmap_index = 2783, .adv_w = 174, .box_w = 11, .box_h = 12, .ofs_x = 0, .ofs_y = 0},
    {.bitmap_index = 2849, .adv_w = 161, .box_w = 10, .box_h = 12, .ofs_x = 0, .ofs_y = 0},
    {.bitmap_index = 2909, .adv_w = 93, .box_w = 4, .box_h = 16, .ofs_x = 1, .ofs_y = -3},
    {.bitmap_index = 2941, .adv_w = 92, .box_w = 6, .box_h = 14, .ofs_x = 0, .ofs_y = -2},
    {.bitmap_index = 2983, .adv_w = 93, .box_w = 5, .box_h = 16, .ofs_x = 0, .ofs_y = -3},
    {.bitmap_index = 3023, .adv_w = 121, .box_w = 7, .box_h = 5, .ofs_x = 0, .ofs_y = 6},
    {.bitmap_index = 3041, .adv_w = 117, .box_w = 8, .box_h = 3, .ofs_x = 0, .ofs_y = -2},
    {.bitmap_index = 3053, .adv_w = 83, .box_w = 3, .box_h = 3, .ofs_x = 1, .ofs_y = 10},
    {.bitmap_index = 3058, .adv_w = 144, .box_w = 8, .box_h = 9, .ofs_x = 0, .ofs_y = 0},
    {.bitmap_index = 3094, .adv_w = 157, .box_w = 8, .box_h = 12, .ofs_x = 1, .ofs_y = 0},
    {.bitmap_index = 3142, .adv_w = 146, .box_w = 9, .box_h = 9, .ofs_x = 0, .ofs_y = 0},
    {.bitmap_index = 3183, .adv_w = 157, .box_w = 9, .box_h = 12, .ofs_x = 0, .ofs_y = 0},
    {.bitmap_index = 3237, .adv_w = 149, .box_w = 9, .box_h = 9, .ofs_x = 0, .ofs_y = 0},
    {.bitmap_index = 3278, .adv_w = 95, .box_w = 6, .box_h = 12, .ofs_x = 0, .ofs_y = 0},
    {.bitmap_index = 3314, .adv_w = 157, .box_w = 9, .box_h = 12, .ofs_x = 0, .ofs_y = -3},
    {.bitmap_index = 3368, .adv_w = 151, .box_w = 8, .box_h = 12, .ofs_x = 1, .ofs_y = 0},
    {.bitmap_index = 3416, .adv_w = 62, .box_w = 3, .box_h = 12, .ofs_x = 0, .ofs_y = 0},
    {.bitmap_index = 3434, .adv_w = 62, .box_w = 4, .box_h = 15, .ofs_x = -1, .ofs_y = -3},
    {.bitmap_index = 3464, .adv_w = 141, .box_w = 8, .box_h = 12, .ofs_x = 1, .ofs_y = 0},
    {.bitmap_index = 3512, .adv_w = 62, .box_w = 2, .box_h = 12, .ofs_x = 1, .ofs_y = 0},
    {.bitmap_index = 3524, .adv_w = 224, .box_w = 12, .box_h = 9, .ofs_x = 1, .ofs_y = 0},
    {.bitmap_index = 3578, .adv_w = 151, .box_w = 8, .box_h = 9, .ofs_x = 1, .ofs_y = 0},
    {.bitmap_index = 3614, .adv_w = 154, .box_w = 9, .box_h = 9, .ofs_x = 0, .ofs_y = 0},
    {.bitmap_index = 3655, .adv_w = 157, .box_w = 8, .box_h = 12, .ofs_x = 1, .ofs_y = -3},
    {.bitmap_index = 3703, .adv_w = 157, .box_w = 9, .box_h = 12, .ofs_x = 0, .ofs_y = -3},
    {.bitmap_index = 3757, .adv_w = 96, .box_w = 5, .box_h = 9, .ofs_x = 1, .ofs_y = 0},
    {.bitmap_index = 3780, .adv_w = 135, .box_w = 8, .box_h = 9, .ofs_x = 0, .ofs_y = 0},
    {.bitmap_index = 3816, .adv_w = 84, .box_w = 5, .box_h = 11, .ofs_x = 0, .ofs_y = 0},
    {.bitmap_index = 3844, .adv_w = 151, .box_w = 8, .box_h = 9, .ofs_x = 1, .ofs_y = 0},
    {.bitmap_index = 3880, .adv_w = 144, .box_w = 9, .box_h = 9, .ofs_x = 0, .ofs_y = 0},
    {.bitmap_index = 3921, .adv_w = 210, .box_w = 13, .box_h = 9, .ofs_x = 0, .ofs_y = 0},
    {.bitmap_index = 3980, .adv_w = 140, .box_w = 9, .box_h = 9, .ofs_x = 0, .ofs_y = 0},
    {.bitmap_index = 4021, .adv_w = 144, .box_w = 9, .box_h = 12, .ofs_x = 0, .ofs_y = -3},
    {.bitmap_index = 4075, .adv_w = 141, .box_w = 8, .box_h = 9, .ofs_x = 0, .ofs_y = 0},
    {.bitmap_index = 4111, .adv_w = 109, .box_w = 5, .box_h = 16, .ofs_x = 1, .ofs_y = -4},
    {.bitmap_index = 4151, .adv_w = 85, .box_w = 2, .box_h = 20, .ofs_x = 2, .ofs_y = -4},
    {.bitmap_index = 4171, .adv_w = 109, .box_w = 6, .box_h = 16, .ofs_x = 0, .ofs_y = -4},
    {.bitmap_index = 4219, .adv_w = 169, .box_w = 9, .box_h = 5, .ofs_x = 1, .ofs_y = 2},
    {.bitmap_index = 4242, .adv_w = 72, .box_w = 0, .box_h = 0, .ofs_x = 0, .ofs_y = 0},
    {.bitmap_index = 4242, .adv_w = 74, .box_w = 3, .box_h = 12, .ofs_x = 1, .ofs_y = -3},
    {.bitmap_index = 4260, .adv_w = 146, .box_w = 9, .box_h = 12, .ofs_x = 0, .ofs_y = 0},
    {.bitmap_index = 4314, .adv_w = 156, .box_w = 9, .box_h = 12, .ofs_x = 0, .ofs_y = 0},
    {.bitmap_index = 4368, .adv_w = 186, .box_w = 11, .box_h = 11, .ofs_x = 0, .ofs_y = 0},
    {.bitmap_index = 4429, .adv_w = 141, .box_w = 9, .box_h = 12, .ofs_x = 0, .ofs_y = 0},
    {.bitmap_index = 4483, .adv_w = 69, .box_w = 2, .box_h = 14, .ofs_x = 1, .ofs_y = -2},
    {.bitmap_index = 4497, .adv_w = 146, .box_w = 9, .box_h = 15, .ofs_x = 0, .ofs_y = -3},
    {.bitmap_index = 4565, .adv_w = 151, .box_w = 6, .box_h = 2, .ofs_x = 2, .ofs_y = 10},
    {.bitmap_index = 4571, .adv_w = 234, .box_w = 13, .box_h = 14, .ofs_x = 1, .ofs_y = -1},
    {.bitmap_index = 4662, .adv_w = 116, .box_w = 7, .box_h = 7, .ofs_x = 0, .ofs_y = 5},
    {.bitmap_index = 4687, .adv_w = 149, .box_w = 9, .box_h = 8, .ofs_x = 0, .ofs_y = 1},
    {.bitmap_index = 4723, .adv_w = 169, .box_w = 8, .box_h = 5, .ofs_x = 1, .ofs_y = 2},
    {.bitmap_index = 4743, .adv_w = 171, .box_w = 10, .box_h = 10, .ofs_x = 0, .ofs_y = 2},
    {.bitmap_index = 4793, .adv_w = 122, .box_w = 5, .box_h = 2, .ofs_x = 1, .ofs_y = 10},
    {.bitmap_index = 4798, .adv_w = 117, .box_w = 6, .box_h = 6, .ofs_x = 1, .ofs_y = 6},
    {.bitmap_index = 4816, .adv_w = 169, .box_w = 8, .box_h = 9, .ofs_x = 1, .ofs_y = 0},
    {.bitmap_index = 4852, .adv_w = 113, .box_w = 7, .box_h = 6, .ofs_x = 0, .ofs_y = 7},
    {.bitmap_index = 4873, .adv_w = 114, .box_w = 7, .box_h = 6, .ofs_x = 0, .ofs_y = 7},
    {.bitmap_index = 4894, .adv_w = 83, .box_w = 3, .box_h = 3, .ofs_x = 1, .ofs_y = 10},
    {.bitmap_index = 4899, .adv_w = 150, .box_w = 9, .box_h = 12, .ofs_x = 1, .ofs_y = -3},
    {.bitmap_index = 4953, .adv_w = 154, .box_w = 9, .box_h = 12, .ofs_x = 0, .ofs_y = 0},
    {.bitmap_index = 5007, .adv_w = 74, .box_w = 3, .box_h = 3, .ofs_x = 1, .ofs_y = 5},
    {.bitmap_index = 5012, .adv_w = 69, .box_w = 3, .box_h = 4, .ofs_x = 1, .ofs_y = -3},
    {.bitmap_index = 5018, .adv_w = 78, .box_w = 4, .box_h = 6, .ofs_x = 0, .ofs_y = 7},
    {.bitmap_index = 5030, .adv_w = 124, .box_w = 8, .box_h = 7, .ofs_x = 0, .ofs_y = 5},
    {.bitmap_index = 5058, .adv_w = 149, .box_w = 9, .box_h = 8, .ofs_x = 0, .ofs_y = 1},
    {.bitmap_index = 5094, .adv_w = 205, .box_w = 13, .box_h = 13, .ofs_x = 0, .ofs_y = -1},
    {.bitmap_index = 5179, .adv_w = 217, .box_w = 13, .box_h = 13, .ofs_x = 0, .ofs_y = -1},
    {.bitmap_index = 5264, .adv_w = 226, .box_w = 14, .box_h = 13, .ofs_x = 0, .ofs_y = -1},
    {.bitmap_index = 5355, .adv_w = 131, .box_w = 8, .box_h = 12, .ofs_x = 0, .ofs_y = -3},
    {.bitmap_index = 5403, .adv_w = 177, .box_w = 11, .box_h = 16, .ofs_x = 0, .ofs_y = 0},
    {.bitmap_index = 5491, .adv_w = 177, .box_w = 11, .box_h = 16, .ofs_x = 0, .ofs_y = 0},
    {.bitmap_index = 5579, .adv_w = 177, .box_w = 11, .box_h = 16, .ofs_x = 0, .ofs_y = 0},
    {.bitmap_index = 5667, .adv_w = 177, .box_w = 11, .box_h = 15, .ofs_x = 0, .ofs_y = 0},
    {.bitmap_index = 5750, .adv_w = 177, .box_w = 11, .box_h = 15, .ofs_x = 0, .ofs_y = 0},
    {.bitmap_index = 5833, .adv_w = 177, .box_w = 11, .box_h = 16, .ofs_x = 0, .ofs_y = 0},
    {.bitmap_index = 5921, .adv_w = 254, .box_w = 15, .box_h = 12, .ofs_x = 0, .ofs_y = 0},
    {.bitmap_index = 6011, .adv_w = 187, .box_w = 11, .box_h = 15, .ofs_x = 0, .ofs_y = -3},
    {.bitmap_index = 6094, .adv_w = 154, .box_w = 8, .box_h = 16, .ofs_x = 1, .ofs_y = 0},
    {.bitmap_index = 6158, .adv_w = 154, .box_w = 8, .box_h = 16, .ofs_x = 1, .ofs_y = 0},
    {.bitmap_index = 6222, .adv_w = 154, .box_w = 8, .box_h = 16, .ofs_x = 1, .ofs_y = 0},
    {.bitmap_index = 6286, .adv_w = 154, .box_w = 8, .box_h = 15, .ofs_x = 1, .ofs_y = 0},
    {.bitmap_index = 6346, .adv_w = 69, .box_w = 3, .box_h = 16, .ofs_x = 0, .ofs_y = 0},
    {.bitmap_index = 6370, .adv_w = 69, .box_w = 4, .box_h = 16, .ofs_x = 1, .ofs_y = 0},
    {.bitmap_index = 6402, .adv_w = 69, .box_w = 6, .box_h = 16, .ofs_x = -1, .ofs_y = 0},
    {.bitmap_index = 6450, .adv_w = 69, .box_w = 6, .box_h = 15, .ofs_x = -1, .ofs_y = 0},
    {.bitmap_index = 6495, .adv_w = 188, .box_w = 11, .box_h = 12, .ofs_x = 0, .ofs_y = 0},
    {.bitmap_index = 6561, .adv_w = 193, .box_w = 10, .box_h = 15, .ofs_x = 1, .ofs_y = 0},
    {.bitmap_index = 6636, .adv_w = 196, .box_w = 12, .box_h = 16, .ofs_x = 0, .ofs_y = 0},
    {.bitmap_index = 6732, .adv_w = 196, .box_w = 12, .box_h = 16, .ofs_x = 0, .ofs_y = 0},
    {.bitmap_index = 6828, .adv_w = 196, .box_w = 12, .box_h = 16, .ofs_x = 0, .ofs_y = 0},
    {.bitmap_index = 6924, .adv_w = 196, .box_w = 12, .box_h = 15, .ofs_x = 0, .ofs_y = 0},
    {.bitmap_index = 7014, .adv_w = 196, .box_w = 12, .box_h = 15, .ofs_x = 0, .ofs_y = 0},
    {.bitmap_index = 7104, .adv_w = 169, .box_w = 8, .box_h = 9, .ofs_x = 1, .ofs_y = 0},
    {.bitmap_index = 7140, .adv_w = 196, .box_w = 12, .box_h = 14, .ofs_x = 0, .ofs_y = -1},
    {.bitmap_index = 7224, .adv_w = 191, .box_w = 10, .box_h = 16, .ofs_x = 1, .ofs_y = 0},
    {.bitmap_index = 7304, .adv_w = 191, .box_w = 10, .box_h = 16, .ofs_x = 1, .ofs_y = 0},
    {.bitmap_index = 7384, .adv_w = 191, .box_w = 10, .box_h = 16, .ofs_x = 1, .ofs_y = 0},
    {.bitmap_index = 7464, .adv_w = 191, .box_w = 10, .box_h = 15, .ofs_x = 1, .ofs_y = 0},
    {.bitmap_index = 7539, .adv_w = 174, .box_w = 11, .box_h = 16, .ofs_x = 0, .ofs_y = 0},
    {.bitmap_index = 7627, .adv_w = 163, .box_w = 8, .box_h = 12, .ofs_x = 1, .ofs_y = 0},
    {.bitmap_index = 7675, .adv_w = 158, .box_w = 8, .box_h = 12, .ofs_x = 1, .ofs_y = 0},
    {.bitmap_index = 7723, .adv_w = 144, .box_w = 8, .box_h = 13, .ofs_x = 0, .ofs_y = 0},
    {.bitmap_index = 7775, .adv_w = 144, .box_w = 8, .box_h = 13, .ofs_x = 0, .ofs_y = 0},
    {.bitmap_index = 7827, .adv_w = 144, .box_w = 8, .box_h = 13, .ofs_x = 0, .ofs_y = 0},
    {.bitmap_index = 7879, .adv_w = 144, .box_w = 8, .box_h = 12, .ofs_x = 0, .ofs_y = 0},
    {.bitmap_index = 7927, .adv_w = 144, .box_w = 8, .box_h = 12, .ofs_x = 0, .ofs_y = 0},
    {.bitmap_index = 7975, .adv_w = 144, .box_w = 8, .box_h = 14, .ofs_x = 0, .ofs_y = 0},
    {.bitmap_index = 8031, .adv_w = 235, .box_w = 14, .box_h = 9, .ofs_x = 0, .ofs_y = 0},
    {.bitmap_index = 8094, .adv_w = 146, .box_w = 9, .box_h = 12, .ofs_x = 0, .ofs_y = -3},
    {.bitmap_index = 8148, .adv_w = 149, .box_w = 9, .box_h = 13, .ofs_x = 0, .ofs_y = 0},
    {.bitmap_index = 8207, .adv_w = 149, .box_w = 9, .box_h = 13, .ofs_x = 0, .ofs_y = 0},
    {.bitmap_index = 8266, .adv_w = 149, .box_w = 9, .box_h = 13, .ofs_x = 0, .ofs_y = 0},
    {.bitmap_index = 8325, .adv_w = 149, .box_w = 9, .box_h = 12, .ofs_x = 0, .ofs_y = 0},
    {.bitmap_index = 8379, .adv_w = 62, .box_w = 4, .box_h = 13, .ofs_x = -1, .ofs_y = 0},
    {.bitmap_index = 8405, .adv_w = 62, .box_w = 3, .box_h = 13, .ofs_x = 1, .ofs_y = 0},
    {.bitmap_index = 8425, .adv_w = 62, .box_w = 6, .box_h = 13, .ofs_x = -1, .ofs_y = 0},
    {.bitmap_index = 8464, .adv_w = 62, .box_w = 6, .box_h = 12, .ofs_x = -1, .ofs_y = 0},
    {.bitmap_index = 8500, .adv_w = 149, .box_w = 9, .box_h = 14, .ofs_x = 0, .ofs_y = 0},
    {.bitmap_index = 8563, .adv_w = 151, .box_w = 8, .box_h = 12, .ofs_x = 1, .ofs_y = 0},
    {.bitmap_index = 8611, .adv_w = 154, .box_w = 9, .box_h = 13, .ofs_x = 0, .ofs_y = 0},
    {.bitmap_index = 8670, .adv_w = 154, .box_w = 9, .box_h = 13, .ofs_x = 0, .ofs_y = 0},
    {.bitmap_index = 8729, .adv_w = 154, .box_w = 9, .box_h = 13, .ofs_x = 0, .ofs_y = 0},
    {.bitmap_index = 8788, .adv_w = 154, .box_w = 9, .box_h = 12, .ofs_x = 0, .ofs_y = 0},
    {.bitmap_index = 8842, .adv_w = 154, .box_w = 9, .box_h = 12, .ofs_x = 0, .ofs_y = 0},
    {.bitmap_index = 8896, .adv_w = 169, .box_w = 8, .box_h = 9, .ofs_x = 1, .ofs_y = 0},
    {.bitmap_index = 8932, .adv_w = 154, .box_w = 9, .box_h = 11, .ofs_x = 0, .ofs_y = -1},
    {.bitmap_index = 8982, .adv_w = 151, .box_w = 8, .box_h = 13, .ofs_x = 1, .ofs_y = 0},
    {.bitmap_index = 9034, .adv_w = 151, .box_w = 8, .box_h = 13, .ofs_x = 1, .ofs_y = 0},
    {.bitmap_index = 9086, .adv_w = 151, .box_w = 8, .box_h = 13, .ofs_x = 1, .ofs_y = 0},
    {.bitmap_index = 9138, .adv_w = 151, .box_w = 8, .box_h = 12, .ofs_x = 1, .ofs_y = 0},
    {.bitmap_index = 9186, .adv_w = 144, .box_w = 9, .box_h = 16, .ofs_x = 0, .ofs_y = -3},
    {.bitmap_index = 9258, .adv_w = 157, .box_w = 8, .box_h = 15, .ofs_x = 1, .ofs_y = -3},
    {.bitmap_index = 9318, .adv_w = 144, .box_w = 9, .box_h = 15, .ofs_x = 0, .ofs_y = -3},
    {.bitmap_index = 9386, .adv_w = 177, .box_w = 11, .box_h = 15, .ofs_x = 0, .ofs_y = 0},
    {.bitmap_index = 9469, .adv_w = 144, .box_w = 8, .box_h = 12, .ofs_x = 0, .ofs_y = 0},
    {.bitmap_index = 9517, .adv_w = 177, .box_w = 11, .box_h = 16, .ofs_x = 0, .ofs_y = 0},
    {.bitmap_index = 9605, .adv_w = 144, .box_w = 8, .box_h = 13, .ofs_x = 0, .ofs_y = 0},
    {.bitmap_index = 9657, .adv_w = 177, .box_w = 12, .box_h = 15, .ofs_x = 0, .ofs_y = -3},
    {.bitmap_index = 9747, .adv_w = 144, .box_w = 9, .box_h = 12, .ofs_x = 0, .ofs_y = -3},
    {.bitmap_index = 9801, .adv_w = 187, .box_w = 11, .box_h = 16, .ofs_x = 0, .ofs_y = 0},
    {.bitmap_index = 9889, .adv_w = 146, .box_w = 9, .box_h = 13, .ofs_x = 0, .ofs_y = 0},
    {.bitmap_index = 9948, .adv_w = 187, .box_w = 11, .box_h = 16, .ofs_x = 0, .ofs_y = 0},
    {.bitmap_index = 10036, .adv_w = 146, .box_w = 9, .box_h = 13, .ofs_x = 0, .ofs_y = 0},
    {.bitmap_index = 10095, .adv_w = 187, .box_w = 11, .box_h = 15, .ofs_x = 0, .ofs_y = 0},
    {.bitmap_index = 10178, .adv_w = 146, .box_w = 9, .box_h = 12, .ofs_x = 0, .ofs_y = 0},
    {.bitmap_index = 10232, .adv_w = 187, .box_w = 11, .box_h = 16, .ofs_x = 0, .ofs_y = 0},
    {.bitmap_index = 10320, .adv_w = 146, .box_w = 9, .box_h = 13, .ofs_x = 0, .ofs_y = 0},
    {.bitmap_index = 10379, .adv_w = 185, .box_w = 10, .box_h = 16, .ofs_x = 1, .ofs_y = 0},
    {.bitmap_index = 10459, .adv_w = 182, .box_w = 12, .box_h = 13, .ofs_x = 0, .ofs_y = 0},
    {.bitmap_index = 10537, .adv_w = 188, .box_w = 11, .box_h = 12, .ofs_x = 0, .ofs_y = 0},
    {.bitmap_index = 10603, .adv_w = 157, .box_w = 10, .box_h = 12, .ofs_x = 0, .ofs_y = 0},
    {.bitmap_index = 10663, .adv_w = 154, .box_w = 8, .box_h = 15, .ofs_x = 1, .ofs_y = 0},
    {.bitmap_index = 10723, .adv_w = 149, .box_w = 9, .box_h = 12, .ofs_x = 0, .ofs_y = 0},
    {.bitmap_index = 10777, .adv_w = 154, .box_w = 8, .box_h = 16, .ofs_x = 1, .ofs_y = 0},
    {.bitmap_index = 10841, .adv_w = 149, .box_w = 9, .box_h = 13, .ofs_x = 0, .ofs_y = 0},
    {.bitmap_index = 10900, .adv_w = 154, .box_w = 8, .box_h = 15, .ofs_x = 1, .ofs_y = 0},
    {.bitmap_index = 10960, .adv_w = 149, .box_w = 9, .box_h = 12, .ofs_x = 0, .ofs_y = 0},
    {.bitmap_index = 11014, .adv_w = 154, .box_w = 9, .box_h = 15, .ofs_x = 1, .ofs_y = -3},
    {.bitmap_index = 11082, .adv_w = 149, .box_w = 9, .box_h = 12, .ofs_x = 0, .ofs_y = -3},
    {.bitmap_index = 11136, .adv_w = 154, .box_w = 8, .box_h = 16, .ofs_x = 1, .ofs_y = 0},
    {.bitmap_index = 11200, .adv_w = 149, .box_w = 9, .box_h = 13, .ofs_x = 0, .ofs_y = 0},
    {.bitmap_index = 11259, .adv_w = 191, .box_w = 11, .box_h = 16, .ofs_x = 0, .ofs_y = 0},
    {.bitmap_index = 11347, .adv_w = 157, .box_w = 9, .box_h = 16, .ofs_x = 0, .ofs_y = -3},
    {.bitmap_index = 11419, .adv_w = 191, .box_w = 11, .box_h = 16, .ofs_x = 0, .ofs_y = 0},
    {.bitmap_index = 11507, .adv_w = 157, .box_w = 9, .box_h = 16, .ofs_x = 0, .ofs_y = -3},
    {.bitmap_index = 11579, .adv_w = 191, .box_w = 11, .box_h = 15, .ofs_x = 0, .ofs_y = 0},
    {.bitmap_index = 11662, .adv_w = 157, .box_w = 9, .box_h = 15, .ofs_x = 0, .ofs_y = -3},
    {.bitmap_index = 11730, .adv_w = 191, .box_w = 11, .box_h = 16, .ofs_x = 0, .ofs_y = -4},
    {.bitmap_index = 11818, .adv_w = 157, .box_w = 9, .box_h = 17, .ofs_x = 0, .ofs_y = -3},
    {.bitmap_index = 11895, .adv_w = 190, .box_w = 10, .box_h = 16, .ofs_x = 1, .ofs_y = 0},
    {.bitmap_index = 11975, .adv_w = 151, .box_w = 10, .box_h = 16, .ofs_x = -1, .ofs_y = 0},
    {.bitmap_index = 12055, .adv_w = 199, .box_w = 12, .box_h = 12, .ofs_x = 0, .ofs_y = 0},
    {.bitmap_index = 12127, .adv_w = 151, .box_w = 9, .box_h = 12, .ofs_x = 0, .ofs_y = 0},
    {.bitmap_index = 12181, .adv_w = 69, .box_w = 6, .box_h = 15, .ofs_x = -1, .ofs_y = 0},
    {.bitmap_index = 12226, .adv_w = 62, .box_w = 6, .box_h = 12, .ofs_x = -1, .ofs_y = 0},
    {.bitmap_index = 12262, .adv_w = 69, .box_w = 6, .box_h = 15, .ofs_x = -1, .ofs_y = 0},
    {.bitmap_index = 12307, .adv_w = 62, .box_w = 6, .box_h = 12, .ofs_x = -1, .ofs_y = 0},
    {.bitmap_index = 12343, .adv_w = 69, .box_w = 6, .box_h = 16, .ofs_x = -1, .ofs_y = 0},
    {.bitmap_index = 12391, .adv_w = 62, .box_w = 6, .box_h = 13, .ofs_x = -1, .ofs_y = 0},
    {.bitmap_index = 12430, .adv_w = 69, .box_w = 4, .box_h = 15, .ofs_x = 0, .ofs_y = -3},
    {.bitmap_index = 12460, .adv_w = 62, .box_w = 5, .box_h = 15, .ofs_x = -1, .ofs_y = -3},
    {.bitmap_index = 12498, .adv_w = 69, .box_w = 3, .box_h = 15, .ofs_x = 1, .ofs_y = 0},
    {.bitmap_index = 12521, .adv_w = 62, .box_w = 2, .box_h = 9, .ofs_x = 1, .ofs_y = 0},
    {.bitmap_index = 12530, .adv_w = 215, .box_w = 12, .box_h = 12, .ofs_x = 1, .ofs_y = 0},
    {.bitmap_index = 12602, .adv_w = 124, .box_w = 7, .box_h = 15, .ofs_x = 0, .ofs_y = -3},
    {.bitmap_index = 12655, .adv_w = 146, .box_w = 10, .box_h = 16, .ofs_x = 0, .ofs_y = 0},
    {.bitmap_index = 12735, .adv_w = 62, .box_w = 6, .box_h = 16, .ofs_x = -1, .ofs_y = -3},
    {.bitmap_index = 12783, .adv_w = 172, .box_w = 10, .box_h = 16, .ofs_x = 1, .ofs_y = -4},
    {.bitmap_index = 12863, .adv_w = 141, .box_w = 8, .box_h = 16, .ofs_x = 1, .ofs_y = -4},
    {.bitmap_index = 12927, .adv_w = 135, .box_w = 8, .box_h = 9, .ofs_x = 1, .ofs_y = 0},
    {.bitmap_index = 12963, .adv_w = 145, .box_w = 8, .box_h = 16, .ofs_x = 1, .ofs_y = 0},
    {.bitmap_index = 13027, .adv_w = 62, .box_w = 3, .box_h = 16, .ofs_x = 1, .ofs_y = 0},
    {.bitmap_index = 13051, .adv_w = 145, .box_w = 8, .box_h = 16, .ofs_x = 1, .ofs_y = -4},
    {.bitmap_index = 13115, .adv_w = 62, .box_w = 3, .box_h = 16, .ofs_x = 0, .ofs_y = -4},
    {.bitmap_index = 13139, .adv_w = 145, .box_w = 8, .box_h = 13, .ofs_x = 1, .ofs_y = 0},
    {.bitmap_index = 13191, .adv_w = 87, .box_w = 5, .box_h = 13, .ofs_x = 1, .ofs_y = 0},
    {.bitmap_index = 13224, .adv_w = 144, .box_w = 8, .box_h = 12, .ofs_x = 1, .ofs_y = 0},
    {.bitmap_index = 13272, .adv_w = 92, .box_w = 5, .box_h = 12, .ofs_x = 1, .ofs_y = 0},
    {.bitmap_index = 13302, .adv_w = 152, .box_w = 9, .box_h = 12, .ofs_x = 0, .ofs_y = 0},
    {.bitmap_index = 13356, .adv_w = 62, .box_w = 5, .box_h = 12, .ofs_x = -1, .ofs_y = 0},
    {.bitmap_index = 13386, .adv_w = 193, .box_w = 10, .box_h = 16, .ofs_x = 1, .ofs_y = 0},
    {.bitmap_index = 13466, .adv_w = 151, .box_w = 8, .box_h = 13, .ofs_x = 1, .ofs_y = 0},
    {.bitmap_index = 13518, .adv_w = 193, .box_w = 10, .box_h = 16, .ofs_x = 1, .ofs_y = -4},
    {.bitmap_index = 13598, .adv_w = 151, .box_w = 8, .box_h = 13, .ofs_x = 1, .ofs_y = -4},
    {.bitmap_index = 13650, .adv_w = 193, .box_w = 10, .box_h = 16, .ofs_x = 1, .ofs_y = 0},
    {.bitmap_index = 13730, .adv_w = 151, .box_w = 8, .box_h = 13, .ofs_x = 1, .ofs_y = 0},
    {.bitmap_index = 13782, .adv_w = 193, .box_w = 10, .box_h = 15, .ofs_x = 1, .ofs_y = -3},
    {.bitmap_index = 13857, .adv_w = 151, .box_w = 8, .box_h = 12, .ofs_x = 1, .ofs_y = -3},
    {.bitmap_index = 13905, .adv_w = 196, .box_w = 12, .box_h = 15, .ofs_x = 0, .ofs_y = 0},
    {.bitmap_index = 13995, .adv_w = 154, .box_w = 9, .box_h = 12, .ofs_x = 0, .ofs_y = 0},
    {.bitmap_index = 14049, .adv_w = 196, .box_w = 12, .box_h = 16, .ofs_x = 0, .ofs_y = 0},
    {.bitmap_index = 14145, .adv_w = 154, .box_w = 9, .box_h = 13, .ofs_x = 0, .ofs_y = 0},
    {.bitmap_index = 14204, .adv_w = 196, .box_w = 12, .box_h = 16, .ofs_x = 0, .ofs_y = 0},
    {.bitmap_index = 14300, .adv_w = 154, .box_w = 9, .box_h = 13, .ofs_x = 0, .ofs_y = 0},
    {.bitmap_index = 14359, .adv_w = 257, .box_w = 16, .box_h = 12, .ofs_x = 0, .ofs_y = 0},
    {.bitmap_index = 14455, .adv_w = 256, .box_w = 16, .box_h = 9, .ofs_x = 0, .ofs_y = 0},
    {.bitmap_index = 14527, .adv_w = 165, .box_w = 9, .box_h = 16, .ofs_x = 1, .ofs_y = 0},
    {.bitmap_index = 14599, .adv_w = 96, .box_w = 5, .box_h = 13, .ofs_x = 1, .ofs_y = 0},
    {.bitmap_index = 14632, .adv_w = 165, .box_w = 9, .box_h = 16, .ofs_x = 1, .ofs_y = -4},
    {.bitmap_index = 14704, .adv_w = 96, .box_w = 6, .box_h = 13, .ofs_x = 0, .ofs_y = -4},
    {.bitmap_index = 14743, .adv_w = 165, .box_w = 9, .box_h = 16, .ofs_x = 1, .ofs_y = 0},
    {.bitmap_index = 14815, .adv_w = 96, .box_w = 6, .box_h = 13, .ofs_x = 0, .ofs_y = 0},
    {.bitmap_index = 14854, .adv_w = 164, .box_w = 10, .box_h = 16, .ofs_x = 0, .ofs_y = 0},
    {.bitmap_index = 14934, .adv_w = 135, .box_w = 8, .box_h = 13, .ofs_x = 0, .ofs_y = 0},
    {.bitmap_index = 14986, .adv_w = 164, .box_w = 10, .box_h = 16, .ofs_x = 0, .ofs_y = 0},
    {.bitmap_index = 15066, .adv_w = 135, .box_w = 8, .box_h = 13, .ofs_x = 0, .ofs_y = 0},
    {.bitmap_index = 15118, .adv_w = 164, .box_w = 10, .box_h = 15, .ofs_x = 0, .ofs_y = -3},
    {.bitmap_index = 15193, .adv_w = 135, .box_w = 8, .box_h = 12, .ofs_x = 0, .ofs_y = -3},
    {.bitmap_index = 15241, .adv_w = 164, .box_w = 10, .box_h = 16, .ofs_x = 0, .ofs_y = 0},
    {.bitmap_index = 15321, .adv_w = 135, .box_w = 8, .box_h = 13, .ofs_x = 0, .ofs_y = 0},
    {.bitmap_index = 15373, .adv_w = 165, .box_w = 10, .box_h = 15, .ofs_x = 0, .ofs_y = -3},
    {.bitmap_index = 15448, .adv_w = 84, .box_w = 6, .box_h = 15, .ofs_x = 0, .ofs_y = -3},
    {.bitmap_index = 15493, .adv_w = 165, .box_w = 10, .box_h = 16, .ofs_x = 0, .ofs_y = 0},
    {.bitmap_index = 15573, .adv_w = 96, .box_w = 6, .box_h = 13, .ofs_x = 0, .ofs_y = 0},
    {.bitmap_index = 15612, .adv_w = 165, .box_w = 10, .box_h = 12, .ofs_x = 0, .ofs_y = 0},
    {.bitmap_index = 15672, .adv_w = 84, .box_w = 5, .box_h = 11, .ofs_x = 0, .ofs_y = 0},
    {.bitmap_index = 15700, .adv_w = 191, .box_w = 10, .box_h = 15, .ofs_x = 1, .ofs_y = 0},
    {.bitmap_index = 15775, .adv_w = 151, .box_w = 8, .box_h = 12, .ofs_x = 1, .ofs_y = 0},
    {.bitmap_index = 15823, .adv_w = 191, .box_w = 10, .box_h = 15, .ofs_x = 1, .ofs_y = 0},
    {.bitmap_index = 15898, .adv_w = 151, .box_w = 8, .box_h = 12, .ofs_x = 1, .ofs_y = 0},
    {.bitmap_index = 15946, .adv_w = 191, .box_w = 10, .box_h = 16, .ofs_x = 1, .ofs_y = 0},
    {.bitmap_index = 16026, .adv_w = 151, .box_w = 8, .box_h = 13, .ofs_x = 1, .ofs_y = 0},
    {.bitmap_index = 16078, .adv_w = 191, .box_w = 10, .box_h = 16, .ofs_x = 1, .ofs_y = 0},
    {.bitmap_index = 16158, .adv_w = 151, .box_w = 8, .box_h = 14, .ofs_x = 1, .ofs_y = 0},
    {.bitmap_index = 16214, .adv_w = 191, .box_w = 10, .box_h = 16, .ofs_x = 1, .ofs_y = 0},
    {.bitmap_index = 16294, .adv_w = 151, .box_w = 8, .box_h = 13, .ofs_x = 1, .ofs_y = 0},
    {.bitmap_index = 16346, .adv_w = 191, .box_w = 10, .box_h = 15, .ofs_x = 1, .ofs_y = -3},
    {.bitmap_index = 16421, .adv_w = 151, .box_w = 8, .box_h = 12, .ofs_x = 1, .ofs_y = -3},
    {.bitmap_index = 16469, .adv_w = 252, .box_w = 16, .box_h = 16, .ofs_x = 0, .ofs_y = 0},
    {.bitmap_index = 16597, .adv_w = 210, .box_w = 13, .box_h = 13, .ofs_x = 0, .ofs_y = 0},
    {.bitmap_index = 16682, .adv_w = 174, .box_w = 11, .box_h = 16, .ofs_x = 0, .ofs_y = 0},
    {.bitmap_index = 16770, .adv_w = 144, .box_w = 9, .box_h = 16, .ofs_x = 0, .ofs_y = -3},
    {.bitmap_index = 16842, .adv_w = 174, .box_w = 11, .box_h = 15, .ofs_x = 0, .ofs_y = 0},
    {.bitmap_index = 16925, .adv_w = 161, .box_w = 10, .box_h = 16, .ofs_x = 0, .ofs_y = 0},
    {.bitmap_index = 17005, .adv_w = 141, .box_w = 8, .box_h = 13, .ofs_x = 0, .ofs_y = 0},
    {.bitmap_index = 17057, .adv_w = 161, .box_w = 10, .box_h = 15, .ofs_x = 0, .ofs_y = 0},
    {.bitmap_index = 17132, .adv_w = 141, .box_w = 8, .box_h = 12, .ofs_x = 0, .ofs_y = 0},
    {.bitmap_index = 17180, .adv_w = 161, .box_w = 10, .box_h = 16, .ofs_x = 0, .ofs_y = 0},
    {.bitmap_index = 17260, .adv_w = 141, .box_w = 8, .box_h = 13, .ofs_x = 0, .ofs_y = 0},
    {.bitmap_index = 17312, .adv_w = 81, .box_w = 5, .box_h = 12, .ofs_x = 1, .ofs_y = 0},
    {.bitmap_index = 17342, .adv_w = 140, .box_w = 0, .box_h = 0, .ofs_x = 0, .ofs_y = 0},
    {.bitmap_index = 17342, .adv_w = 279, .box_w = 0, .box_h = 0, .ofs_x = 0, .ofs_y = 0},
    {.bitmap_index = 17342, .adv_w = 128, .box_w = 0, .box_h = 0, .ofs_x = 0, .ofs_y = 0},
    {.bitmap_index = 17342, .adv_w = 256, .box_w = 0, .box_h = 0, .ofs_x = 0, .ofs_y = 0},
    {.bitmap_index = 17342, .adv_w = 86, .box_w = 0, .box_h = 0, .ofs_x = 0, .ofs_y = 0},
    {.bitmap_index = 17342, .adv_w = 64, .box_w = 0, .box_h = 0, .ofs_x = 0, .ofs_y = 0},
    {.bitmap_index = 17342, .adv_w = 43, .box_w = 0, .box_h = 0, .ofs_x = 0, .ofs_y = 0},
    {.bitmap_index = 17342, .adv_w = 166, .box_w = 0, .box_h = 0, .ofs_x = 0, .ofs_y = 0},
    {.bitmap_index = 17342, .adv_w = 74, .box_w = 0, .box_h = 0, .ofs_x = 0, .ofs_y = 0},
    {.bitmap_index = 17342, .adv_w = 47, .box_w = 0, .box_h = 0, .ofs_x = 0, .ofs_y = 0},
    {.bitmap_index = 17342, .adv_w = 23, .box_w = 0, .box_h = 0, .ofs_x = 0, .ofs_y = 0},
    {.bitmap_index = 17342, .adv_w = 0, .box_w = 0, .box_h = 0, .ofs_x = 0, .ofs_y = 0},
    {.bitmap_index = 17342, .adv_w = 92, .box_w = 6, .box_h = 3, .ofs_x = 0, .ofs_y = 4},
    {.bitmap_index = 17351, .adv_w = 92, .box_w = 6, .box_h = 3, .ofs_x = 0, .ofs_y = 4},
    {.bitmap_index = 17360, .adv_w = 166, .box_w = 10, .box_h = 3, .ofs_x = 0, .ofs_y = 4},
    {.bitmap_index = 17375, .adv_w = 128, .box_w = 8, .box_h = 3, .ofs_x = 0, .ofs_y = 4},
    {.bitmap_index = 17387, .adv_w = 256, .box_w = 16, .box_h = 3, .ofs_x = 0, .ofs_y = 4},
    {.bitmap_index = 17411, .adv_w = 256, .box_w = 16, .box_h = 3, .ofs_x = 0, .ofs_y = 4},
    {.bitmap_index = 17435, .adv_w = 123, .box_w = 4, .box_h = 20, .ofs_x = 2, .ofs_y = -4},
    {.bitmap_index = 17475, .adv_w = 116, .box_w = 9, .box_h = 5, .ofs_x = -1, .ofs_y = -4},
    {.bitmap_index = 17498, .adv_w = 67, .box_w = 3, .box_h = 5, .ofs_x = 1, .ofs_y = 7},
    {.bitmap_index = 17506, .adv_w = 67, .box_w = 3, .box_h = 5, .ofs_x = 1, .ofs_y = 7},
    {.bitmap_index = 17514, .adv_w = 62, .box_w = 4, .box_h = 5, .ofs_x = 0, .ofs_y = -3},
    {.bitmap_index = 17524, .adv_w = 67, .box_w = 3, .box_h = 5, .ofs_x = 0, .ofs_y = 7},
    {.bitmap_index = 17532, .adv_w = 113, .box_w = 6, .box_h = 5, .ofs_x = 1, .ofs_y = 7},
    {.bitmap_index = 17547, .adv_w = 113, .box_w = 6, .box_h = 5, .ofs_x = 1, .ofs_y = 7},
    {.bitmap_index = 17562, .adv_w = 108, .box_w = 7, .box_h = 5, .ofs_x = 0, .ofs_y = -3},
    {.bitmap_index = 17580, .adv_w = 113, .box_w = 6, .box_h = 5, .ofs_x = 0, .ofs_y = 7},
    {.bitmap_index = 17595, .adv_w = 126, .box_w = 7, .box_h = 9, .ofs_x = 0, .ofs_y = 3},
    {.bitmap_index = 17627, .adv_w = 126, .box_w = 7, .box_h = 12, .ofs_x = 0, .ofs_y = 0},
    {.bitmap_index = 17669, .adv_w = 144, .box_w = 5, .box_h = 6, .ofs_x = 2, .ofs_y = 2},
    {.bitmap_index = 17684, .adv_w = 144, .box_w = 5, .box_h = 6, .ofs_x = 2, .ofs_y = 2},
    {.bitmap_index = 17699, .adv_w = 74, .box_w = 3, .box_h = 3, .ofs_x = 1, .ofs_y = 0},
    {.bitmap_index = 17704, .adv_w = 148, .box_w = 7, .box_h = 3, .ofs_x = 1, .ofs_y = 0},
    {.bitmap_index = 17715, .adv_w = 221, .box_w = 12, .box_h = 3, .ofs_x = 1, .ofs_y = 0},
    {.bitmap_index = 17733, .adv_w = 74, .box_w = 3, .box_h = 3, .ofs_x = 1, .ofs_y = 5},
    {.bitmap_index = 17738, .adv_w = 47, .box_w = 0, .box_h = 0, .ofs_x = 0, .ofs_y = 0},
    {.bitmap_index = 17738, .adv_w = 342, .box_w = 19, .box_h = 12, .ofs_x = 1, .ofs_y = 0},
    {.bitmap_index = 17852, .adv_w = 432, .box_w = 25, .box_h = 12, .ofs_x = 1, .ofs_y = 0},
    {.bitmap_index = 18002, .adv_w = 57, .box_w = 3, .box_h = 5, .ofs_x = 0, .ofs_y = 7},
    {.bitmap_index = 18010, .adv_w = 113, .box_w = 7, .box_h = 5, .ofs_x = 0, .ofs_y = 7},
    {.bitmap_index = 18028, .adv_w = 170, .box_w = 10, .box_h = 5, .ofs_x = 0, .ofs_y = 7},
    {.bitmap_index = 18053, .adv_w = 57, .box_w = 3, .box_h = 5, .ofs_x = 0, .ofs_y = 7},
    {.bitmap_index = 18061, .adv_w = 113, .box_w = 7, .box_h = 5, .ofs_x = 0, .ofs_y = 7},
    {.bitmap_index = 18079, .adv_w = 170, .box_w = 10, .box_h = 5, .ofs_x = 0, .ofs_y = 7},
    {.bitmap_index = 18104, .adv_w = 117, .box_w = 7, .box_h = 4, .ofs_x = 0, .ofs_y = -4},
    {.bitmap_index = 18118, .adv_w = 98, .box_w = 6, .box_h = 8, .ofs_x = 0, .ofs_y = 1},
    {.bitmap_index = 18142, .adv_w = 98, .box_w = 6, .box_h = 8, .ofs_x = 0, .ofs_y = 1},
    {.bitmap_index = 18166, .adv_w = 164, .box_w = 10, .box_h = 9, .ofs_x = 0, .ofs_y = 1},
    {.bitmap_index = 18211, .adv_w = 147, .box_w = 7, .box_h = 12, .ofs_x = 1, .ofs_y = 0},
    {.bitmap_index = 18253, .adv_w = 130, .box_w = 8, .box_h = 12, .ofs_x = 0, .ofs_y = 0},
    {.bitmap_index = 18301, .adv_w = 138, .box_w = 8, .box_h = 3, .ofs_x = 0, .ofs_y = 12},
    {.bitmap_index = 18313, .adv_w = 209, .box_w = 13, .box_h = 3, .ofs_x = 0, .ofs_y = -4},
    {.bitmap_index = 18333, .adv_w = 209, .box_w = 13, .box_h = 3, .ofs_x = 0, .ofs_y = 9},
    {.bitmap_index = 18353, .adv_w = 116, .box_w = 7, .box_h = 10, .ofs_x = 0, .ofs_y = -5},
    {.bitmap_index = 18388, .adv_w = 185, .box_w = 10, .box_h = 10, .ofs_x = 1, .ofs_y = 1},
    {.bitmap_index = 18438, .adv_w = 144, .box_w = 5, .box_h = 3, .ofs_x = 2, .ofs_y = 3},
    {.bitmap_index = 18446, .adv_w = 49, .box_w = 11, .box_h = 12, .ofs_x = -4, .ofs_y = 0},
    {.bitmap_index = 18512, .adv_w = 93, .box_w = 4, .box_h = 16, .ofs_x = 1, .ofs_y = -3},
    {.bitmap_index = 18544, .adv_w = 93, .box_w = 5, .box_h = 16, .ofs_x = 0, .ofs_y = -3},
    {.bitmap_index = 18584, .adv_w = 262, .box_w = 16, .box_h = 12, .ofs_x = 0, .ofs_y = 0},
    {.bitmap_index = 18680, .adv_w = 205, .box_w = 12, .box_h = 12, .ofs_x = 0, .ofs_y = 0},
    {.bitmap_index = 18752, .adv_w = 205, .box_w = 11, .box_h = 12, .ofs_x = 1, .ofs_y = 0},
    {.bitmap_index = 18818, .adv_w = 114, .box_w = 7, .box_h = 12, .ofs_x = 0, .ofs_y = -3},
    {.bitmap_index = 18860, .adv_w = 154, .box_w = 8, .box_h = 12, .ofs_x = 1, .ofs_y = 0},
    {.bitmap_index = 18908, .adv_w = 152, .box_w = 8, .box_h = 8, .ofs_x = 1, .ofs_y = 1},
    {.bitmap_index = 18940, .adv_w = 152, .box_w = 8, .box_h = 8, .ofs_x = 1, .ofs_y = 1},
    {.bitmap_index = 18972, .adv_w = 128, .box_w = 8, .box_h = 7, .ofs_x = 0, .ofs_y = -1},
    {.bitmap_index = 19000, .adv_w = 77, .box_w = 3, .box_h = 12, .ofs_x = 1, .ofs_y = -3},
    {.bitmap_index = 19018, .adv_w = 208, .box_w = 13, .box_h = 16, .ofs_x = 0, .ofs_y = -4},
    {.bitmap_index = 19122, .adv_w = 138, .box_w = 7, .box_h = 15, .ofs_x = 1, .ofs_y = -3},
    {.bitmap_index = 19175, .adv_w = 189, .box_w = 11, .box_h = 12, .ofs_x = 0, .ofs_y = 0},
    {.bitmap_index = 19241, .adv_w = 186, .box_w = 10, .box_h = 5, .ofs_x = 1, .ofs_y = 4},
    {.bitmap_index = 19266, .adv_w = 209, .box_w = 13, .box_h = 4, .ofs_x = 0, .ofs_y = -5},
    {.bitmap_index = 19292, .adv_w = 141, .box_w = 7, .box_h = 7, .ofs_x = 1, .ofs_y = 1},
    {.bitmap_index = 19317, .adv_w = 226, .box_w = 14, .box_h = 5, .ofs_x = 0, .ofs_y = 7},
    {.bitmap_index = 19352, .adv_w = 72, .box_w = 0, .box_h = 0, .ofs_x = 0, .ofs_y = 0},
    {.bitmap_index = 19352, .adv_w = 171, .box_w = 10, .box_h = 12, .ofs_x = 0, .ofs_y = 0}
};

/*---------------------
 *  CHARACTER MAPPING
 *--------------------*/

static const uint16_t unicode_list_7[] = {
    0x0, 0x8, 0x55
};

/*Collect the unicode lists and glyph_id offsets*/
static const lv_font_fmt_txt_cmap_t cmaps[] =
{
    {
        .range_start = 32, .range_length = 95, .glyph_id_start = 1,
        .unicode_list = NULL, .glyph_id_ofs_list = NULL, .list_length = 0, .type = LV_FONT_FMT_TXT_CMAP_FORMAT0_TINY
    },
    {
        .range_start = 160, .range_length = 13, .glyph_id_start = 96,
        .unicode_list = NULL, .glyph_id_ofs_list = NULL, .list_length = 0, .type = LV_FONT_FMT_TXT_CMAP_FORMAT0_TINY
    },
    {
        .range_start = 174, .range_length = 155, .glyph_id_start = 109,
        .unicode_list = NULL, .glyph_id_ofs_list = NULL, .list_length = 0, .type = LV_FONT_FMT_TXT_CMAP_FORMAT0_TINY
    },
    {
        .range_start = 330, .range_length = 54, .glyph_id_start = 264,
        .unicode_list = NULL, .glyph_id_ofs_list = NULL, .list_length = 0, .type = LV_FONT_FMT_TXT_CMAP_FORMAT0_TINY
    },
    {
        .range_start = 8192, .range_length = 12, .glyph_id_start = 318,
        .unicode_list = NULL, .glyph_id_ofs_list = NULL, .list_length = 0, .type = LV_FONT_FMT_TXT_CMAP_FORMAT0_TINY
    },
    {
        .range_start = 8208, .range_length = 24, .glyph_id_start = 330,
        .unicode_list = NULL, .glyph_id_ofs_list = NULL, .list_length = 0, .type = LV_FONT_FMT_TXT_CMAP_FORMAT0_TINY
    },
    {
        .range_start = 8239, .range_length = 39, .glyph_id_start = 354,
        .unicode_list = NULL, .glyph_id_ofs_list = NULL, .list_length = 0, .type = LV_FONT_FMT_TXT_CMAP_FORMAT0_TINY
    },
    {
        .range_start = 8279, .range_length = 86, .glyph_id_start = 393,
        .unicode_list = unicode_list_7, .glyph_id_ofs_list = NULL, .list_length = 3, .type = LV_FONT_FMT_TXT_CMAP_SPARSE_TINY
    }
};

/*-----------------
 *    KERNING
 *----------------*/


/*Map glyph_ids to kern left classes*/
static const uint8_t kern_left_class_mapping[] =
{
    0, 0, 0, 1, 0, 0, 2, 3,
    1, 4, 5, 6, 7, 8, 7, 8,
    9, 10, 11, 12, 13, 14, 15, 16,
    17, 13, 10, 18, 18, 0, 19, 20,
    0, 21, 0, 0, 0, 0, 0, 0,
    0, 0, 0, 0, 0, 0, 0, 0,
    0, 0, 0, 0, 0, 0, 0, 0,
    0, 0, 0, 0, 4, 22, 5, 6,
    23, 0, 0, 0, 0, 0, 0, 0,
    0, 0, 0, 0, 0, 0, 0, 0,
    0, 0, 0, 0, 0, 0, 0, 0,
    0, 0, 0, 0, 4, 11, 5, 7,
    0, 24, 25, 0, 0, 0, 0, 0,
    0, 21, 0, 0, 0, 26, 0, 6,
    19, 0, 0, 0, 27, 11, 28, 0,
    0, 0, 29, 0, 0, 0, 30, 0,
    0, 0, 0, 0, 0, 0, 0, 0,
    0, 0, 0, 0, 0, 0, 0, 0,
    0, 0, 0, 0, 0, 0, 31, 0,
    0, 0, 0, 0, 0, 0, 0, 0,
    0, 0, 0, 0, 0, 0, 0, 0,
    0, 0, 0, 0, 0, 0, 0, 0,
    0, 0, 0, 0, 0, 0, 7, 0,
    0, 0, 0, 0, 0, 0, 0, 0,
    0, 0, 0, 0, 0, 0, 0, 0,
    0, 0, 0, 0, 0, 0, 0, 0,
    0, 0, 0, 0, 0, 0, 0, 0,
    0, 0, 0, 0, 0, 0, 0, 0,
    0, 0, 0, 0, 0, 0, 0, 0,
    0, 0, 0, 0, 0, 0, 0, 0,
    0, 0, 0, 0, 0, 0, 0, 0,
    0, 0, 0, 0, 0, 0, 0, 0,
    0, 0, 0, 0, 0, 0, 0, 0,
    0, 0, 0, 0, 0, 0, 0, 0,
    0, 0, 0, 0, 0, 0, 0, 0,
    0, 0, 0, 0, 0, 0, 0, 0,
    0, 0, 0, 0, 0, 0, 0, 0,
    0, 0, 0, 0, 0, 0, 0, 0,
    0, 0, 0, 0, 0, 0, 0, 0,
    0, 0, 0, 0, 0, 0, 0, 0,
    0, 0, 0, 0, 0, 0, 0, 0,
    0, 0, 0, 0, 0, 0, 0, 0,
    0, 0, 32, 33, 34, 0, 32, 33,
    34, 0, 35, 35, 31, 31, 0, 0,
    36, 0, 0, 0, 0, 0, 0, 33,
    0, 0, 0, 0, 0, 29, 0, 0,
    0, 0, 0, 0, 0, 0, 31, 0,
    0, 0, 0, 0, 0, 0, 37, 38,
    31, 0, 18, 0, 0, 0, 0, 0,
    0, 0, 0, 0
};

/*Map glyph_ids to kern right classes*/
static const uint8_t kern_right_class_mapping[] =
{
    0, 0, 0, 1, 2, 0, 0, 3,
    1, 0, 4, 5, 6, 7, 6, 8,
    9, 10, 11, 12, 13, 14, 15, 10,
    16, 17, 18, 19, 19, 20, 21, 0,
    22, 23, 0, 0, 0, 0, 0, 0,
    0, 0, 0, 0, 0, 0, 0, 0,
    0, 0, 0, 0, 0, 0, 0, 0,
    0, 0, 0, 0, 0, 24, 4, 5,
    25, 0, 0, 0, 0, 0, 0, 0,
    0, 0, 0, 0, 0, 0, 0, 0,
    0, 0, 0, 0, 0, 0, 0, 0,
    0, 0, 0, 0, 0, 26, 4, 27,
    0, 0, 28, 0, 0, 0, 0, 0,
    0, 23, 0, 29, 30, 31, 0, 5,
    21, 0, 0, 0, 32, 33, 6, 0,
    0, 0, 34, 0, 0, 0, 35, 0,
    0, 0, 0, 0, 0, 0, 0, 0,
    0, 0, 0, 0, 0, 0, 0, 0,
    0, 0, 0, 0, 0, 0, 34, 0,
    0, 0, 0, 0, 0, 0, 0, 0,
    0, 0, 0, 0, 0, 0, 0, 0,
    0, 0, 0, 0, 0, 0, 0, 0,
    0, 0, 0, 0, 0, 0, 6, 0,
    0, 0, 0, 0, 0, 0, 0, 0,
    0, 0, 0, 0, 0, 0, 0, 0,
    0, 0, 0, 0, 0, 0, 0, 0,
    0, 0, 0, 0, 0, 0, 0, 0,
    0, 0, 0, 0, 0, 0, 0, 0,
    0, 0, 0, 0, 0, 0, 0, 0,
    0, 0, 0, 0, 0, 0, 0, 0,
    0, 0, 0, 0, 0, 0, 0, 0,
    0, 0, 0, 0, 0, 0, 0, 0,
    0, 0, 0, 0, 0, 0, 0, 0,
    0, 0, 0, 0, 0, 0, 0, 0,
    0, 0, 0, 0, 0, 0, 0, 0,
    0, 0, 0, 0, 0, 0, 0, 0,
    0, 0, 0, 0, 0, 0, 0, 0,
    0, 0, 0, 0, 0, 0, 0, 0,
    0, 0, 0, 0, 0, 0, 0, 0,
    0, 0, 0, 0, 0, 0, 0, 0,
    0, 0, 0, 0, 0, 0, 0, 0,
    0, 0, 0, 0, 0, 0, 0, 0,
    0, 0, 36, 37, 38, 39, 36, 37,
    38, 40, 41, 41, 34, 34, 0, 0,
    42, 0, 0, 0, 0, 0, 0, 37,
    0, 0, 0, 0, 29, 34, 0, 0,
    22, 0, 0, 0, 0, 0, 34, 43,
    0, 0, 0, 0, 0, 44, 26, 34,
    45, 0, 19, 0, 0, 0, 0, 0,
    0, 0, 0, 0
};

/*Kern values between classes*/
static const int8_t kern_class_values[] =
{
    0, 0, -9, 0, 0, 0, -21, -21,
    0, 0, 0, 0, 0, -16, 0, 0,
    0, 0, 0, 0, 0, 0, 0, 0,
    0, 0, 0, -4, 0, 0, 0, 0,
    0, 0, 0, 0, 0, 0, 0, 0,
    0, -21, 0, 0, 0, 0, 0, 0,
    0, 0, 0, 0, 0, 0, 0, 0,
    0, 0, 0, 0, 0, 0, 0, 0,
    0, 0, 0, 0, 0, 0, 0, 0,
    0, 0, 0, 0, 0, 0, 0, 0,
    -16, -17, 0, 0, 0, 0, 0, 0,
    0, 0, -9, 0, 0, 0, 0, 0,
    0, 0, 0, 0, 0, 0, 0, 0,
    0, 0, 0, 0, 0, 0, 0, 0,
    0, -16, 0, 0, 0, 0, 0, 0,
    -6, 0, 0, 0, 0, -23, 0, 0,
    0, 0, -10, 0, 0, 0, 0, 0,
    0, 0, 0, 0, 0, 0, 0, 0,
    0, 0, 0, 0, 0, 0, 0, 0,
    0, 0, 0, 0, 0, 0, 0, 0,
    0, 0, -3, 0, 0, 0, 0, 0,
    0, 0, 0, 0, 0, 0, 0, 0,
    0, 0, 0, 0, 0, 0, 0, 0,
    0, 0, 0, 0, 0, 0, 0, 0,
    0, 0, 0, 0, 0, 0, 0, 0,
    0, 0, 0, 0, 0, 0, 0, 0,
    0, 0, 0, 0, 0, 0, 0, -9,
    0, 0, 0, 0, 0, 0, 0, 0,
    0, 0, 0, -9, 0, 0, 0, -35,
    -35, 0, 0, 0, 0, 0, -12, 0,
    0, 0, 0, 0, 0, 0, 0, -3,
    0, -17, 0, 0, 0, 0, 0, 0,
    0, 0, 0, 0, 0, 0, 0, 0,
    0, 0, -35, 0, 0, 0, 0, 0,
    0, 0, 0, 0, 0, 0, 0, 0,
    0, -9, -3, 0, 0, -6, 0, 0,
    0, 0, 0, 0, 0, -13, 0, 0,
    0, 0, 0, 0, 0, 0, -4, 0,
    0, -16, 0, 0, 0, 0, 0, 0,
    0, 0, 0, -21, 0, 0, 0, 0,
    0, 0, 0, 0, -6, -22, 0, -7,
    0, -4, -4, -6, -2, 0, 0, 0,
    -22, -11, 0, 0, 0, 0, 0, 0,
    0, 0, 0, -13, 0, 0, 0, -14,
    0, -35, -35, 0, 0, 0, 0, 0,
    0, 0, 0, 0, 0, 0, -10, -10,
    0, 0, 0, 0, 0, 0, 0, 0,
    0, 0, 0, 0, 0, 0, 0, 0,
    0, 0, 0, 0, 0, 0, 0, 0,
    0, 0, 0, 0, 0, 0, 0, 0,
    0, -10, 0, 0, 0, 0, 0, 0,
    0, 0, 0, -6, -6, 0, 0, 0,
    0, 0, 0, 0, -5, 0, 0, 0,
    0, 0, 0, 0, -2, -12, 0, 0,
    0, 0, 0, 0, 0, 0, 0, 0,
    -12, 0, -13, 0, 0, 0, -6, 0,
    4, 0, 0, 0, 0, 0, 0, 0,
    0, 0, 0, 0, 0, 0, 0, 0,
    0, 0, 0, 0, 0, 0, 0, 0,
    0, 0, 0, 0, 0, 0, 0, 0,
    0, 0, 0, 0, 0, 0, 0, 0,
    0, 0, 0, 0, 0, 4, 0, 0,
    0, 0, 0, 0, 0, 0, 0, 0,
    0, 0, 0, 0, -4, 0, 0, 0,
    0, 0, 0, 0, 0, 0, 0, 0,
    0, 0, 0, 0, 0, 0, 0, 0,
    0, 0, 0, 0, 0, 0, 0, 0,
    0, 0, 0, 0, 0, 0, 0, 0,
    -4, 0, -6, -6, 0, 0, 0, 0,
    0, 0, 0, 0, 0, 0, 0, 0,
    0, 0, 0, 0, 0, 0, 0, 0,
    -9, 0, 0, 0, 0, 0, 0, 0,
    0, -13, 0, 0, 0, -6, 0, 0,
    0, 0, 0, 0, 0, -5, 0, -9,
    -9, 0, 0, -5, 0, 0, 0, 0,
    0, 0, 0, 0, 0, 0, 0, 0,
    0, 0, 0, 0, 0, 0, 0, -1,
    0, -10, 0, 0, 0, 0, 0, 0,
    0, 0, -9, 0, 0, 0, 0, 0,
    0, 0, 0, 0, -7, -7, 0, 0,
    0, 0, 0, 0, 0, 0, 0, 0,
    0, 0, 0, 0, 0, 0, 0, 0,
    0, 0, 0, 0, -1, 0, 0, 0,
    0, 0, 0, 0, 0, 0, 0, -7,
    0, 0, 0, 0, 0, 0, 0, 0,
    0, -9, -9, 0, 0, 0, 0, 0,
    0, 0, 0, 0, 0, 0, 0, 0,
    0, 0, 0, -12, 0, 0, 0, 0,
    0, 0, 0, 0, 0, 0, 0, 0,
    -12, 0, 0, 0, -9, 0, 0, 0,
    0, -14, -12, 0, 0, 0, -32, -32,
    0, -4, 0, 0, -4, -15, -2, 5,
    -4, -2, -9, -23, 0, 0, 0, 0,
    -41, 0, 0, -13, -16, 0, 0, 0,
    0, 0, 0, 0, 0, -36, 0, 0,
    0, -32, 0, 0, -13, 0, 0, 0,
    0, 0, 0, 0, 0, 0, 0, 0,
    0, 0, 0, 0, 0, 0, 0, 0,
    0, 0, 0, 0, -16, 0, 0, 0,
    0, 0, 0, 0, 0, 0, 0, 0,
    -12, 0, 0, 0, 0, 0, 0, 0,
    0, 0, 0, 0, 0, 0, 0, 0,
    0, 0, 0, 0, 0, 0, 0, 0,
    0, 0, 0, 0, 0, 0, 0, 0,
    0, -17, 0, 0, 0, 0, 0, 0,
    0, 0, 0, 0, 0, -14, 0, 0,
    0, 0, 0, 0, 0, 0, 0, 0,
    0, 0, 0, 0, 0, 0, 0, 0,
    0, 0, 0, 0, 0, 0, -19, 0,
    0, 0, 0, 0, 0, 0, -19, 0,
    0, 0, 0, 0, 0, 0, 0, 0,
    0, 0, -25, 0, 0, 0, 0, 0,
    0, 0, 0, 0, 0, 0, 0, 0,
    0, 0, -11, -11, -10, 0, 0, 0,
    0, 0, 0, 0, 0, 0, 0, 0,
    0, 0, 0, -9, -10, 0, 0, 0,
    0, 0, -1, 0, 0, 0, 0, -9,
    0, -10, 0, 0, 0, -11, 0, 0,
    0, -20, 0, 0, 0, -20, -9, 0,
    0, 5, 0, -9, 0, 0, 0, 0,
    0, 0, 0, 0, 0, -13, -16, -9,
    -12, 0, 0, -9, 0, -9, -9, -18,
    0, -12, -9, 0, -11, -14, 0, 0,
    0, -19, 0, -1, -5, 0, 0, 0,
    0, 0, -17, 0, 0, 0, 0, -12,
    -28, 0, -12, -14, -12, 0, -12, -12,
    0, 0, 0, 0, -10, -20, 0, 9,
    0, 0, 0, 0, 0, 0, -12, 0,
    0, -10, 0, 0, 0, 0, 0, 0,
    0, 0, 9, 0, 0, 0, 0, 0,
    0, 0, 0, 0, 0, 0, 0, 0,
    0, 0, 0, 0, 0, 0, 0, 0,
    0, 0, -9, 0, 0, 0, 0, 0,
    0, 0, 0, 0, 0, 0, -9, 0,
    0, 0, 0, 0, 0, 0, 0, 0,
    -4, 0, 0, -3, 0, 0, 0, 0,
    0, 0, -9, 0, 0, 0, 0, 0,
    0, 0, 0, 0, 0, 0, 0, -13,
    0, 0, 0, 0, 0, 0, -3, 0,
    0, 0, 0, -16, -6, 0, 0, 0,
    -9, 0, 0, 0, 0, 0, 0, -9,
    0, 0, 0, 0, 0, 0, 0, 0,
    0, 0, -13, 0, 0, 0, 0, 0,
    0, 0, 0, -1, 0, 0, 0, 0,
    -7, 0, 0, 0, 0, 0, 0, 0,
    0, 0, 0, 0, 0, 0, 0, 0,
    0, 0, 0, 0, 0, 0, 0, -10,
    0, 0, -9, 0, 0, 0, 0, 0,
    0, 0, 0, 0, 0, -10, 0, 0,
    0, 0, -9, 0, -10, 0, 0, -9,
    0, 0, 0, 0, 0, -13, 4, 0,
    0, 0, 0, 0, 0, 0, 0, 0,
    0, 0, 0, 0, 0, 0, 0, 0,
    0, 0, -9, -3, 0, 0, -6, 0,
    0, 0, 0, 0, 0, 0, -10, 0,
    0, 0, 0, 0, 0, 0, 0, -4,
    0, 0, -16, 0, 0, 0, 0, 0,
    0, 0, 0, 0, 0, 0, 0, 0,
    0, 0, 0, 0, 0, 0, -10, -13,
    -12, 0, 0, -13, -9, 0, 0, 0,
    0, 0, 0, -16, 0, 0, 0, 0,
    0, 0, 0, 0, 0, 0, 0, -22,
    0, 0, 0, 0, 0, 0, 0, 0,
    0, 0, 0, 0, 0, 0, 0, 0,
    0, 0, 0, 0, 0, 0, 0, 0,
    0, 0, 0, 0, 0, 0, 0, 0,
    -20, 0, 0, 0, 0, 0, 0, 0,
    0, 0, 0, 0, -16, -9, 0, 0,
    0, 0, 0, 0, 0, 0, 0, 0,
    0, 0, 0, 0, 0, 0, 0, 0,
    0, 0, 0, 0, 0, 0, 0, 0,
    0, 0, 0, 0, 0, -10, 0, 0,
    0, 0, 0, 0, 0, 0, 0, 0,
    0, 0, 0, 0, 0, 0, 0, 0,
    0, 0, 0, 0, 0, -16, 0, 0,
    0, -22, -22, -25, 0, 0, 0, 0,
    -16, 0, 0, 0, 0, 0, 0, 0,
    0, 0, 0, 0, 0, 0, -10, 0,
    0, 0, 0, 0, 0, -16, 0, 0,
    -16, 0, 0, 0, -22, 0, 0, 0,
    0, -32, -17, 0, 0, -16, -25, -25,
    -36, -12, 0, 0, 0, -25, 0, -16,
    -10, 0, -14, -25, -14, 0, -14, 0,
    -10, 0, -12, -16, -22, -16, 0, -12,
    -3, 0, -17, 0, 0, 0, 0, 0,
    0, -25, 0, 4, -5, 0, 0, 0,
    0, 0, 0, 0, 0, 0, 0, -17,
    0, 0, 0, 0, 0, 0, 0, 0,
    0, 0, 0, -10, -23, 0, 0, 0,
    0, 0, 0, 0, 0, 0, 0, 0,
    -32, -25, 0, 0, 0, 0, 0, 0,
    0, 0, 0, 0, -10, 0, 0, 0,
    0, 0, 0, 0, 0, 0, 0, 0,
    0, 0, 0, 0, 0, 0, 0, 0,
    0, 0, 0, 0, 0, -9, 0, 0,
    0, 0, 0, 0, 0, 0, 0, 0,
    0, 0, 0, 0, 0, 0, 0, -21,
    0, 0, 0, 0, 0, 0, 0, 0,
    -6, -22, 0, -7, 0, -4, -4, -6,
    -2, 0, 0, 0, -22, -11, 0, 0,
    0, 0, 0, 0, 0, 0, 0, -13,
    0, 0, 0, -14, 0, -35, -46, 0,
    0, 0, 0, 0, 0, 0, -9, 0,
    0, -12, -10, -9, 0, 0, 0, 0,
    0, 0, 0, 0, 0, 0, 0, 0,
    0, 0, 0, 0, 0, 0, -12, -1,
    0, -12, 0, 0, 0, 0, 0, 0,
    0, -36, 0, 0, 0, -25, 0, 0,
    0, 0, 0, 0, 0, 0, 0, 0,
    0, 0, 0, -10, 0, 0, 0, 0,
    0, 0, 0, 0, 0, 0, 0, 0,
    -13, 0, 0, 0, 0, 0, 0, -2,
    0, 0, 0, 0, -12, -5, 0, 0,
    0, 0, 0, 0, 0, 0
};


/*Collect the kern class' data in one place*/
static const lv_font_fmt_txt_kern_classes_t kern_classes =
{
    .class_pair_values   = kern_class_values,
    .left_class_mapping  = kern_left_class_mapping,
    .right_class_mapping = kern_right_class_mapping,
    .left_class_cnt      = 38,
    .right_class_cnt     = 45,
};

/*--------------------
 *  ALL CUSTOM DATA
 *--------------------*/

#if LVGL_VERSION_MAJOR == 8
/*Store all the custom data of the font*/
static  lv_font_fmt_txt_glyph_cache_t cache;
#endif

#if LVGL_VERSION_MAJOR >= 8
static const lv_font_fmt_txt_dsc_t font_dsc = {
#else
static lv_font_fmt_txt_dsc_t font_dsc = {
#endif
    .glyph_bitmap = glyph_bitmap,
    .glyph_dsc = glyph_dsc,
    .cmaps = cmaps,
    .kern_dsc = &kern_classes,
    .kern_scale = 16,
    .cmap_num = 8,
    .bpp = 4,
    .kern_classes = 1,
    .bitmap_format = 0,
#if LVGL_VERSION_MAJOR == 8
    .cache = &cache
#endif
};



/*-----------------
 *  PUBLIC FONT
 *----------------*/

/*Initialize a public general font descriptor*/
#if LVGL_VERSION_MAJOR >= 8
const lv_font_t ui_font_16 = {
#else
lv_font_t ui_font_16 = {
#endif
    .get_glyph_dsc = lv_font_get_glyph_dsc_fmt_txt,    /*Function pointer to get glyph's data*/
    .get_glyph_bitmap = lv_font_get_bitmap_fmt_txt,    /*Function pointer to get glyph's bitmap*/
    .line_height = 21,          /*The maximum line height required by the font*/
    .base_line = 5,             /*Baseline measured from the bottom of the line*/
#if !(LVGL_VERSION_MAJOR == 6 && LVGL_VERSION_MINOR == 0)
    .subpx = LV_FONT_SUBPX_NONE,
#endif
#if LV_VERSION_CHECK(7, 4, 0) || LVGL_VERSION_MAJOR >= 8
    .underline_position = -3,
    .underline_thickness = 1,
#endif
    .dsc = &font_dsc,          /*The custom font data. Will be accessed by `get_glyph_bitmap/dsc` */
#if LV_VERSION_CHECK(8, 2, 0) || LVGL_VERSION_MAJOR >= 9
    .fallback = &ui_font_cyrillic_16,
#endif
    .user_data = NULL,
};



#endif /*#if UI_FONT_16*/
