/*******************************************************************************
 * Size: 40 px
 * Bpp: 4
 * Opts: --bpp 4 --size 40 --font materialdesignicons-webfont.woff --range 0xF0054,0xF0156,0xF0384,0xF0393,0xF040A,0xF04AD,0xF04AE,0xF04C3,0xF0502,0xF057E,0xF0581,0xF0590,0xF0591,0xF0592,0xF0593,0xF0594,0xF0595,0xF0596,0xF0597,0xF0598,0xF0599,0xF059A,0xF059B,0xF059C,0xF059D,0xF059E,0xF061A,0xF067E,0xF067F,0xF06E8,0xF0709,0xF0898,0xF0E6E,0xF0F2F,0xF0F30,0xF0F31,0xF0F32,0xF0F33,0xF0F34,0xF0F35,0xF0F36,0xF0F37,0xF0F38,0xF1110,0xF14E4,0xF17C9,0xF18F6,0xF1B5A,0xF1C78,0xF1D15,0xF1D16,0xF1D17 --format lvgl --lv-font-name mdi_icons_40_reduced
 ******************************************************************************/

#include "lvgl.h"

#ifndef MDI_ICONS_40_REDUCED
#define MDI_ICONS_40_REDUCED 1
#endif

#if MDI_ICONS_40_REDUCED

/*-----------------
 *    BITMAPS
 *----------------*/

/*Store the image of the glyphs*/
static LV_ATTRIBUTE_LARGE_CONST const uint8_t glyph_bitmap[] = {
    /* U+F0054 "󰁔" */
    0x0, 0xff, 0xe0, 0xca, 0x80, 0x7f, 0xf3, 0x69,
    0xa9, 0x40, 0x3f, 0xf9, 0x66, 0xa0, 0xa, 0x50,
    0xf, 0xfe, 0x51, 0xc8, 0x5, 0x4a, 0x1, 0xff,
    0xca, 0x69, 0x0, 0xa9, 0x40, 0x3f, 0xf9, 0x4d,
    0x20, 0x15, 0x28, 0x7, 0xff, 0x29, 0xa4, 0x2,
    0xa5, 0x0, 0xff, 0xe5, 0x34, 0x80, 0x54, 0xa0,
    0x1f, 0xfc, 0xa6, 0x90, 0xa, 0x94, 0x3, 0xff,
    0x94, 0xd2, 0x1, 0x52, 0x80, 0x7f, 0xf2, 0x9a,
    0x40, 0x2a, 0x50, 0x8, 0x99, 0xbf, 0xf8, 0xc0,
    0x60, 0x15, 0x28, 0x1, 0xe6, 0x7f, 0xf8, 0xe6,
    0x1, 0xa9, 0x40, 0x3f, 0xf9, 0xfc, 0x2, 0x45,
    0xff, 0xc7, 0x10, 0xc, 0x96, 0x9, 0xbb, 0xff,
    0xc6, 0xc3, 0x0, 0x92, 0xc0, 0x3f, 0xf9, 0x3,
    0x84, 0x0, 0x4b, 0x0, 0xff, 0xe4, 0xe, 0x10,
    0x1, 0x2c, 0x3, 0xff, 0x90, 0x38, 0x40, 0x4,
    0xb0, 0xf, 0xfe, 0x40, 0xe1, 0x0, 0x12, 0xc0,
    0x3f, 0xf9, 0x3, 0x84, 0x0, 0x4b, 0x0, 0xff,
    0xe4, 0xe, 0x10, 0x1, 0x2c, 0x3, 0xff, 0x90,
    0x38, 0x40, 0x4, 0xb0, 0xf, 0xfe, 0x40, 0xe1,
    0x0, 0x12, 0xc0, 0x3f, 0xf9, 0x26, 0x60, 0x2,
    0x58, 0x7, 0xff, 0x28, 0xb0, 0x52, 0xc0, 0x3f,
    0xf9, 0x85, 0x96, 0x1, 0xff, 0xc1,

    /* U+F0156 "󰅖" */
    0x0, 0x28, 0x7, 0xff, 0x19, 0x40, 0x27, 0xac,
    0x0, 0xff, 0xe2, 0x65, 0x30, 0x2c, 0x1, 0xe0,
    0x7, 0xff, 0xb, 0xc, 0x25, 0x54, 0x60, 0x3,
    0xc0, 0xf, 0xfe, 0x6, 0x18, 0x0, 0xd4, 0x30,
    0xc0, 0x7, 0x80, 0x1f, 0xec, 0x30, 0x1, 0xe0,
    0x5, 0x86, 0x0, 0x3c, 0x0, 0xfd, 0x86, 0x0,
    0x3c, 0x0, 0xec, 0x30, 0x1, 0xe0, 0x7, 0xb0,
    0xc0, 0x7, 0x80, 0x1f, 0x61, 0x80, 0xf, 0x0,
    0x36, 0x18, 0x0, 0xf0, 0x3, 0xfb, 0xc, 0x0,
    0x78, 0x0, 0xc3, 0x0, 0x1e, 0x0, 0x7f, 0xd8,
    0x60, 0x3, 0xcc, 0x18, 0x0, 0xf0, 0x3, 0xff,
    0x83, 0x86, 0x0, 0x33, 0x0, 0xf, 0x0, 0x3f,
    0xf8, 0x78, 0x60, 0x18, 0xf0, 0x3, 0xff, 0xb9,
    0x86, 0x1, 0x8f, 0x0, 0x3f, 0xf8, 0x78, 0x60,
    0x3, 0x30, 0x0, 0xf0, 0x3, 0xff, 0x83, 0x86,
    0x0, 0x3c, 0xc1, 0x80, 0xf, 0x0, 0x3f, 0xec,
    0x30, 0x1, 0xe0, 0x3, 0xc, 0x0, 0x78, 0x1,
    0xfd, 0x86, 0x0, 0x3c, 0x0, 0xd8, 0x60, 0x3,
    0xc0, 0xf, 0xb0, 0xc0, 0x7, 0x80, 0x1e, 0xc3,
    0x0, 0x1e, 0x0, 0x76, 0x18, 0x0, 0xf0, 0x3,
    0xf6, 0x18, 0x0, 0xf0, 0x2, 0xc3, 0x0, 0x1e,
    0x0, 0x7f, 0xb0, 0xc0, 0x7, 0x80, 0xa6, 0x0,
    0x3c, 0x0, 0xff, 0xe0, 0x61, 0x80, 0xd, 0x55,
    0x0, 0x78, 0x1, 0xff, 0xc2, 0xc3, 0x8, 0x50,
    0x7a, 0xc0, 0xf, 0xfe, 0x26, 0x53, 0x80,

    /* U+F0384 "󰎄" */
    0x5, 0xdf, 0xff, 0xfe, 0x66, 0xa8, 0x35, 0x10,
    0x7, 0xff, 0x30, 0xa9, 0x6c, 0x3, 0xff, 0xa1,
    0x4, 0x1, 0xff, 0xd0, 0x20, 0xf, 0xff, 0xfa,
    0xaf, 0x8c, 0x3, 0xff, 0x97, 0x55, 0xe9, 0x0,
    0xff, 0xff, 0x80, 0x7f, 0x2f, 0xfe, 0xa0, 0xf,
    0xff, 0xf8, 0x7, 0xff, 0xcd, 0xf7, 0xf5, 0x80,
    0x3f, 0xf9, 0x95, 0x4, 0x5, 0x20, 0x1f, 0xfc,
    0xb4, 0x50, 0xf, 0xfe, 0x86, 0x80, 0x7f, 0xf6,
    0x4c, 0x3, 0xff, 0x93, 0xe0, 0x1f, 0x78, 0x7,
    0xff, 0x25, 0x88, 0x3, 0x89, 0x80, 0x3f, 0xf9,
    0x5e, 0x60, 0x11, 0xf8, 0x7, 0xff, 0x2c, 0xb3,
    0x15, 0x98, 0x20, 0xf, 0xfe, 0x69, 0xa9, 0x80,
    0x7f, 0xff, 0xc0, 0x80, 0x3f, 0xfa, 0x5, 0x60,
    0x1f, 0xfd, 0x8, 0x69, 0x20, 0xf, 0xfe, 0x61,
    0x4a, 0x80,

    /* U+F0393 "󰎓" */
    0x0, 0xff, 0xe0, 0x1b, 0xd6, 0x6e, 0xb2, 0x9c,
    0xc0, 0x3f, 0xf9, 0x23, 0x1d, 0x90, 0xa6, 0x44,
    0x35, 0x8c, 0xe8, 0x10, 0xf, 0xfe, 0x2c, 0x73,
    0x88, 0x7, 0xf8, 0x5f, 0xa0, 0x3, 0xff, 0x84,
    0x7a, 0xe0, 0x1f, 0xfc, 0x47, 0xd2, 0x0, 0xff,
    0x97, 0x8, 0x3, 0xff, 0x8c, 0x5a, 0x80, 0x1f,
    0xc9, 0x40, 0x1f, 0x2c, 0xe6, 0xe5, 0xc1, 0x80,
    0x7d, 0x66, 0x1, 0xf1, 0xd8, 0x7, 0xa3, 0xe9,
    0x8c, 0x8d, 0x1f, 0x30, 0x80, 0x1e, 0xd2, 0x0,
    0xf7, 0x0, 0x71, 0xeb, 0x80, 0x7f, 0x1d, 0xb8,
    0x7, 0xf, 0x0, 0x74, 0x10, 0x6, 0x4c, 0x20,
    0xf, 0xf8, 0x54, 0x3, 0xc6, 0xe0, 0x10, 0xb8,
    0x6, 0x2b, 0x0, 0xff, 0xe0, 0xe9, 0x0, 0x7d,
    0x20, 0x13, 0x0, 0x77, 0x80, 0x7c, 0x8c, 0xa4,
    0x0, 0xc3, 0x0, 0xa, 0x80, 0x61, 0x70, 0x5,
    0x0, 0x66, 0x20, 0xe, 0x7f, 0xb9, 0xad, 0xcc,
    0x18, 0x0, 0xbe, 0x88, 0x3, 0x58, 0x11, 0x0,
    0x34, 0x0, 0x75, 0xc0, 0x7, 0x19, 0x80, 0x5,
    0x82, 0x10, 0x1, 0x8c, 0x90, 0x3, 0x18, 0x80,
    0x69, 0x40, 0xf, 0xe2, 0xc1, 0x0, 0x28, 0x80,
    0x67, 0xf0, 0xc, 0x80, 0x18, 0x98, 0x3, 0xfe,
    0x10, 0xc, 0x80, 0x1b, 0x48, 0x3, 0x68, 0x6,
    0xa0, 0xf, 0xf8, 0x8c, 0x3, 0x60, 0x6, 0x20,
    0xe, 0x10, 0xc, 0x60, 0x1f, 0xfc, 0x5, 0x0,
    0xc6, 0x1, 0x84, 0x3, 0xff, 0x96, 0x20, 0x18,
    0x40, 0x3f, 0xc2, 0x1, 0x84, 0x3, 0xff, 0x80,
    0x40, 0x18, 0x80, 0x30, 0x90, 0x6, 0xd0, 0xd,
    0xe0, 0x1f, 0xfc, 0x4, 0x0, 0xdc, 0x1, 0x8b,
    0xc0, 0x32, 0x0, 0x65, 0x20, 0xf, 0xf3, 0x8,
    0x6, 0x50, 0xd, 0xa8, 0x1, 0x8c, 0x40, 0x37,
    0x0, 0x7f, 0x14, 0x80, 0x62, 0x20, 0x6, 0x42,
    0x20, 0x6, 0x80, 0xc, 0xa0, 0x1f, 0xc4, 0x60,
    0x1a, 0x0, 0x31, 0x88, 0x50, 0x6, 0x62, 0x0,
    0x34, 0x80, 0x7f, 0xb0, 0xc0, 0x6, 0xa0, 0x1a,
    0x80, 0xc, 0x1, 0xdc, 0xd, 0x20, 0x1f, 0xfc,
    0xc, 0x41, 0xe0, 0xc, 0x2c, 0x0, 0x17, 0x0,
    0xc7, 0x92, 0x1, 0xff, 0xc2, 0xbd, 0x20, 0xd,
    0x20, 0x1a, 0x8, 0x3, 0x18, 0x7, 0xff, 0x10,
    0xc0, 0x31, 0x38, 0x7, 0x70, 0x7, 0xff, 0x3b,
    0xc0, 0x3c, 0x74, 0x1, 0xff, 0xcc, 0xb2, 0x0,
    0xf9, 0x68, 0x3, 0xff, 0x95, 0x68, 0x1, 0xfc,
    0xb8, 0x40, 0x1f, 0xfc, 0x62, 0xc4, 0x0, 0xff,
    0x8f, 0x5c, 0x3, 0xff, 0x88, 0xfa, 0x60, 0x1f,
    0xfc, 0x28, 0xe7, 0x10, 0xf, 0xf0, 0xbf, 0x40,
    0x7, 0xff, 0x14, 0x63, 0xb2, 0x14, 0xc8, 0x86,
    0xb1, 0x9d, 0x2, 0x1, 0xfc,

    /* U+F040A "󰐊" */
    0x20, 0xf, 0xfe, 0x34, 0x50, 0x80, 0x7f, 0xf1,
    0x57, 0x98, 0x3, 0xff, 0x8d, 0x38, 0x40, 0x1f,
    0xfc, 0x53, 0xd7, 0x0, 0xff, 0xe3, 0x46, 0x98,
    0x7, 0xff, 0x14, 0xb2, 0x40, 0x3f, 0xf8, 0xcd,
    0xc8, 0x1, 0xff, 0xc5, 0x1b, 0xa1, 0x0, 0xff,
    0xe2, 0xaf, 0x30, 0x7, 0xff, 0x1a, 0x70, 0x80,
    0x3f, 0xf8, 0xa7, 0xae, 0x1, 0xff, 0xc6, 0x93,
    0x0, 0xff, 0xe2, 0x37, 0x18, 0x7, 0xff, 0x8,
    0xb2, 0x40, 0x3f, 0xf8, 0x6f, 0xa6, 0x1, 0xff,
    0xc2, 0x3d, 0x80, 0xf, 0xfe, 0x1c, 0xe1, 0x0,
    0x7f, 0xf0, 0x93, 0x98, 0x3, 0xff, 0x84, 0x35,
    0x62, 0x1, 0xff, 0xc2, 0x6f, 0x50, 0xf, 0xfe,
    0x11, 0x64, 0x88, 0x7, 0xff, 0x9, 0xf4, 0xc0,
    0x3f, 0xf8, 0x59, 0xb0, 0x1, 0xff, 0xc4,

    /* U+F04AD "󰒭" */
    0xa0, 0xf, 0xfe, 0x1a, 0xff, 0xcb, 0xc6, 0x1,
    0xff, 0xc6, 0x1c, 0x80, 0xf, 0xfe, 0x3b, 0xe1,
    0x0, 0x7f, 0xf1, 0x8f, 0x58, 0x3, 0xff, 0x8f,
    0x36, 0x20, 0x1f, 0xfc, 0x64, 0xf4, 0x0, 0xff,
    0xe3, 0xd, 0xc8, 0x7, 0xff, 0x1d, 0xb4, 0x80,
    0x3f, 0xf8, 0xc5, 0xae, 0x1, 0xff, 0xd9, 0x2d,
    0x70, 0xf, 0xfe, 0x23, 0x69, 0x0, 0x7f, 0xf0,
    0xc6, 0xe4, 0x3, 0xff, 0x88, 0x9e, 0x80, 0x1f,
    0xfc, 0x49, 0xb1, 0x0, 0xff, 0xe1, 0x9e, 0xb0,
    0x7, 0xff, 0x11, 0xf0, 0x80, 0x3f, 0xf8, 0x63,
    0x90, 0x1, 0xff, 0xc4, 0x5e, 0x30, 0xf, 0xfe,
    0x28,

    /* U+F04AE "󰒮" */
    0xff, 0x94, 0x3, 0xff, 0x87, 0x40, 0x1f, 0xfc,
    0x53, 0xe5, 0x0, 0xff, 0xe2, 0x46, 0x8, 0x7,
    0xff, 0xc, 0xb1, 0xc0, 0x3f, 0xf8, 0x8d, 0xa6,
    0x1, 0xff, 0xc3, 0x1b, 0x90, 0xf, 0xfe, 0x22,
    0x7a, 0x0, 0x7f, 0xf1, 0x26, 0xc4, 0x3, 0xff,
    0x86, 0x5a, 0xc0, 0x1f, 0xfc, 0x47, 0xd2, 0x0,
    0xff, 0xec, 0xbe, 0x10, 0x7, 0xff, 0x18, 0xf5,
    0x80, 0x3f, 0xf8, 0xf3, 0x62, 0x1, 0xff, 0xc6,
    0x4f, 0x40, 0xf, 0xfe, 0x30, 0xdc, 0x80, 0x7f,
    0xf1, 0xdb, 0x4c, 0x3, 0xff, 0x8c, 0x58, 0xe0,
    0x1f, 0xfc, 0x78, 0xc1, 0x0, 0xff, 0xe3, 0x1f,
    0x28,

    /* U+F04C3 "󰓃" */
    0x0, 0x1b, 0x37, 0xff, 0x15, 0x44, 0x2, 0xbc,
    0x99, 0xff, 0xe2, 0xd7, 0xa0, 0x3a, 0x0, 0x7f,
    0xf1, 0xc6, 0x86, 0xc0, 0x3f, 0xc2, 0x1, 0xfe,
    0x15, 0x10, 0xf, 0xc7, 0xbd, 0xf2, 0x1, 0xfc,
    0x20, 0x1f, 0x87, 0x8, 0x0, 0xd0, 0x1, 0xff,
    0xc5, 0x60, 0xe, 0x70, 0xf, 0xfe, 0x2f, 0x80,
    0x7f, 0xf2, 0xf0, 0x3, 0x8c, 0x3, 0xff, 0x8a,
    0x8c, 0x1, 0xf, 0x80, 0x7f, 0xf1, 0xa6, 0xde,
    0x3c, 0xc0, 0x3f, 0xf8, 0xe9, 0xe, 0x20, 0x1f,
    0xfe, 0x11, 0x10, 0x7, 0xff, 0x1d, 0xb3, 0xfb,
    0xaa, 0x30, 0xf, 0xfe, 0x11, 0x6c, 0x98, 0x4,
    0x2b, 0x90, 0x1, 0xff, 0xc0, 0x3d, 0x20, 0xf,
    0xcf, 0x60, 0x1f, 0xe1, 0xd0, 0x9, 0xf7, 0xfa,
    0xcc, 0x0, 0x90, 0x1, 0xfd, 0x2, 0x0, 0xb8,
    0x20, 0x14, 0xc5, 0x0, 0x39, 0x0, 0x7c, 0x2c,
    0x0, 0x84, 0x0, 0xf5, 0x10, 0x2, 0xc0, 0x3e,
    0x40, 0x9, 0xc0, 0x3f, 0x50, 0x1, 0xc0, 0x3e,
    0xd0, 0x1, 0x0, 0x7f, 0x18, 0x0, 0x40, 0x3f,
    0xfa, 0x7e, 0x0, 0x20, 0xf, 0xe3, 0x0, 0xff,
    0x18, 0x4, 0xe0, 0x1f, 0xa8, 0x0, 0x60, 0x1f,
    0x20, 0x80, 0x20, 0xc0, 0x3d, 0x44, 0x0, 0xa0,
    0xf, 0xd6, 0x1, 0x64, 0x10, 0xa, 0x62, 0x80,
    0x9, 0x80, 0x3f, 0x2b, 0x0, 0x4f, 0xbf, 0xd6,
    0x60, 0x17, 0x80, 0x7f, 0xa5, 0x80, 0x3f, 0x87,
    0x8, 0x3, 0xfe, 0x9a, 0x10, 0xf, 0x2f, 0x98,
    0x7, 0xff, 0x5, 0x7a, 0xe1, 0xdd, 0x3d, 0x42,
    0x1, 0xf3, 0x80, 0x7e, 0x47, 0x88, 0x30, 0x80,
    0x7e, 0x78, 0x0, 0xff, 0xe4, 0xa9, 0x13, 0x54,
    0x8b, 0xff, 0x8a, 0x71, 0x40,

    /* U+F0502 "󰔂" */
    0x0, 0x4f, 0x7f, 0xff, 0xf4, 0xba, 0x40, 0x2b,
    0x61, 0x0, 0xff, 0xe9, 0xb, 0x58, 0x1a, 0x0,
    0x7f, 0xf5, 0x90, 0xd8, 0x2, 0xaa, 0xff, 0xe9,
    0x0, 0x4c, 0x1, 0x95, 0x7f, 0xfa, 0x40, 0x1f,
    0xff, 0xf0, 0xf, 0xff, 0xf8, 0x7, 0xff, 0xfc,
    0x3, 0xff, 0xfe, 0x1, 0xff, 0xff, 0x0, 0xff,
    0xff, 0x80, 0x7f, 0xff, 0xc0, 0x3f, 0xff, 0xe0,
    0x1f, 0xff, 0xf0, 0xf, 0xfe, 0x2b, 0x37, 0xff,
    0x48, 0x3, 0x38, 0x5, 0x33, 0xff, 0xd2, 0x0,
    0x9c, 0x94, 0x3, 0xff, 0xac, 0xc4, 0x15, 0x6,
    0x45, 0xf8, 0x3, 0xff, 0x82, 0x24, 0x5f, 0x8e,
    0x64, 0x1, 0x3e, 0x6e, 0xfe, 0x20, 0xf, 0xfe,
    0x4, 0x6e, 0xfe, 0xc6, 0x0, 0xff, 0xff, 0x80,
    0x7f, 0xf0, 0xfb, 0x33, 0xff, 0x80, 0xe0, 0x1f,
    0xfc, 0x0,

    /* U+F057E "󰕾" */
    0x0, 0xff, 0xe3, 0x31, 0x80, 0x7f, 0xf3, 0x4,
    0x2, 0xbc, 0xd6, 0x0, 0xff, 0xe4, 0x8e, 0x80,
    0x71, 0x4e, 0x98, 0x7, 0xff, 0x18, 0x74, 0xc0,
    0x3e, 0x2c, 0x70, 0xf, 0xfe, 0x20, 0xe9, 0x80,
    0x6d, 0xa2, 0x0, 0xa2, 0x0, 0x1f, 0xfc, 0x21,
    0xd3, 0x0, 0xf2, 0xec, 0x0, 0x4e, 0xe0, 0xf,
    0xfe, 0x0, 0xe9, 0x80, 0x7f, 0x3e, 0x0, 0x50,
    0x80, 0x1f, 0xe1, 0xd3, 0x0, 0xff, 0x8e, 0xc0,
    0x29, 0x0, 0xfe, 0x1d, 0x30, 0xf, 0xca, 0x1,
    0x92, 0x0, 0x4, 0xe0, 0x1f, 0xe, 0x98, 0x7,
    0xf4, 0x60, 0x6, 0x73, 0x0, 0x48, 0x7f, 0xfb,
    0x8c, 0x3, 0xfe, 0x3b, 0x0, 0xd2, 0x0, 0x14,
    0x0, 0xff, 0xe4, 0x23, 0x0, 0x4a, 0x20, 0xd,
    0x0, 0xff, 0xe4, 0xd8, 0x6, 0x40, 0x2, 0x80,
    0x7f, 0xf2, 0x48, 0x40, 0x2d, 0x0, 0x10, 0x7,
    0xff, 0x28, 0x80, 0x21, 0x0, 0x8, 0x7, 0xff,
    0xa0, 0x80, 0x21, 0x0, 0x8, 0x7, 0xff, 0x24,
    0x84, 0x2, 0xd0, 0x1, 0x0, 0x7f, 0xf2, 0x6c,
    0x3, 0x20, 0x1, 0x40, 0x3f, 0xf9, 0x8, 0xc0,
    0x12, 0x88, 0x3, 0x7f, 0xfd, 0xc6, 0x1, 0xff,
    0x25, 0x80, 0x69, 0x0, 0xa, 0x0, 0x78, 0x74,
    0xc0, 0x3f, 0xa6, 0xc0, 0x33, 0x18, 0x2, 0x40,
    0x3f, 0xe, 0x98, 0x7, 0xe4, 0x0, 0xc7, 0x20,
    0x2, 0x70, 0xf, 0xe1, 0xd3, 0x0, 0xff, 0x8f,
    0x0, 0x29, 0x0, 0xff, 0x87, 0x4c, 0x3, 0xf9,
    0xf0, 0x2, 0x84, 0x0, 0xff, 0xe0, 0xe, 0x98,
    0x7, 0x97, 0x60, 0x2, 0x77, 0x0, 0x7f, 0xf0,
    0x87, 0x4c, 0x3, 0x6d, 0x10, 0x5, 0x10, 0x0,
    0xff, 0xe2, 0xe, 0x98, 0x7, 0xc5, 0x8e, 0x1,
    0xff, 0xc6, 0x1d, 0x0, 0xe2, 0x9d, 0x30, 0xf,
    0xfe, 0x40, 0x80, 0x57, 0x9a, 0xc0, 0x1f, 0x80,

    /* U+F0581 "󰖁" */
    0x6, 0x90, 0xf, 0xfe, 0x1a, 0xa0, 0x7, 0xf9,
    0xa5, 0xa4, 0x3, 0xfc, 0x20, 0x17, 0xdf, 0x38,
    0x7, 0xef, 0x0, 0x34, 0x80, 0x7e, 0x1d, 0x0,
    0xe1, 0x8e, 0x40, 0xf, 0x4b, 0x0, 0x1a, 0x40,
    0x3c, 0x3a, 0x60, 0x11, 0x80, 0x43, 0x70, 0x1,
    0xe9, 0x60, 0x3, 0x48, 0x6, 0x1d, 0x30, 0xd,
    0x36, 0x80, 0x13, 0xc8, 0x7, 0xa5, 0x80, 0xd,
    0x20, 0x11, 0x18, 0x7, 0x92, 0xe8, 0x2, 0x68,
    0x0, 0xf4, 0xb0, 0x1, 0xa4, 0x0, 0x78, 0x1,
    0xf9, 0x74, 0x40, 0xe, 0x80, 0x1e, 0x96, 0x0,
    0x34, 0x80, 0xf, 0x0, 0x3f, 0x16, 0x80, 0x54,
    0x1, 0xf4, 0xb0, 0x1, 0xa4, 0x0, 0x78, 0x1,
    0x28, 0x6, 0x39, 0x0, 0xb, 0x80, 0x7d, 0x2c,
    0x0, 0x69, 0x0, 0x18, 0x5, 0xfc, 0x40, 0x13,
    0x18, 0x2, 0x43, 0xff, 0xe6, 0x0, 0x9a, 0x40,
    0x3c, 0x3e, 0x20, 0x14, 0x0, 0x5, 0x0, 0x3f,
    0xf8, 0xd, 0x20, 0x1e, 0x28, 0x0, 0x90, 0x40,
    0x1a, 0x1, 0xff, 0xc1, 0x69, 0x0, 0xa0, 0x41,
    0x84, 0x2, 0x40, 0x2, 0x80, 0x7f, 0xf0, 0x9a,
    0x40, 0x5, 0x82, 0x8, 0x1, 0x68, 0x0, 0x80,
    0x3f, 0xf8, 0x6d, 0x20, 0x2, 0xc1, 0x20, 0x8,
    0x40, 0x2, 0x1, 0xff, 0xc4, 0x69, 0x0, 0x16,
    0x8, 0x7, 0xff, 0x31, 0xa4, 0x0, 0x4c, 0x1,
    0x70, 0x0, 0x40, 0x3f, 0xf8, 0x6c, 0x0, 0x69,
    0x0, 0xf1, 0x0, 0x8, 0x3, 0xff, 0x87, 0x2c,
    0x0, 0x69, 0x0, 0xe5, 0x0, 0x28, 0x7, 0xff,
    0x12, 0x58, 0x0, 0xd2, 0x1, 0x8, 0x80, 0x1b,
    0xff, 0xee, 0x30, 0xf, 0xe9, 0x60, 0x3, 0x48,
    0x0, 0x74, 0x44, 0x80, 0x1e, 0x1d, 0x30, 0xf,
    0xe9, 0x60, 0x3, 0x48, 0x0, 0xf6, 0x0, 0x3f,
    0xe, 0x98, 0x7, 0xf4, 0xb0, 0x1, 0xa4, 0x0,
    0x6c, 0x1, 0xfc, 0x3a, 0x60, 0x1f, 0xd2, 0xc0,
    0x6, 0x90, 0xf, 0xfe, 0x8, 0xe9, 0x80, 0x7f,
    0x78, 0x4, 0xd2, 0x1, 0xff, 0xc1, 0x1d, 0x30,
    0xf, 0x26, 0x48, 0x6, 0x69, 0x0, 0xff, 0xe0,
    0x8e, 0x98, 0x6, 0x9b, 0x30, 0x8, 0xc0, 0xd,
    0x20, 0x1f, 0xfc, 0x11, 0xd3, 0x0, 0x8c, 0x2,
    0x1b, 0xc6, 0x0, 0x34, 0x80, 0x7f, 0xf0, 0x47,
    0x40, 0x38, 0x63, 0x90, 0x25, 0x80, 0x1e, 0x1,
    0xff, 0xc2, 0x10, 0xb, 0xef, 0x9c, 0x3, 0x4b,
    0x4b, 0x0,

    /* U+F0590 "󰖐" */
    0x0, 0xff, 0xe2, 0xa, 0x33, 0x10, 0x40, 0x3f,
    0xfa, 0x4f, 0xbd, 0x73, 0x2b, 0xed, 0x60, 0xf,
    0xfe, 0x71, 0xec, 0x10, 0x7, 0x8a, 0x74, 0xc0,
    0x3f, 0xf9, 0x6d, 0x84, 0x1, 0x84, 0x40, 0x18,
    0xb1, 0x80, 0x3f, 0xf9, 0x2b, 0x20, 0x12, 0xe7,
    0xf7, 0x3e, 0xd4, 0x2, 0x94, 0x0, 0xff, 0xe3,
    0x8d, 0x0, 0xb, 0x28, 0xc0, 0x32, 0x55, 0x88,
    0x2, 0xc8, 0x3, 0xff, 0x8d, 0x60, 0x2, 0xc3,
    0x0, 0xfc, 0x9e, 0x20, 0x8, 0x0, 0xff, 0xe1,
    0xb5, 0x5a, 0x80, 0x3c, 0x40, 0x3f, 0xc3, 0xa0,
    0x5, 0x20, 0xf, 0xfe, 0x3, 0x74, 0xaa, 0x0,
    0x1c, 0x80, 0x3f, 0xf8, 0x6, 0xe0, 0x5, 0x0,
    0xff, 0xaa, 0x44, 0x3, 0xa8, 0x3, 0xff, 0x85,
    0x20, 0xc, 0x0, 0xff, 0x42, 0x80, 0x44, 0xac,
    0x84, 0x1, 0xff, 0xc2, 0x12, 0x5, 0x65, 0x20,
    0xf, 0x23, 0x80, 0x7, 0x36, 0xa6, 0xc0, 0x3f,
    0xf8, 0x8c, 0x3, 0x35, 0xb8, 0x60, 0x1a, 0x0,
    0x3, 0x86, 0x1, 0xff, 0xc8, 0x10, 0xe, 0x3c,
    0x50, 0x0, 0x98, 0x2, 0x48, 0x3, 0xff, 0x92,
    0x45, 0x80, 0x35, 0x18, 0x28, 0x4, 0xc0, 0x1f,
    0xfc, 0xa8, 0xdd, 0xbe, 0x0, 0x2f, 0x1, 0x0,
    0x84, 0x3, 0xff, 0x9e, 0xee, 0x0, 0x18, 0x88,
    0x2, 0x10, 0xf, 0xfe, 0x85, 0x0, 0x4a, 0xc0,
    0x13, 0x80, 0x7f, 0xf4, 0x8, 0x2, 0x12, 0x20,
    0x2, 0x4, 0x3, 0xff, 0x9e, 0x80, 0x13, 0x4,
    0x0, 0x7, 0x48, 0x3, 0xff, 0x9a, 0x32, 0x0,
    0x13, 0x5, 0x50, 0x0, 0xf6, 0x9d, 0x9b, 0xff,
    0x95, 0x3e, 0x40, 0x9, 0x0, 0xa8, 0xc0, 0x25,
    0x89, 0x9f, 0xfe, 0x53, 0x8, 0x1, 0x1c, 0x3,
    0x63, 0x80, 0x7f, 0xf4, 0x56, 0xc0, 0x3d, 0x1d,
    0x8, 0x45, 0xff, 0xcb, 0x36, 0xca, 0x0, 0x80,

    /* U+F0591 "󰖑" */
    0x0, 0xff, 0xe1, 0xb5, 0x6f, 0xfb, 0xad, 0xc4,
    0x3, 0xff, 0x9e, 0xdd, 0x2a, 0x40, 0x1, 0x48,
    0xe8, 0x0, 0xff, 0xe6, 0xd, 0xc8, 0x80, 0x7f,
    0x3e, 0x90, 0x7, 0xff, 0x2b, 0x50, 0x2, 0x37,
    0x99, 0x42, 0x0, 0x45, 0x82, 0x1, 0xff, 0xc8,
    0xa3, 0x0, 0x1e, 0x62, 0x19, 0x8f, 0x7c, 0xc0,
    0x1, 0xc0, 0xf, 0xfe, 0x3a, 0xa8, 0x0, 0xd8,
    0x60, 0x1e, 0x19, 0xa0, 0x1, 0x48, 0x7, 0xff,
    0x10, 0xd6, 0x0, 0xd, 0x20, 0x1f, 0xe5, 0x90,
    0x3, 0x8, 0x7, 0xff, 0x0, 0x63, 0xb2, 0x88,
    0x6, 0x40, 0x3f, 0xf8, 0xc, 0xa0, 0x6, 0x0,
    0xff, 0x8f, 0x1c, 0x40, 0x34, 0x80, 0x7f, 0xf0,
    0xa0, 0x1, 0x80, 0x1f, 0xe3, 0xc2, 0x0, 0xf3,
    0x0, 0x7f, 0xf0, 0x88, 0xc1, 0x40, 0x3f, 0x87,
    0x40, 0x24, 0xbf, 0xf6, 0x8, 0x7, 0xff, 0xd,
    0x40, 0x7f, 0xad, 0x80, 0x3a, 0x44, 0x1, 0x16,
    0x80, 0x3, 0x0, 0xff, 0xe2, 0x8, 0x4, 0x29,
    0x38, 0x20, 0x13, 0x0, 0x15, 0xc0, 0x3f, 0xfa,
    0x7, 0x82, 0x6, 0x20, 0x9, 0x0, 0xff, 0xe5,
    0x55, 0x67, 0x20, 0x1, 0x40, 0x30, 0x4, 0x60,
    0x1f, 0xfc, 0xa2, 0x55, 0xa3, 0x4c, 0x0, 0xc2,
    0x1, 0xff, 0xd5, 0xe0, 0x9, 0x1d, 0x56, 0x20,
    0xf, 0xfe, 0x81, 0x32, 0xa8, 0x4a, 0xaa, 0x20,
    0xf, 0xfe, 0x8c, 0xd5, 0x10, 0x3, 0xff, 0xfe,
    0x1, 0x1f, 0x7f, 0xff, 0xf1, 0x70, 0x41, 0x7f,
    0xff, 0xb9, 0x0, 0x35, 0x8, 0x7, 0xff, 0x14,
    0xdc, 0x20, 0x3, 0xf8, 0x7c, 0x3, 0x60, 0x7,
    0xff, 0x1d, 0x41, 0x0, 0x3f, 0xd8, 0x1, 0x97,
    0x2a, 0xbf, 0xf8, 0xba, 0x61, 0x37, 0x55, 0xfa,
    0xdc, 0x3, 0x8d, 0x57, 0xff, 0x8a, 0x40, 0x12,
    0x2a, 0xfe, 0x40, 0xf, 0xff, 0x1, 0xaa, 0xe0,
    0x8, 0x55, 0x7f, 0xf9, 0x48, 0x1, 0xcb, 0x95,
    0x5b, 0x0, 0x1f, 0x55, 0xff, 0xca, 0xb7, 0x0,
    0xd8, 0x1, 0xc6, 0x4, 0x20, 0x1f, 0xfc, 0xbc,
    0x0, 0xd4, 0x20, 0x19, 0xc0, 0x94, 0x3, 0xff,
    0x94, 0x3e, 0x0,

    /* U+F0592 "󰖒" */
    0x0, 0xff, 0xe2, 0xa, 0x33, 0x10, 0x80, 0x3f,
    0xfa, 0x4d, 0xbd, 0x73, 0x2b, 0xdd, 0x38, 0x7,
    0xff, 0x38, 0xf6, 0x48, 0x3, 0xc5, 0x1a, 0x60,
    0x1f, 0xfc, 0xb6, 0xc2, 0x0, 0xc2, 0x20, 0xc,
    0x58, 0xc0, 0x1f, 0xfc, 0x95, 0x90, 0x9, 0x6f,
    0xfb, 0x9f, 0x8a, 0x1, 0x4a, 0x80, 0x7f, 0xf1,
    0xc6, 0x80, 0x5, 0x94, 0x80, 0x18, 0xeb, 0x4,
    0x1, 0x44, 0x1, 0xff, 0xc6, 0xb0, 0x1, 0x61,
    0x80, 0x7e, 0x3f, 0x20, 0x4, 0x80, 0x7f, 0xf0,
    0xda, 0xad, 0x40, 0x1e, 0x20, 0x1f, 0xe1, 0xf0,
    0x2, 0x10, 0x7, 0xff, 0x1, 0xba, 0x55, 0x0,
    0xe, 0x40, 0x1f, 0xfc, 0x2, 0x80, 0x5, 0x0,
    0x7f, 0xd5, 0x22, 0x1, 0xd4, 0x1, 0xff, 0xc2,
    0x70, 0x2, 0x0, 0x7f, 0xa1, 0x40, 0x22, 0x56,
    0x42, 0x0, 0xff, 0xe1, 0xa0, 0x13, 0x29, 0x0,
    0x79, 0x1c, 0x0, 0x39, 0xb5, 0x36, 0x1, 0xff,
    0xc4, 0x20, 0x19, 0xad, 0xc3, 0x0, 0xd0, 0x0,
    0x1c, 0x30, 0xf, 0xfe, 0x40, 0x80, 0x71, 0xe2,
    0x80, 0x4, 0xc0, 0x12, 0x40, 0x1f, 0xfc, 0x9f,
    0x22, 0x80, 0x35, 0x18, 0x28, 0x4, 0xc0, 0x1f,
    0xfc, 0xa7, 0xdd, 0xbe, 0x0, 0x2f, 0x1, 0x0,
    0x84, 0x3, 0xff, 0x9e, 0xee, 0x0, 0x18, 0x88,
    0x2, 0x10, 0xf, 0xfe, 0x85, 0x0, 0x4a, 0xc0,
    0x13, 0x80, 0x7f, 0xa2, 0xe0, 0x3, 0xff, 0x86,
    0x40, 0x10, 0x91, 0x0, 0x10, 0x20, 0x1f, 0xa5,
    0xd1, 0xe4, 0x3, 0xff, 0x84, 0x80, 0x13, 0x4,
    0x0, 0x7, 0x48, 0x3, 0xe6, 0x0, 0x98, 0x3,
    0xff, 0x82, 0x32, 0x0, 0x13, 0x5, 0x50, 0x0,
    0xf6, 0x9d, 0x0, 0x31, 0x0, 0x44, 0x1, 0xfc,
    0x8c, 0xc9, 0xf2, 0x0, 0x48, 0x5, 0x46, 0x1,
    0x2c, 0x5b, 0x0, 0x5c, 0x20, 0x3c, 0x1, 0xf9,
    0x6e, 0x64, 0xc2, 0x0, 0x47, 0x0, 0xd8, 0xe0,
    0x1d, 0xe0, 0x11, 0xf6, 0xf1, 0x80, 0x7e, 0x20,
    0xf, 0x2d, 0x80, 0x7a, 0x3a, 0x10, 0x92, 0xc0,
    0x38, 0x80, 0x3c, 0x20, 0x13, 0x21, 0x10, 0xdb,
    0x28, 0x3, 0xf0, 0xbd, 0xed, 0x90, 0x7, 0xf9,
    0x7f, 0xb0, 0x40, 0x6f, 0x75, 0x92, 0x60, 0x1f,
    0xfc, 0xc1, 0xa0, 0x1, 0xc0, 0x7, 0xff, 0x50,
    0xc0, 0x31, 0x0, 0x7f, 0xf3, 0x4a, 0xff, 0x54,
    0x0, 0x44, 0x0, 0xb4, 0x3, 0xff, 0x98, 0x38,
    0x80, 0x54, 0xa0, 0xd, 0x86, 0xb6, 0x0, 0xff,
    0xe6, 0x30, 0x80, 0x68, 0x0, 0x9e, 0x50, 0x3,
    0xff, 0x9b, 0xc0, 0x1c, 0x40, 0x1f, 0xfd, 0x3f,
    0x0, 0xe4, 0x0, 0xff, 0xe9, 0xb2, 0x0, 0x43,
    0x20, 0x1f, 0xfd, 0x4b, 0x96, 0x8f, 0x20, 0xf,
    0xfe, 0x38,

    /* U+F0593 "󰖓" */
    0x0, 0xff, 0xe2, 0xa, 0x33, 0x10, 0x40, 0x3f,
    0xfa, 0x4f, 0xbd, 0x73, 0x2b, 0xed, 0x60, 0xf,
    0xfe, 0x71, 0xec, 0x10, 0x7, 0x8a, 0x74, 0xc0,
    0x3f, 0xf9, 0x6d, 0x84, 0x1, 0x84, 0x40, 0x18,
    0xb1, 0x80, 0x3f, 0xf9, 0x2b, 0x20, 0x12, 0xe7,
    0xf7, 0x3e, 0xd4, 0x2, 0x94, 0x0, 0xff, 0xe3,
    0x8d, 0x0, 0xb, 0x28, 0xc0, 0x32, 0x55, 0x88,
    0x2, 0xc8, 0x3, 0xff, 0x8d, 0x60, 0x2, 0xc3,
    0x0, 0xfc, 0x9e, 0x20, 0x8, 0x0, 0xff, 0xe1,
    0xb5, 0x5a, 0x80, 0x3c, 0x40, 0x3f, 0xc3, 0xa0,
    0x5, 0x20, 0xf, 0xfe, 0x3, 0x74, 0xaa, 0x0,
    0x1c, 0x80, 0x3f, 0xf8, 0x6, 0xe0, 0x5, 0x0,
    0xff, 0xaa, 0x44, 0x3, 0xa8, 0x3, 0xff, 0x85,
    0x20, 0xc, 0x0, 0xff, 0x42, 0x80, 0x44, 0xac,
    0x84, 0x1, 0xff, 0xc2, 0x12, 0x5, 0x65, 0x20,
    0xf, 0x23, 0x80, 0x7, 0x36, 0xa6, 0xc0, 0x3f,
    0xf8, 0x8c, 0x3, 0x35, 0xb8, 0x60, 0x1a, 0x0,
    0x3, 0x86, 0x1, 0xff, 0xc8, 0x10, 0xe, 0x3c,
    0x50, 0x0, 0x98, 0x2, 0x48, 0x3, 0xff, 0x92,
    0x45, 0x80, 0x35, 0x18, 0x28, 0x4, 0xc0, 0x1f,
    0xfc, 0xa8, 0xdd, 0xbe, 0x0, 0x2f, 0x1, 0x0,
    0x84, 0x3, 0xff, 0x84, 0xcd, 0xc0, 0x1f, 0x9d,
    0xc0, 0x3, 0x11, 0x0, 0x42, 0x1, 0xff, 0xc1,
    0x69, 0x9d, 0xc0, 0x1f, 0xd4, 0x1, 0x2b, 0x0,
    0x4e, 0x1, 0xff, 0xc1, 0xa0, 0xd, 0x20, 0x1f,
    0xc4, 0x1, 0x9, 0x10, 0x1, 0x2, 0x1, 0xff,
    0x19, 0x80, 0x27, 0x10, 0xf, 0xe4, 0x0, 0x98,
    0x20, 0x0, 0x3a, 0x40, 0x1f, 0xe9, 0x0, 0xd2,
    0x1, 0xfc, 0x32, 0x0, 0x13, 0x5, 0x50, 0x0,
    0xf6, 0x9d, 0x98, 0x40, 0x18, 0x54, 0x2, 0x71,
    0x0, 0xe4, 0x66, 0x4f, 0x90, 0x2, 0x40, 0x2a,
    0x30, 0x9, 0x62, 0x65, 0xa4, 0x1, 0x30, 0x6,
    0x90, 0xe, 0x6b, 0x99, 0x30, 0x80, 0x11, 0xc0,
    0x36, 0x38, 0x7, 0xcc, 0x1, 0x50, 0x4, 0x3b,
    0x92, 0x1, 0x78, 0x7, 0x96, 0xc0, 0x3d, 0x1d,
    0x8, 0x45, 0x32, 0x0, 0x10, 0x80, 0x21, 0x33,
    0x68, 0x5, 0x68, 0x44, 0x36, 0xca, 0x0, 0xfc,
    0x2f, 0x7b, 0xb4, 0x80, 0x5e, 0x1, 0xe3, 0x40,
    0x8, 0xaf, 0x75, 0x92, 0x60, 0x1f, 0xfc, 0x72,
    0x66, 0x80, 0x2f, 0x0, 0xff, 0xe9, 0x4c, 0xd6,
    0x0, 0x43, 0x0, 0xff, 0xea, 0xb0, 0x2, 0x40,
    0x3f, 0xfa, 0xc6, 0xa, 0x40, 0x1f, 0xfd, 0x6e,
    0xb, 0x0, 0xff, 0xeb, 0x93, 0x88, 0x7, 0xff,
    0x5d, 0xa4, 0x3, 0xff, 0xb1, 0x42, 0x1, 0xff,
    0xd7, 0x17, 0x0, 0xff, 0xe3, 0x80,

    /* U+F0594 "󰖔" */
    0x0, 0xff, 0xf5, 0x40, 0x7, 0xff, 0x50, 0x9c,
    0x80, 0x3f, 0xfa, 0x6a, 0xa, 0x1, 0xff, 0xd3,
    0xa0, 0xa0, 0xf, 0xfe, 0x38, 0xd6, 0x28, 0x4,
    0x45, 0x1a, 0x90, 0x12, 0x99, 0x14, 0x1, 0xff,
    0xc1, 0x2c, 0x53, 0xa3, 0x1, 0xed, 0xd6, 0x50,
    0x5, 0x59, 0xba, 0xe1, 0x0, 0xff, 0x8b, 0x8,
    0x2, 0x50, 0x1c, 0x70, 0xf, 0xe7, 0xc1, 0x0,
    0xff, 0xf, 0x88, 0x7, 0xe8, 0xa0, 0xf, 0xaa,
    0x0, 0x3f, 0xf8, 0x16, 0x40, 0x1f, 0xe5, 0x70,
    0xe, 0x75, 0x0, 0xff, 0xe0, 0x2a, 0x80, 0x4,
    0x20, 0x1, 0x0, 0xe4, 0x0, 0xe4, 0x0, 0xff,
    0xe0, 0xc0, 0x5, 0xe6, 0x0, 0xe0, 0xc, 0x26,
    0x5, 0x24, 0x6, 0x20, 0x1f, 0xf2, 0x90, 0x2,
    0x9, 0xc0, 0xa, 0x1, 0x90, 0x1b, 0x5b, 0x58,
    0x10, 0x3, 0xfe, 0xe0, 0x0, 0xb8, 0x68, 0x0,
    0xc0, 0x36, 0x5c, 0x80, 0x53, 0x78, 0x1, 0xff,
    0x20, 0x1, 0x80, 0x8, 0x1, 0x28, 0x5, 0x28,
    0x1, 0xc9, 0x20, 0x11, 0x80, 0x78, 0xc0, 0x2a,
    0x0, 0x18, 0x80, 0x38, 0x3, 0xff, 0x87, 0x2a,
    0x1, 0xca, 0x0, 0x12, 0x0, 0x9c, 0x0, 0x84,
    0x1, 0xff, 0xc2, 0x5f, 0x0, 0xee, 0x0, 0x10,
    0x6, 0xb0, 0xa, 0x40, 0x3f, 0xc7, 0x13, 0x60,
    0xb3, 0x28, 0x0, 0x8, 0x1, 0xc0, 0x31, 0x28,
    0x1, 0x14, 0x3, 0xf8, 0xf9, 0x90, 0x0, 0xc9,
    0x40, 0x1c, 0x20, 0x1d, 0x60, 0x15, 0x10, 0x7,
    0xf3, 0x60, 0x4, 0x5a, 0x40, 0x1, 0x0, 0x30,
    0x7, 0xc, 0x80, 0x58, 0x20, 0x1f, 0xcc, 0x1,
    0x18, 0x6, 0xe0, 0x1, 0x0, 0x79, 0x94, 0x0,
    0x3e, 0x40, 0x1f, 0xb0, 0xf6, 0x81, 0x0, 0x25,
    0x0, 0x9, 0x0, 0x7a, 0x8c, 0x0, 0x3a, 0xa0,
    0x1f, 0x7e, 0x12, 0xf8, 0x6, 0x30, 0x9, 0x40,
    0x3e, 0xd3, 0x0, 0xaa, 0xc8, 0x3, 0x98, 0x2,
    0x14, 0x0, 0xc8, 0x0, 0xa0, 0xf, 0x87, 0x10,
    0x2, 0x4d, 0xb4, 0x0, 0xff, 0xe0, 0xf0, 0x0,
    0x94, 0x3, 0xf5, 0xc0, 0x6, 0x4b, 0xfb, 0x86,
    0x56, 0x61, 0x80, 0x72, 0x90, 0x2, 0xc0, 0x3f,
    0x9f, 0x50, 0x3, 0x91, 0xe6, 0xa6, 0x58, 0xa0,
    0x1d, 0x0, 0x1, 0xa0, 0xf, 0xe2, 0xbc, 0x60,
    0xf, 0xf4, 0x80, 0x72, 0xa0, 0x1, 0x64, 0x3,
    0xfc, 0x73, 0xf6, 0xc6, 0x20, 0x1c, 0xc0, 0x1e,
    0xa2, 0x0, 0x35, 0x0, 0x7f, 0xf0, 0x12, 0x73,
    0x94, 0x2, 0x1b, 0x0, 0xf0, 0xf8, 0x80, 0x17,
    0x50, 0x3, 0xff, 0x80, 0x7a, 0xa0, 0x1, 0xc1,
    0x0, 0xf8, 0xb0, 0x80, 0x5, 0x78, 0xa0, 0x1f,
    0x96, 0xf0, 0x80, 0x5, 0x84, 0x1, 0xfc, 0x58,
    0x80, 0x11, 0xd7, 0xed, 0x4c, 0xab, 0x3e, 0x90,
    0x2, 0x4c, 0x20, 0xf, 0xf8, 0x6e, 0x88, 0x3,
    0x12, 0xb3, 0x14, 0xc0, 0x31, 0x55, 0x88, 0x7,
    0xff, 0x9, 0x76, 0x90, 0x3, 0xfc, 0x95, 0xaa,
    0x1, 0xff, 0xc6, 0x5b, 0xeb, 0x86, 0x55, 0x34,
    0x5f, 0x5a, 0x80, 0x7f, 0xf2, 0x85, 0x1e, 0x6a,
    0x92, 0xe8, 0x20, 0x1f, 0xf0,

    /* U+F0595 "󰖕" */
    0x0, 0xff, 0xe4, 0x9d, 0x80, 0x7f, 0xf2, 0xc,
    0x3, 0xfe, 0x3b, 0xc4, 0x50, 0xf, 0xfe, 0x3e,
    0x7d, 0xb9, 0x80, 0x7c, 0xa0, 0x17, 0x80, 0x7f,
    0xf2, 0x53, 0xc8, 0x3, 0xe6, 0xbd, 0x64, 0x0,
    0xff, 0xe3, 0x8, 0x1e, 0xc0, 0x80, 0x7f, 0x14,
    0xe9, 0x0, 0x7f, 0xf1, 0x97, 0x8, 0x2, 0x26,
    0x9a, 0x96, 0x10, 0x8, 0xc8, 0x3, 0xff, 0x8a,
    0x34, 0x1, 0x1e, 0x6c, 0xb2, 0xb4, 0xf5, 0x10,
    0x7, 0xff, 0x31, 0xb0, 0xc0, 0x3e, 0x5d, 0x50,
    0xf, 0xfe, 0x53, 0xc8, 0x6, 0x45, 0x30, 0xd,
    0x4a, 0x1, 0xff, 0xc8, 0x38, 0x0, 0xa7, 0xee,
    0xb3, 0x98, 0x2, 0xa2, 0x0, 0xff, 0xe3, 0xf8,
    0x5, 0xac, 0x1, 0x86, 0x64, 0x1, 0x40, 0x4,
    0x60, 0x1f, 0xfc, 0x23, 0x30, 0x2, 0x48, 0x3,
    0xe6, 0x50, 0x2, 0x88, 0x1, 0x70, 0xc0, 0x3f,
    0x8, 0x5, 0x60, 0x1, 0x60, 0xf, 0xe8, 0x0,
    0x90, 0x0, 0xa7, 0x90, 0x1, 0xe1, 0xd0, 0x8,
    0xc0, 0x8, 0x1, 0xe3, 0x54, 0x32, 0x10, 0x6,
    0x80, 0x8, 0x0, 0x20, 0x1e, 0xd2, 0x0, 0x9c,
    0x0, 0x60, 0x12, 0x57, 0xe5, 0x5e, 0x70, 0x80,
    0x4, 0x0, 0x20, 0xb2, 0x1, 0xd6, 0x62, 0x1,
    0x38, 0x0, 0xc0, 0x6a, 0xd4, 0x3, 0x84, 0x2,
    0x10, 0x0, 0xa5, 0x0, 0x70, 0x88, 0x3, 0x8c,
    0x0, 0x85, 0x8a, 0x1, 0xff, 0x28, 0x5, 0x60,
    0x1e, 0x1a, 0xa0, 0xa0, 0x2, 0xc0, 0x3, 0xa4,
    0x0, 0x18, 0xdf, 0xf6, 0x38, 0x4, 0x56, 0x2,
    0x1, 0xfc, 0xbc, 0xe0, 0x3, 0x30, 0x7, 0x27,
    0x39, 0x0, 0xe, 0x34, 0x80, 0x8, 0xc0, 0x1f,
    0xfc, 0x3, 0x0, 0xbc, 0x3, 0x25, 0x80, 0x7c,
    0x58, 0x40, 0x8, 0x0, 0xff, 0xe1, 0x13, 0xd0,
    0x80, 0x54, 0x1, 0xfc, 0x32, 0x0, 0x15, 0x0,
    0xff, 0x86, 0xb6, 0x18, 0x40, 0xc, 0x20, 0x1f,
    0xe4, 0x30, 0x7, 0x80, 0x7f, 0x87, 0x14, 0x3,
    0xd8, 0x1, 0xff, 0xc0, 0x40, 0x3, 0x0, 0x7f,
    0xa8, 0x80, 0x2, 0xab, 0x9c, 0x3, 0xff, 0x81,
    0xe0, 0x2, 0x35, 0x30, 0xf, 0x1a, 0x0, 0x17,
    0xaa, 0xb1, 0x0, 0x7f, 0xf0, 0xc7, 0x2b, 0x39,
    0x40, 0x35, 0x80, 0x6, 0x80, 0x3f, 0xf9, 0xa3,
    0x4a, 0x1, 0x18, 0x1, 0x0, 0x3f, 0xfa, 0x16,
    0x1, 0xe3, 0x0, 0xff, 0xe3, 0xbf, 0xff, 0x48,
    0x0, 0x54, 0x0, 0x40, 0x4, 0x0, 0xff, 0xe6,
    0xb1, 0x0, 0x8, 0x1, 0x80, 0x2, 0x80, 0xf,
    0xfe, 0x69, 0x80, 0x72, 0x90, 0x1, 0xf1, 0xd9,
    0xbf, 0xf9, 0x2f, 0x82, 0x0, 0x40, 0xb, 0xc0,
    0x23, 0x89, 0x9f, 0xfe, 0x4c, 0x18, 0x1, 0xc,
    0x2, 0x2c, 0x20, 0xf, 0xfe, 0x79, 0x50, 0x7,
    0x1e, 0xca, 0x11, 0x7f, 0xf2, 0xd2, 0x34, 0x40,

    /* U+F0596 "󰖖" */
    0x0, 0xff, 0xe2, 0xa, 0x33, 0x10, 0x40, 0x3f,
    0xfa, 0x4f, 0xbd, 0x73, 0x2b, 0xed, 0x60, 0xf,
    0xfe, 0x71, 0xec, 0x10, 0x7, 0x8a, 0x74, 0xc0,
    0x3f, 0xf9, 0x6d, 0x84, 0x1, 0x84, 0x40, 0x18,
    0xb1, 0x80, 0x3f, 0xf9, 0x2b, 0x20, 0x12, 0xe7,
    0xf7, 0x3e, 0xd4, 0x2, 0x94, 0x0, 0xff, 0xe3,
    0x8d, 0x0, 0xb, 0x28, 0xc0, 0x32, 0x55, 0x88,
    0x2, 0xc8, 0x3, 0xff, 0x8d, 0x60, 0x2, 0xc3,
    0x0, 0xfc, 0x9e, 0x20, 0x8, 0x0, 0xff, 0xe1,
    0xb5, 0x5a, 0x80, 0x3c, 0x40, 0x3f, 0xc3, 0xa0,
    0x5, 0x20, 0xf, 0xfe, 0x3, 0x74, 0xaa, 0x0,
    0x1c, 0x80, 0x3f, 0xf8, 0x6, 0xe0, 0x5, 0x0,
    0xff, 0xaa, 0x44, 0x3, 0xa8, 0x3, 0xff, 0x85,
    0x20, 0xc, 0x0, 0xff, 0x42, 0x80, 0x44, 0xac,
    0x84, 0x1, 0xff, 0xc2, 0x12, 0x5, 0x65, 0x20,
    0xf, 0x23, 0x80, 0x7, 0x36, 0xa6, 0xc0, 0x3f,
    0xf8, 0x8c, 0x3, 0x35, 0xb8, 0x60, 0x1a, 0x0,
    0x3, 0x86, 0x1, 0xff, 0xc8, 0x10, 0xe, 0x3c,
    0x50, 0x0, 0x98, 0x2, 0x48, 0x3, 0xff, 0x92,
    0x45, 0x80, 0x35, 0x18, 0x28, 0x4, 0xa0, 0x1f,
    0xfc, 0xa8, 0xdd, 0xbe, 0x0, 0x2f, 0x1, 0x0,
    0x88, 0x3, 0xff, 0x9e, 0xee, 0x0, 0x18, 0x88,
    0x2, 0x10, 0xf, 0xfe, 0x85, 0x0, 0x4a, 0xc0,
    0x13, 0x80, 0x7d, 0x3f, 0x40, 0x10, 0xe7, 0xb0,
    0x4, 0x9d, 0xc2, 0x0, 0xc4, 0x1, 0x9, 0x10,
    0x1, 0x2, 0x1, 0xc2, 0xc0, 0xa4, 0x0, 0x63,
    0xb, 0x0, 0xa0, 0x45, 0x40, 0x19, 0x0, 0x26,
    0x8, 0x0, 0xe, 0x10, 0x6, 0x70, 0x8, 0x80,
    0x18, 0x0, 0x70, 0x8, 0xc0, 0x1c, 0x1, 0xc,
    0x80, 0x4, 0xc1, 0x54, 0x0, 0x2d, 0x10, 0xb,
    0x0, 0x6, 0x1, 0x20, 0x3, 0x0, 0x8, 0x1,
    0x20, 0x0, 0xbc, 0x80, 0x12, 0x1, 0x52, 0x0,
    0x4a, 0x1, 0x20, 0x2, 0xc0, 0x8, 0x1, 0x20,
    0x3, 0x40, 0x4, 0x40, 0x2, 0x88, 0x0, 0xdc,
    0x3, 0x5c, 0xa, 0x20, 0x0, 0x42, 0x0, 0x40,
    0x6, 0x0, 0x4, 0x80, 0x8, 0x0, 0x40, 0x9,
    0x0, 0xb, 0x80, 0x1e, 0x7e, 0xb0, 0x9, 0x0,
    0x23, 0x0, 0x28, 0x1, 0xc0, 0x2, 0x40, 0xc,
    0x0, 0x8f, 0xb6, 0x80, 0x3f, 0xf8, 0x3a, 0x0,
    0x50, 0x0, 0x90, 0x3, 0x0, 0xe, 0x1, 0x28,
    0x6, 0x12, 0x0, 0xff, 0xe1, 0x20, 0x3, 0x0,
    0x8, 0x1, 0x20, 0x3, 0x0, 0x6, 0x1, 0xff,
    0xc8, 0x20, 0x9, 0x0, 0x18, 0x0, 0x21, 0x0,
    0x38, 0x1, 0x0, 0x3f, 0xf9, 0x4, 0x20, 0x64,
    0x0, 0x70, 0x2, 0x80, 0x4e, 0x0, 0xa0, 0xf,
    0xfe, 0x4f, 0xde, 0x0, 0x8, 0x40, 0x18, 0x1,
    0x56, 0x71, 0x0, 0x7f, 0xf2, 0x45, 0x0, 0x24,
    0x0, 0x90, 0x3, 0x18, 0x80, 0x7f, 0xf3, 0xf0,
    0x0, 0x60, 0x1f, 0xfd, 0x67, 0x0, 0x58, 0x7,
    0xff, 0x5a, 0x80, 0x58, 0x3, 0xff, 0xac, 0xfd,
    0xc1, 0x0, 0xff, 0xe3, 0x80,

    /* U+F0597 "󰖗" */
    0x0, 0xff, 0xe2, 0x12, 0xbb, 0x98, 0xc0, 0x3f,
    0xfa, 0x4f, 0xdb, 0x51, 0x9, 0xce, 0x81, 0x0,
    0xff, 0xe6, 0xa7, 0x40, 0x80, 0x78, 0x5f, 0xcc,
    0x3, 0xff, 0x96, 0xd6, 0x20, 0x18, 0x44, 0x1,
    0x87, 0x18, 0x3, 0xff, 0x92, 0x92, 0x1, 0x2d,
    0xff, 0x73, 0xf1, 0x40, 0x29, 0x50, 0xf, 0xfe,
    0x38, 0xd0, 0x0, 0x6e, 0x90, 0x3, 0x1d, 0x60,
    0x80, 0x28, 0x80, 0x3f, 0xf8, 0xd0, 0x20, 0x38,
    0x80, 0x1f, 0x8f, 0xc8, 0x1, 0x20, 0x1f, 0xfc,
    0x35, 0x9b, 0x60, 0x6, 0x90, 0x7, 0xf8, 0x7c,
    0x0, 0x84, 0x1, 0xff, 0xc0, 0x6e, 0xa6, 0x40,
    0x2, 0x98, 0x7, 0xff, 0x0, 0xa0, 0x1, 0x40,
    0x1f, 0xf5, 0x48, 0x80, 0x74, 0x80, 0x7f, 0xf0,
    0x98, 0x0, 0x60, 0x1f, 0xe8, 0x50, 0x8, 0x95,
    0x8c, 0xc0, 0x1f, 0xfc, 0x21, 0x30, 0x56, 0x52,
    0x0, 0xf2, 0x38, 0x0, 0x6f, 0x6a, 0x70, 0x3,
    0xff, 0x88, 0xa0, 0x33, 0x5b, 0x86, 0x1, 0xa0,
    0x2, 0xc4, 0x0, 0xff, 0xe7, 0x1e, 0x28, 0x0,
    0x4c, 0x1, 0x4, 0x1, 0xff, 0xc9, 0x10, 0xf,
    0xa8, 0xc1, 0x40, 0x25, 0x0, 0xff, 0xe5, 0x47,
    0xfd, 0xce, 0x1, 0x78, 0x8, 0x4, 0x40, 0x1f,
    0xfc, 0x11, 0x20, 0xf, 0xf8, 0x61, 0x80, 0x6,
    0x22, 0x0, 0x84, 0x3, 0xff, 0x83, 0xb8, 0x20,
    0x1f, 0xfc, 0xb, 0x0, 0x95, 0x40, 0x13, 0x80,
    0x7f, 0xf0, 0x24, 0xc7, 0x40, 0x3f, 0xf8, 0x6,
    0x1, 0x8, 0x8c, 0x1, 0x2, 0x1, 0xfe, 0x56,
    0x0, 0x1c, 0x80, 0x7f, 0xc8, 0x1, 0x30, 0x40,
    0x0, 0x70, 0x80, 0x3f, 0x15, 0x0, 0x66, 0x50,
    0xf, 0xe2, 0xb0, 0x0, 0x98, 0x23, 0x0, 0xb,
    0x6e, 0x18, 0x3, 0xb8, 0x3, 0xd6, 0x20, 0x19,
    0x5e, 0x2b, 0x44, 0x1, 0x20, 0x14, 0xa0, 0x4,
    0x8f, 0x30, 0x1, 0x39, 0x80, 0x1a, 0x80, 0x3,
    0x60, 0x12, 0xd4, 0x3a, 0x80, 0x46, 0xe0, 0x1a,
    0xe0, 0x3, 0x88, 0x0, 0x30, 0x0, 0x29, 0x55,
    0x0, 0x14, 0xc0, 0x4, 0x1, 0xe5, 0xc0, 0xf,
    0x3f, 0x42, 0x11, 0xc0, 0x2, 0x0, 0x2e, 0x0,
    0x58, 0x80, 0x3c, 0x0, 0xc8, 0x44, 0x36, 0xca,
    0x0, 0xfc, 0x2f, 0x7b, 0x84, 0x0, 0x70, 0x2,
    0x98, 0x0, 0x60, 0x0, 0x64, 0x3, 0x7b, 0xac,
    0x93, 0x0, 0xff, 0xe2, 0x20, 0x80, 0x20, 0x3,
    0x30, 0x80, 0x14, 0x3, 0xff, 0x98, 0x60, 0x2,
    0x20, 0x7, 0x38, 0x3, 0x40, 0x3f, 0xf9, 0x9e,
    0x1, 0xff, 0xc0, 0x10, 0xf, 0xfe, 0x67, 0x0,
    0x8, 0x40, 0x39, 0x0, 0x4, 0x1, 0xff, 0xcc,
    0x70, 0xa, 0x84, 0x2, 0x82, 0x0, 0x68, 0x7,
    0xff, 0x30, 0x58, 0x0, 0x9f, 0x32, 0xd7, 0x0,
    0x1a, 0x0, 0x7f, 0xf3, 0x64, 0x80, 0x2, 0xcc,
    0x20, 0x0, 0xf0, 0x7, 0xff, 0x3f, 0x10, 0x3,
    0xc7, 0x84, 0x1, 0xff, 0xcf, 0x1b, 0xc6, 0x44,
    0x35, 0x61, 0x0, 0x7f, 0xf0, 0x80,

    /* U+F0598 "󰖘" */
    0x0, 0xff, 0xe2, 0xa, 0x33, 0x10, 0x40, 0x3f,
    0xfa, 0x4f, 0xbd, 0x73, 0x2b, 0xed, 0x60, 0xf,
    0xfe, 0x71, 0xec, 0x10, 0x7, 0x8a, 0x74, 0xc0,
    0x3f, 0xf9, 0x6d, 0x84, 0x1, 0x84, 0x40, 0x18,
    0xb1, 0x80, 0x3f, 0xf9, 0x2b, 0x20, 0x12, 0xe7,
    0xf7, 0x3e, 0xd4, 0x2, 0x94, 0x0, 0xff, 0xe3,
    0x8d, 0x0, 0xb, 0x28, 0xc0, 0x32, 0x55, 0x88,
    0x2, 0xc8, 0x3, 0xff, 0x8d, 0x60, 0x2, 0xc3,
    0x0, 0xfc, 0x9e, 0x20, 0x8, 0x0, 0xff, 0xe1,
    0xb5, 0x5a, 0x80, 0x3c, 0x40, 0x3f, 0xc3, 0xa0,
    0x5, 0x20, 0xf, 0xfe, 0x3, 0x74, 0xaa, 0x0,
    0x1c, 0x80, 0x3f, 0xf8, 0x6, 0xe0, 0x5, 0x0,
    0xff, 0xaa, 0x44, 0x3, 0xa8, 0x3, 0xff, 0x85,
    0x20, 0xc, 0x0, 0xff, 0x42, 0x80, 0x44, 0xac,
    0x84, 0x1, 0xff, 0xc2, 0x12, 0x5, 0x65, 0x20,
    0xf, 0x23, 0x80, 0x7, 0x36, 0xa6, 0xc0, 0x3f,
    0xf8, 0x8c, 0x3, 0x35, 0xb8, 0x60, 0x1a, 0x0,
    0x3, 0x86, 0x1, 0xff, 0xc8, 0x10, 0xe, 0x3c,
    0x50, 0x0, 0x98, 0x2, 0x48, 0x3, 0xff, 0x92,
    0x45, 0x80, 0x35, 0x18, 0x28, 0x4, 0xc0, 0x1f,
    0xfc, 0xa8, 0xdd, 0xbe, 0x0, 0x2f, 0x1, 0x0,
    0x84, 0x3, 0xff, 0x9e, 0xee, 0x0, 0x18, 0x88,
    0x2, 0x10, 0xf, 0xfe, 0x85, 0x0, 0x4a, 0xc0,
    0x13, 0x80, 0x7f, 0xf4, 0x8, 0x2, 0x12, 0x20,
    0x2, 0x4, 0x3, 0xff, 0x9e, 0x80, 0x13, 0x4,
    0x0, 0x7, 0x48, 0x3, 0xff, 0x80, 0x99, 0x40,
    0x1f, 0xe1, 0x90, 0x0, 0x98, 0x2a, 0x80, 0x7,
    0xb4, 0xe8, 0x1, 0x88, 0x3, 0x51, 0xaa, 0x80,
    0x39, 0x19, 0x93, 0xe4, 0x0, 0x90, 0xa, 0x8c,
    0x2, 0x58, 0xb6, 0x1, 0xed, 0xa0, 0x1, 0x88,
    0x0, 0x40, 0x33, 0x5c, 0xc9, 0x84, 0x0, 0x8e,
    0x1, 0xb1, 0xc0, 0x3b, 0xc1, 0x4, 0x16, 0x81,
    0x0, 0x24, 0x0, 0xde, 0x1, 0xe5, 0xb0, 0xf,
    0x47, 0x42, 0x12, 0x58, 0x20, 0x80, 0x16, 0xb0,
    0x0, 0x80, 0x11, 0x5, 0xa1, 0x10, 0xdb, 0x28,
    0x3, 0xf0, 0xbd, 0xed, 0x90, 0xe, 0x88, 0x1,
    0x50, 0x0, 0x4f, 0x7f, 0xb6, 0x57, 0xba, 0xc9,
    0x30, 0xf, 0xfe, 0x29, 0xe0, 0x80, 0x73, 0x42,
    0x0, 0x10, 0x3, 0xff, 0x98, 0x2c, 0xa0, 0x1f,
    0xe5, 0x0, 0xff, 0xe5, 0x26, 0x75, 0xa0, 0x7,
    0xc9, 0x19, 0x40, 0x1f, 0xfc, 0xab, 0x30, 0xf,
    0xe5, 0xb7, 0x30, 0xf, 0xfe, 0x58, 0x80, 0x42,
    0x60, 0x1c, 0xb4, 0x1, 0xff, 0xcd, 0xd6, 0x8d,
    0xe5, 0x0, 0x8, 0x80, 0xb, 0x40, 0x1f, 0xfc,
    0xc3, 0x97, 0x20, 0x70, 0x3, 0xe0, 0x80, 0x15,
    0x40, 0x1f, 0xfc, 0xf2, 0x10, 0x6, 0x16, 0x88,
    0x1, 0x80, 0x3f, 0xf9, 0xee, 0x1, 0x20, 0x1e,
    0x35, 0x18, 0x7, 0xff, 0x3d, 0xc0, 0xa, 0x20,
    0x2, 0x95, 0x0, 0xff, 0xe8, 0x17, 0x65, 0x0,
    0x7f, 0xf1, 0xc0,

    /* U+F0599 "󰖙" */
    0x0, 0xff, 0xe1, 0x11, 0x0, 0x3f, 0xfa, 0x1d,
    0xc0, 0xf, 0xfe, 0x7b, 0x99, 0x9c, 0x3, 0xff,
    0x9a, 0x70, 0x0, 0x83, 0x0, 0xff, 0xe6, 0x70,
    0x6, 0xe0, 0xf, 0xfe, 0x5c, 0x3c, 0x4c, 0xa1,
    0xe0, 0x3, 0xff, 0x95, 0x14, 0xec, 0xc7, 0xa8,
    0x0, 0xff, 0xee, 0x93, 0x44, 0xd5, 0xd8, 0x40,
    0x38, 0xd5, 0x46, 0x1, 0xc3, 0x76, 0xa9, 0x86,
    0x23, 0x97, 0x65, 0x49, 0x10, 0x0, 0xcf, 0x65,
    0x53, 0x3a, 0x4, 0x0, 0x32, 0x8a, 0xcf, 0x26,
    0x2c, 0x1, 0x49, 0x0, 0xf, 0xd8, 0x40, 0x30,
    0xbf, 0x98, 0x0, 0xa8, 0x2, 0x61, 0xb, 0x0,
    0x1b, 0x0, 0xf, 0x4, 0x3, 0xf0, 0xe1, 0x80,
    0x14, 0xc0, 0x16, 0x0, 0x25, 0x8, 0x0, 0xe,
    0x80, 0x4b, 0x9f, 0xec, 0x50, 0xb, 0x44, 0x1,
    0x0, 0xa4, 0x1, 0x40, 0xa0, 0x2, 0x4, 0x1,
    0x14, 0x60, 0x3, 0xa8, 0x0, 0xc, 0x80, 0x10,
    0x60, 0x3, 0x15, 0x80, 0x4c, 0x0, 0x57, 0x0,
    0xf3, 0xa8, 0x1, 0x80, 0x2b, 0x20, 0xe, 0x50,
    0x1, 0x80, 0x52, 0x1, 0xfa, 0x40, 0x2, 0x60,
    0x5, 0x0, 0xfe, 0x60, 0x8, 0xc0, 0x3f, 0x18,
    0x4, 0xc0, 0x1f, 0xfd, 0xe6, 0x0, 0x8c, 0x3,
    0xf1, 0x80, 0x4c, 0x1, 0xfc, 0xa0, 0x3, 0x0,
    0xa4, 0x3, 0xf4, 0x80, 0x4, 0xc0, 0xa, 0x1,
    0xc5, 0x60, 0x13, 0x0, 0x15, 0x80, 0x3c, 0xea,
    0x0, 0x70, 0xa, 0xc8, 0x3, 0x58, 0xa0, 0x2,
    0x4, 0x1, 0x34, 0x60, 0x3, 0xa8, 0x0, 0xc,
    0x0, 0x10, 0x6c, 0x2, 0x16, 0x8, 0x0, 0xe,
    0x80, 0x4b, 0x9f, 0xec, 0x50, 0xb, 0x44, 0x1,
    0x0, 0xc2, 0x0, 0x90, 0x1, 0xb0, 0x0, 0xf0,
    0x40, 0x3f, 0xe, 0x18, 0x1, 0x8c, 0x1, 0x20,
    0x6, 0x0, 0xa4, 0x80, 0x7, 0xec, 0x1, 0xe6,
    0xf3, 0x0, 0x14, 0x80, 0x4c, 0x3, 0x2e, 0xc8,
    0x7c, 0x20, 0x1, 0x9f, 0xca, 0xa6, 0x7c, 0x88,
    0x0, 0x64, 0xd5, 0x9e, 0x4, 0x4f, 0x13, 0x79,
    0x81, 0x0, 0xe3, 0x55, 0x18, 0x7, 0xd, 0xe5,
    0x4c, 0x30, 0x80, 0x7f, 0xf7, 0x62, 0x9d, 0x98,
    0xf5, 0x0, 0x1f, 0xfc, 0xa8, 0x78, 0x99, 0x43,
    0xc0, 0x7, 0xff, 0x2f, 0x80, 0x37, 0x0, 0x7f,
    0xf3, 0xe, 0x0, 0x10, 0x60, 0x1f, 0xfc, 0xd7,
    0x33, 0x38, 0x7, 0xff, 0x3f, 0xb8, 0x1, 0xff,
    0xc2,

    /* U+F059A "󰖚" */
    0x0, 0xff, 0xe2, 0x18, 0x80, 0x7f, 0xf5, 0x3a,
    0xc0, 0x3f, 0xfa, 0x72, 0x4a, 0xa0, 0xf, 0xfe,
    0x8a, 0xb0, 0x2, 0x84, 0x3, 0xff, 0x9e, 0x36,
    0x1, 0xb4, 0x3, 0xff, 0x9f, 0x9, 0x13, 0x27,
    0x73, 0x0, 0x7f, 0xf3, 0xa6, 0x9d, 0x99, 0x16,
    0xc0, 0x1f, 0xfe, 0x53, 0x78, 0x9a, 0xcb, 0x10,
    0xe, 0x35, 0x51, 0x0, 0x71, 0x65, 0xd4, 0xc3,
    0x8, 0x6, 0x18, 0x76, 0x52, 0xa1, 0x0, 0xc,
    0xfe, 0x55, 0x37, 0x9c, 0x2, 0x2f, 0x45, 0x67,
    0x81, 0x0, 0xc4, 0x80, 0x15, 0x8, 0x1, 0x3d,
    0x80, 0x38, 0x63, 0x48, 0x0, 0x70, 0x1, 0x48,
    0x7, 0xa0, 0x0, 0xa8, 0x0, 0x5b, 0x10, 0xf,
    0xc5, 0x84, 0x0, 0x72, 0x1, 0x70, 0xf, 0x19,
    0x82, 0x0, 0x5, 0x40, 0x13, 0x67, 0xfa, 0xd0,
    0x0, 0x3c, 0x1, 0x58, 0x30, 0x7, 0xe8, 0x32,
    0x0, 0x48, 0x5, 0x52, 0x60, 0x4, 0xb6, 0x0,
    0x1b, 0x0, 0x1c, 0x24, 0x3, 0xf2, 0x48, 0x0,
    0x50, 0x0, 0xea, 0x1, 0xe9, 0x30, 0x5, 0x80,
    0x6, 0x84, 0x3, 0xf9, 0x40, 0x8, 0x1, 0x48,
    0x7, 0xe9, 0x0, 0x10, 0x80, 0x14, 0x3, 0xff,
    0x82, 0x40, 0x1, 0x10, 0x7, 0xe7, 0x0, 0x88,
    0x3, 0xf2, 0x77, 0xff, 0xa0, 0x0, 0x3f, 0xff,
    0xda, 0x1, 0x67, 0xff, 0xb4, 0x7c, 0x40, 0x3f,
    0xfa, 0x44, 0xd8, 0x1, 0xff, 0xd4, 0x37, 0xba,
    0xaf, 0xfe, 0x96, 0xa0, 0x22, 0xaf, 0xff, 0x48,
    0x80, 0x3f, 0xfb, 0x64, 0xab, 0xff, 0xcc, 0x10,
    0xf, 0x8f, 0x6a, 0xbf, 0xf9, 0x9e, 0x1, 0xf2,
    0x80, 0x7f, 0xf3, 0x44, 0x80, 0x3c, 0xe6, 0x1,
    0xff, 0xcc, 0x52, 0x0, 0xf0, 0xe7, 0xff, 0xff,
    0x32, 0x80, 0x3f, 0xff, 0xe0, 0x18, 0x59, 0xbf,
    0xf8, 0xaa, 0x1, 0xff, 0xc3, 0xf9, 0x9f, 0xfe,
    0x2d, 0x50, 0x3, 0xff, 0x82, 0x22, 0x0, 0xff,
    0xe3, 0x30, 0x7, 0xff, 0x4, 0x60, 0x8b, 0xff,
    0x8a, 0x70, 0x1, 0xf0,

    /* U+F059B "󰖛" */
    0x0, 0xff, 0xe2, 0x18, 0x80, 0x7f, 0xf5, 0x3a,
    0xc0, 0x3f, 0xfa, 0x72, 0x4a, 0xa0, 0xf, 0xfe,
    0x8a, 0xb0, 0x2, 0x84, 0x3, 0xff, 0x9e, 0x36,
    0x1, 0xb4, 0x3, 0xff, 0x9f, 0x9, 0x13, 0x27,
    0x73, 0x0, 0x7f, 0xf3, 0xa6, 0x9d, 0x99, 0x16,
    0xc0, 0x1f, 0xfe, 0x53, 0x78, 0x9a, 0xcb, 0x10,
    0xe, 0x35, 0x51, 0x0, 0x71, 0x65, 0xd4, 0xc3,
    0x8, 0x6, 0x18, 0x76, 0x52, 0xa1, 0x0, 0xc,
    0xfe, 0x55, 0x37, 0x9c, 0x2, 0x2f, 0x45, 0x67,
    0x81, 0x0, 0xc4, 0x80, 0x15, 0x8, 0x1, 0x3d,
    0x80, 0x38, 0x63, 0x48, 0x0, 0x70, 0x1, 0x48,
    0x7, 0xa0, 0x0, 0xa8, 0x0, 0x5b, 0x10, 0xf,
    0xc5, 0x84, 0x0, 0x72, 0x1, 0x70, 0xf, 0x19,
    0x82, 0x0, 0x5, 0x40, 0x13, 0x67, 0xfa, 0xd0,
    0x0, 0x3c, 0x1, 0x58, 0x30, 0x7, 0xe8, 0x32,
    0x0, 0x48, 0x5, 0x52, 0x60, 0x4, 0xb6, 0x0,
    0x1b, 0x0, 0x1c, 0x24, 0x3, 0xf2, 0x48, 0x0,
    0x50, 0x0, 0xea, 0x1, 0xe9, 0x30, 0x5, 0x80,
    0x6, 0x84, 0x3, 0xf9, 0x40, 0x8, 0x1, 0x48,
    0x7, 0xe9, 0x0, 0x10, 0x80, 0x14, 0x3, 0xff,
    0x82, 0x40, 0x1, 0x10, 0x7, 0xe7, 0x0, 0x88,
    0x3, 0xf2, 0x77, 0xff, 0xa0, 0x0, 0x3f, 0xff,
    0xda, 0x1, 0x67, 0xff, 0xb4, 0x7c, 0x40, 0x3f,
    0xfa, 0x44, 0xd8, 0x1, 0xff, 0xd4, 0x37, 0xba,
    0xaf, 0xfe, 0x96, 0xa0, 0x22, 0xaf, 0xff, 0x48,
    0x80, 0x3f, 0xfc, 0x22, 0xe8, 0x1, 0xf9, 0x58,
    0x3, 0xff, 0x93, 0x91, 0x6c, 0x1, 0xea, 0xa4,
    0xc0, 0x7, 0xff, 0x20, 0xc0, 0x12, 0xc0, 0x1a,
    0x94, 0x0, 0x40, 0x1f, 0xfc, 0x8a, 0x0, 0xa5,
    0x80, 0x14, 0xa0, 0x1, 0xb0, 0xf, 0xfe, 0x42,
    0x58, 0x5, 0x2d, 0x2a, 0x0, 0x1c, 0x10, 0xf,
    0xfe, 0x4a, 0x58, 0x5, 0x2c, 0x0, 0x1c, 0x20,
    0xf, 0xfe, 0x5a, 0x50, 0x7, 0xe, 0x10, 0x7,
    0xff, 0x35, 0x68, 0x2, 0x1c, 0x20, 0xf, 0xfe,
    0x7a, 0xd0, 0x96, 0x10, 0x7, 0xff, 0x8,

    /* U+F059C "󰖜" */
    0x0, 0xff, 0xe2, 0x18, 0x80, 0x7f, 0xf5, 0x3a,
    0xc0, 0x3f, 0xfa, 0x72, 0x4a, 0xa0, 0xf, 0xfe,
    0x8a, 0xb0, 0x2, 0x84, 0x3, 0xff, 0x9e, 0x36,
    0x1, 0xb4, 0x3, 0xff, 0x9f, 0x9, 0x13, 0x27,
    0x73, 0x0, 0x7f, 0xf3, 0xa6, 0x9d, 0x99, 0x16,
    0xc0, 0x1f, 0xfe, 0x53, 0x78, 0x9a, 0xcb, 0x10,
    0xe, 0x35, 0x51, 0x0, 0x71, 0x65, 0xd4, 0xc3,
    0x8, 0x6, 0x18, 0x76, 0x52, 0xa1, 0x0, 0xc,
    0xfe, 0x55, 0x37, 0x9c, 0x2, 0x2f, 0x45, 0x67,
    0x81, 0x0, 0xc4, 0x80, 0x15, 0x8, 0x1, 0x3d,
    0x80, 0x38, 0x63, 0x48, 0x0, 0x70, 0x1, 0x48,
    0x7, 0xa0, 0x0, 0xa8, 0x0, 0x5b, 0x10, 0xf,
    0xc5, 0x84, 0x0, 0x72, 0x1, 0x70, 0xf, 0x19,
    0x82, 0x0, 0x5, 0x40, 0x13, 0x67, 0xfa, 0xd0,
    0x0, 0x3c, 0x1, 0x58, 0x30, 0x7, 0xe8, 0x32,
    0x0, 0x48, 0x5, 0x52, 0x60, 0x4, 0xb6, 0x0,
    0x1b, 0x0, 0x1c, 0x24, 0x3, 0xf2, 0x48, 0x0,
    0x50, 0x0, 0xea, 0x1, 0xe9, 0x30, 0x5, 0x80,
    0x6, 0x84, 0x3, 0xf9, 0x40, 0x8, 0x1, 0x48,
    0x7, 0xe9, 0x0, 0x10, 0x80, 0x14, 0x3, 0xff,
    0x82, 0x40, 0x1, 0x10, 0x7, 0xe7, 0x0, 0x88,
    0x3, 0xf2, 0x77, 0xff, 0xa0, 0x0, 0x3f, 0xff,
    0xda, 0x1, 0x67, 0xff, 0xb4, 0x7c, 0x40, 0x3f,
    0xfa, 0x44, 0xd8, 0x1, 0xff, 0xd4, 0x37, 0xba,
    0xaf, 0xfe, 0x96, 0xa0, 0x22, 0xaf, 0xff, 0x48,
    0x80, 0x3f, 0xfc, 0xe8, 0x40, 0x1f, 0xfd, 0x39,
    0xbd, 0x50, 0xf, 0xfe, 0x8c, 0xb0, 0x2, 0x94,
    0x3, 0xff, 0x9f, 0x2c, 0x1, 0xa9, 0x40, 0x3f,
    0xf9, 0xb2, 0xc0, 0x1, 0x0, 0xa9, 0x40, 0x3f,
    0xf9, 0x72, 0xc0, 0x1, 0xca, 0x0, 0xa9, 0x40,
    0x3f, 0xf9, 0x30, 0xc0, 0x1, 0xc2, 0x5a, 0x0,
    0xa9, 0x40, 0x3f, 0xf9, 0xe, 0x0, 0x1c, 0x20,
    0x2, 0xd0, 0x5, 0xc0, 0x1f, 0xfc, 0x86, 0x1,
    0xc2, 0x0, 0xcb, 0x40, 0xe, 0x0, 0xff, 0xe4,
    0x4f, 0x70, 0x80, 0x3c, 0xbf, 0xca, 0x1, 0xfe,

    /* U+F059D "󰖝" */
    0x0, 0xff, 0xe1, 0x23, 0x29, 0x80, 0x7f, 0xf3,
    0xdf, 0xee, 0x6b, 0x35, 0x0, 0x3f, 0xf9, 0x97,
    0x0, 0x1c, 0x56, 0xe0, 0x1f, 0xfc, 0xa4, 0x40,
    0x4, 0x20, 0x1a, 0x14, 0x3, 0xff, 0x92, 0xc0,
    0x2, 0xde, 0xfa, 0x10, 0x5, 0x80, 0x7f, 0xf2,
    0x4b, 0xaf, 0x48, 0x0, 0xb4, 0x0, 0x14, 0x0,
    0xff, 0xe4, 0x8a, 0x0, 0x72, 0x8, 0x0, 0xc0,
    0x3f, 0xfa, 0x26, 0x1, 0xff, 0xd3, 0x12, 0x0,
    0x10, 0x7, 0xff, 0x42, 0x80, 0x24, 0x0, 0xff,
    0x85, 0x9b, 0xff, 0x85, 0x1a, 0x80, 0x6, 0x10,
    0x9, 0x19, 0x44, 0x3, 0x7c, 0xcf, 0xff, 0x9,
    0xc8, 0x0, 0x52, 0x0, 0x5e, 0xb9, 0xae, 0x70,
    0x0, 0x88, 0x3, 0xff, 0x8a, 0x98, 0x0, 0x2a,
    0x10, 0xd, 0x10, 0x1, 0x82, 0x2f, 0xfe, 0x11,
    0xad, 0xd8, 0x40, 0xc, 0x1, 0x8, 0x4, 0xe2,
    0xf, 0xbb, 0xff, 0xc2, 0xca, 0x40, 0xc, 0x8c,
    0x77, 0xd8, 0x1, 0x38, 0x7, 0xff, 0x32, 0x71,
    0x0, 0xc8, 0x0, 0x20, 0x1f, 0xfd, 0x5, 0x20,
    0x0, 0x80, 0x7, 0x3f, 0xff, 0xf9, 0x94, 0x1,
    0x38, 0x1, 0xcc, 0x3, 0xff, 0x9f, 0x22, 0x0,
    0x50, 0xf, 0xfe, 0x70, 0xd3, 0x0, 0x47, 0xb5,
    0x5f, 0xfc, 0xcc, 0xe5, 0x0, 0xe2, 0x55, 0xff,
    0xe6, 0x18, 0x7, 0xff, 0x68, 0x55, 0x7f, 0xf9,
    0x88, 0x20, 0x1e, 0xca, 0xaf, 0xfe, 0x65, 0xf4,
    0x80, 0x61, 0x20, 0xf, 0xfe, 0x73, 0x50, 0x4,
    0x2c, 0x1, 0xff, 0xcf, 0x55, 0x0, 0x53, 0xff,
    0xff, 0xcc, 0xd1, 0x0, 0x70, 0x7, 0xff, 0x40,
    0x98, 0x0, 0xc0, 0x1f, 0xfc, 0xc1, 0x61, 0x0,
    0x10, 0x0, 0x40, 0x3f, 0xf9, 0x99, 0x3d, 0x12,
    0xa0, 0x5, 0x0, 0xff, 0xe6, 0x10, 0x1, 0xd8,
    0x2, 0xb0, 0xf, 0xfe, 0x63, 0x80, 0x7a, 0xc8,
    0x3, 0xff, 0x99, 0x16, 0xa4, 0x6d, 0xa8, 0x1,
    0x0,

    /* U+F059E "󰖞" */
    0x0, 0xff, 0xe1, 0xa, 0x32, 0x98, 0x7, 0xff,
    0x3d, 0x33, 0xae, 0x6b, 0x3e, 0x44, 0x3, 0xff,
    0x97, 0x56, 0x60, 0x1e, 0x6e, 0x60, 0xf, 0xfe,
    0x4e, 0x28, 0x6, 0x11, 0x0, 0x69, 0x70, 0xf,
    0xfe, 0x3d, 0x18, 0x0, 0x67, 0xfb, 0xa8, 0x0,
    0xa1, 0x40, 0x3f, 0xf8, 0xa6, 0xa0, 0x3, 0xf6,
    0x0, 0x85, 0xf0, 0x40, 0x16, 0x1, 0xff, 0xc5,
    0x90, 0x0, 0xe8, 0x80, 0x78, 0xe8, 0x0, 0x2c,
    0x1, 0xff, 0xc0, 0x59, 0xbb, 0x28, 0x2, 0x44,
    0x3, 0xf2, 0x20, 0x1, 0xa0, 0x1f, 0xe2, 0xda,
    0x64, 0x40, 0x4, 0xa0, 0x1f, 0xed, 0x0, 0x28,
    0x7, 0xf1, 0x69, 0x0, 0x7c, 0x40, 0x1f, 0xe2,
    0x0, 0x8, 0x7, 0xf7, 0x80, 0x42, 0xac, 0xd8,
    0x3, 0xff, 0x88, 0x8c, 0x82, 0x1, 0x29, 0x0,
    0x1b, 0xaa, 0x67, 0x0, 0x7f, 0xf0, 0xfa, 0xe6,
    0xf9, 0xc0, 0x18, 0x0, 0x29, 0x0, 0xff, 0xe4,
    0x88, 0x6, 0x87, 0x2, 0x0, 0x20, 0x7, 0xff,
    0x19, 0xc8, 0xb8, 0x40, 0x28, 0x10, 0x8, 0xc0,
    0x3f, 0xf8, 0xc7, 0xbb, 0xdd, 0x80, 0x13, 0x98,
    0x1, 0x48, 0x3, 0xff, 0x98, 0x64, 0x0, 0x1a,
    0x0, 0xb1, 0x44, 0x3, 0xff, 0x94, 0xa4, 0x0,
    0x12, 0x60, 0x0, 0xd7, 0x7f, 0xff, 0xf2, 0xa8,
    0x2, 0x70, 0x95, 0x0, 0xff, 0xe8, 0xc8, 0x80,
    0x2a, 0x44, 0x3, 0xff, 0x9a, 0x34, 0xc0, 0x19,
    0xbb, 0x2a, 0xbf, 0xf9, 0x79, 0xca, 0x1, 0xf1,
    0xaa, 0xff, 0xf2, 0xcc, 0x3, 0xff, 0xb8, 0x2a,
    0xbf, 0xfc, 0xc4, 0x10, 0xf, 0xb2, 0xab, 0xff,
    0x99, 0x7d, 0x20, 0x1c, 0x24, 0x1, 0xff, 0xce,
    0x6a, 0x0, 0xc2, 0xc0, 0x1f, 0xfc, 0xf5, 0x50,
    0x6, 0x9f, 0xff, 0xfe, 0x66, 0x88, 0x3, 0x80,
    0x3f, 0xfa, 0x24, 0xc0, 0x6, 0x0, 0xff, 0xe6,
    0x8b, 0x8, 0x0, 0x80, 0x2, 0x1, 0xff, 0xcd,
    0xc9, 0xe8, 0x95, 0x0, 0x28, 0x7, 0xff, 0x34,
    0x80, 0xe, 0xc0, 0x15, 0x80, 0x7f, 0xf3, 0x5c,
    0x3, 0xd6, 0x40, 0x1f, 0xfc, 0xd8, 0xb5, 0x23,
    0x6d, 0x40, 0x8,

    /* U+F061A "󰘚" */
    0x0, 0xe2, 0x2f, 0xfe, 0x40, 0x7, 0xfb, 0x77,
    0xff, 0x90, 0x1, 0xcc, 0xdc, 0x1, 0xff, 0xc8,
    0x66, 0xe9, 0x9e, 0x0, 0xff, 0xe4, 0x4c, 0xf0,
    0x7, 0xff, 0x48, 0x8b, 0x80, 0x3f, 0xf9, 0x4,
    0x5d, 0xbb, 0xc0, 0x1f, 0xfc, 0x8d, 0xde, 0x0,
    0xff, 0xf8, 0x7f, 0xf0, 0x7, 0xff, 0x23, 0xff,
    0x80, 0x3f, 0xfe, 0x15, 0x5c, 0x1, 0xff, 0xc8,
    0xaa, 0xe5, 0x5e, 0x0, 0xff, 0xe4, 0x2a, 0xf0,
    0x7, 0xff, 0x49, 0x57, 0x80, 0x3f, 0xf9, 0xa,
    0xbd, 0x55, 0xc0, 0x1f, 0xfc, 0x8a, 0xae, 0x0,
    0xff, 0xf8, 0x7f, 0xf0, 0x7, 0xea, 0xf0, 0x5f,
    0x50, 0xfa, 0x0, 0xbf, 0xf8, 0x3, 0xff, 0xe1,
    0x55, 0xc0, 0x1f, 0xfc, 0x8a, 0xae, 0x55, 0xe0,
    0xf, 0xfe, 0x42, 0xaf, 0x0, 0x7f, 0xf0, 0x6b,
    0xc1, 0x7d, 0x43, 0xe8, 0x3, 0xf2, 0xaf, 0x0,
    0x7f, 0xf2, 0x15, 0x7a, 0xab, 0x80, 0x3f, 0xf9,
    0x15, 0x5c, 0x1, 0xd5, 0x5f, 0xfc, 0x80, 0xe,

    /* U+F067E "󰙾" */
    0x0, 0xff, 0xe2, 0xa, 0x33, 0x10, 0x40, 0x3f,
    0xfa, 0x4f, 0xbd, 0x73, 0x2b, 0xed, 0x60, 0xf,
    0xfe, 0x71, 0xec, 0x10, 0x7, 0x8a, 0x74, 0xc0,
    0x3f, 0xf9, 0x6d, 0x84, 0x1, 0x84, 0x40, 0x18,
    0xb1, 0x80, 0x3f, 0xf9, 0x2b, 0x20, 0x12, 0xe7,
    0xf7, 0x3e, 0xd4, 0x2, 0x94, 0x0, 0xff, 0xe3,
    0x8d, 0x0, 0xb, 0x28, 0xc0, 0x32, 0x55, 0x88,
    0x2, 0xc8, 0x3, 0xff, 0x8d, 0x60, 0x2, 0xc3,
    0x0, 0xfc, 0x9e, 0x20, 0x8, 0x0, 0xff, 0xe1,
    0xb5, 0x5a, 0x80, 0x3c, 0x40, 0x3f, 0xc3, 0xa0,
    0x5, 0x20, 0xf, 0xfe, 0x3, 0x74, 0xaa, 0x0,
    0x1c, 0x80, 0x3f, 0xf8, 0x6, 0xe0, 0x5, 0x0,
    0xff, 0xaa, 0x44, 0x3, 0xa8, 0x3, 0xff, 0x85,
    0x20, 0xc, 0x0, 0xff, 0x42, 0x80, 0x44, 0xac,
    0x84, 0x1, 0xff, 0xc2, 0x12, 0x5, 0x65, 0x20,
    0xf, 0x23, 0x80, 0x7, 0x36, 0xa6, 0xc0, 0x3f,
    0xf8, 0x8c, 0x3, 0x35, 0xb8, 0x60, 0x1a, 0x0,
    0x3, 0x86, 0x1, 0xff, 0xc8, 0x10, 0xe, 0x3c,
    0x50, 0x0, 0x98, 0x2, 0x48, 0x3, 0xff, 0x92,
    0x45, 0x80, 0x35, 0x18, 0x28, 0x4, 0xa0, 0x1f,
    0xfc, 0xa8, 0xdd, 0xbe, 0x0, 0x2f, 0x1, 0x0,
    0x88, 0x3, 0xf8, 0x59, 0xb2, 0x80, 0x7f, 0xf0,
    0x1d, 0xc0, 0x3, 0x11, 0x0, 0x42, 0x1, 0xfd,
    0x33, 0xc6, 0x1, 0xff, 0xc1, 0xa0, 0x9, 0x58,
    0x2, 0x70, 0xf, 0xe6, 0x0, 0x89, 0x80, 0x3f,
    0xf8, 0x24, 0x1, 0x9, 0x10, 0x1, 0x2, 0x1,
    0xf3, 0x8, 0x5, 0x60, 0x1f, 0xfc, 0x24, 0x0,
    0x98, 0x20, 0x0, 0x38, 0x40, 0x1e, 0xa0, 0x8,
    0x98, 0x3, 0xff, 0x82, 0x32, 0x0, 0x13, 0x5,
    0x50, 0x0, 0xb4, 0x40, 0x31, 0x98, 0x2, 0x80,
    0xf, 0xf8, 0x5a, 0x7c, 0x80, 0x12, 0x1, 0x52,
    0x0, 0x4a, 0x1, 0xa4, 0x2, 0x25, 0x0, 0xf2,
    0x80, 0x6d, 0x96, 0x10, 0x2, 0x38, 0x6, 0xb8,
    0x14, 0x40, 0x4, 0x2a, 0x1, 0x1e, 0x62, 0x0,
    0x28, 0xa4, 0x0, 0x88, 0x3, 0x2d, 0x80, 0x79,
    0xfa, 0xc0, 0x33, 0x0, 0x61, 0x33, 0x50, 0x0,
    0xdc, 0x28, 0x40, 0x16, 0x46, 0xd9, 0x40, 0x1f,
    0xfc, 0x29, 0x0, 0xf2, 0x90, 0x3, 0x80, 0x3,
    0x60, 0x5, 0xdc, 0x93, 0x0, 0xff, 0xe1, 0x13,
    0xb3, 0x14, 0x2, 0xb0, 0x3, 0x10, 0x4, 0xa6,
    0x1, 0xff, 0xc8, 0x29, 0x9b, 0x80, 0xe, 0x20,
    0x8, 0x0, 0xe9, 0x0, 0xff, 0xe6, 0x10, 0x2,
    0x40, 0x6, 0x20, 0x1c, 0xa0, 0x1f, 0xfc, 0xcf,
    0x8, 0x10, 0x3, 0x0, 0x7c, 0x20, 0x1f, 0xfc,
    0xb2, 0x17, 0x0, 0x9c, 0x3, 0xe1, 0x0, 0xff,
    0xe5, 0xac, 0x0, 0x62, 0x40, 0xe, 0x80, 0xf,
    0xfe, 0x61, 0xb0, 0x7, 0x5a, 0x80, 0x4e, 0xe0,
    0xf, 0xfe, 0x59, 0xc0, 0x7, 0xd5, 0xd9, 0xf0,
    0x1, 0xff, 0xcc, 0x15, 0x0, 0xfc, 0x26, 0x1,
    0xff, 0xc1,

    /* U+F067F "󰙿" */
    0x0, 0xff, 0xe2, 0xa, 0x33, 0x10, 0x40, 0x3f,
    0xfa, 0x4f, 0xbd, 0x73, 0x2b, 0xed, 0x60, 0xf,
    0xfe, 0x71, 0xec, 0x10, 0x7, 0x8a, 0x74, 0xc0,
    0x3f, 0xf9, 0x6d, 0x84, 0x1, 0x84, 0x40, 0x18,
    0xb1, 0x80, 0x3f, 0xf9, 0x2b, 0x20, 0x12, 0xe7,
    0xf7, 0x3e, 0xd4, 0x2, 0x94, 0x0, 0xff, 0xe3,
    0x8d, 0x0, 0xb, 0x28, 0xc0, 0x32, 0x55, 0x88,
    0x2, 0xc8, 0x3, 0xff, 0x8d, 0x60, 0x2, 0xc3,
    0x0, 0xfc, 0x9e, 0x20, 0x8, 0x0, 0xff, 0xe1,
    0xb5, 0x5a, 0x80, 0x3c, 0x40, 0x3f, 0xc3, 0xa0,
    0x5, 0x20, 0xf, 0xfe, 0x3, 0x74, 0xaa, 0x0,
    0x1c, 0x80, 0x3f, 0xf8, 0x6, 0xe0, 0x5, 0x0,
    0xff, 0xaa, 0x44, 0x3, 0xa8, 0x3, 0xff, 0x85,
    0x20, 0xc, 0x0, 0xff, 0x42, 0x80, 0x44, 0xac,
    0x84, 0x1, 0xff, 0xc2, 0x12, 0x5, 0x65, 0x20,
    0xf, 0x23, 0x80, 0x7, 0x36, 0xa6, 0xc0, 0x3f,
    0xf8, 0x8c, 0x3, 0x35, 0xb8, 0x60, 0x1a, 0x0,
    0x3, 0x86, 0x1, 0xff, 0xc8, 0x10, 0xe, 0x3c,
    0x50, 0x0, 0x98, 0x2, 0x48, 0x3, 0xff, 0x92,
    0x45, 0x80, 0x35, 0x18, 0x28, 0x4, 0xa0, 0x1f,
    0xfc, 0xa8, 0xdd, 0xbe, 0x0, 0x2f, 0x1, 0x0,
    0x88, 0x3, 0xfc, 0xa4, 0x1, 0xff, 0xc3, 0x77,
    0x0, 0xc, 0x44, 0x1, 0x8, 0x7, 0xf5, 0xd6,
    0x90, 0x7, 0xff, 0xe, 0x80, 0x25, 0x50, 0x4,
    0xe0, 0x13, 0xc0, 0x80, 0x5, 0x0, 0xe, 0x1,
    0xff, 0xc3, 0x20, 0x8, 0x44, 0x60, 0x8, 0x10,
    0x78, 0x7c, 0x10, 0x40, 0x9, 0xc0, 0x3f, 0xf8,
    0x68, 0x1, 0x30, 0x40, 0x0, 0x6c, 0x3c, 0x0,
    0x58, 0x3e, 0x0, 0x12, 0x0, 0xff, 0xe1, 0xc,
    0x80, 0x4, 0xc1, 0x14, 0x0, 0x81, 0x24, 0x0,
    0x2c, 0x40, 0x3, 0x80, 0x11, 0xcc, 0x3, 0xe1,
    0x69, 0xf2, 0x0, 0x48, 0x5, 0x4a, 0x56, 0x3,
    0x84, 0x0, 0x21, 0x0, 0x16, 0x7d, 0xc6, 0x8,
    0x0, 0x4c, 0x1, 0xb2, 0xc2, 0x0, 0x47, 0x0,
    0xd5, 0xaa, 0x0, 0x1c, 0x20, 0xe, 0x43, 0x0,
    0xc4, 0x0, 0xdd, 0x8, 0x10, 0x6, 0x5b, 0x0,
    0xfe, 0x15, 0x83, 0x0, 0xfe, 0x17, 0x30, 0x83,
    0x1b, 0xb, 0x23, 0x6c, 0xa0, 0xf, 0xeb, 0xea,
    0x61, 0x0, 0xf1, 0xc6, 0x74, 0x1, 0x38, 0x1,
    0x51, 0x77, 0x24, 0xc0, 0x3f, 0x95, 0x0, 0x3f,
    0xc2, 0xc6, 0x1, 0x48, 0x6, 0x90, 0xf, 0xfe,
    0x13, 0x80, 0x42, 0xa6, 0x1, 0xc5, 0x82, 0x0,
    0x24, 0x0, 0xc4, 0xa0, 0x1f, 0xfc, 0x12, 0xd9,
    0xde, 0xa0, 0x8, 0x8c, 0x0, 0x58, 0x21, 0x40,
    0x1e, 0xe0, 0xf, 0xfe, 0x11, 0x31, 0x0, 0x98,
    0x1, 0x74, 0x80, 0x4, 0xe0, 0x20, 0x1e, 0x60,
    0xf, 0xfe, 0x32, 0x0, 0x56, 0x38, 0x40, 0x2,
    0xe, 0x0, 0xf3, 0x80, 0x7f, 0xf1, 0xb4, 0x2,
    0x30, 0x1c, 0x8b, 0x40, 0x61, 0x0, 0xe9, 0x0,
    0xff, 0xe3, 0x58, 0x1, 0xc0, 0x21, 0x74, 0x0,
    0xe, 0x10, 0x0, 0x68, 0xc0, 0x3f, 0xf8, 0xc7,
    0xdb, 0x0, 0x1f, 0xc5, 0xbb, 0x72, 0x80, 0x7f,
    0x0,

    /* U+F06E8 "󰛨" */
    0x0, 0xff, 0xe3, 0x11, 0x4, 0x3, 0xff, 0xac,
    0xdb, 0xac, 0x0, 0xff, 0xff, 0x80, 0x7f, 0xfc,
    0x8b, 0x4, 0x3, 0xf1, 0x91, 0x18, 0x3, 0xf9,
    0x64, 0x3, 0xfe, 0x2c, 0x3c, 0x10, 0xf, 0x97,
    0x75, 0x60, 0x1f, 0x9a, 0x9a, 0x80, 0x3f, 0xd0,
    0x20, 0x58, 0x40, 0x1f, 0xfc, 0x56, 0x90, 0x2,
    0xa0, 0x7, 0xf5, 0x28, 0x0, 0xa0, 0x3, 0xff,
    0x88, 0x72, 0x1, 0x52, 0x0, 0x7f, 0xa9, 0x40,
    0xe8, 0x3, 0x25, 0x6f, 0xfb, 0xad, 0xc4, 0x2,
    0x39, 0x0, 0x5a, 0x80, 0x7f, 0xf0, 0x2a, 0x30,
    0x2, 0x3d, 0xb5, 0x20, 0x0, 0xa4, 0x73, 0x80,
    0x4d, 0x58, 0x80, 0x1f, 0xfc, 0x27, 0x0, 0x9b,
    0x8, 0x3, 0xfa, 0x2c, 0x40, 0xa, 0x60, 0x1f,
    0xfc, 0x65, 0x90, 0xf, 0xfe, 0x2, 0x68, 0x7,
    0xff, 0x24, 0xa8, 0x3, 0xff, 0x84, 0x70, 0x1,
    0xff, 0xc8, 0x90, 0xf, 0xfe, 0x23, 0x90, 0x7,
    0xff, 0x18, 0x90, 0x3, 0xff, 0x8b, 0x60, 0x1f,
    0xfc, 0x65, 0x0, 0xff, 0xe3, 0x38, 0x7, 0xf0,
    0xd5, 0x68, 0x0, 0xb4, 0x3, 0xff, 0x8c, 0x22,
    0x0, 0x15, 0x56, 0x83, 0x55, 0xe0, 0x9, 0x80,
    0x3f, 0xf8, 0xe6, 0x0, 0x15, 0x5c, 0x80, 0x1f,
    0xfd, 0xa3, 0x55, 0xe0, 0x9, 0x80, 0x3f, 0xf8,
    0xe6, 0x0, 0x15, 0x5c, 0x83, 0x55, 0xa0, 0x2,
    0xd0, 0xf, 0xfe, 0x30, 0x88, 0x0, 0x55, 0x5a,
    0x0, 0x3f, 0x94, 0x3, 0xff, 0x8c, 0xe0, 0x1f,
    0xfc, 0x62, 0x40, 0xf, 0xfe, 0x2d, 0x80, 0x7f,
    0xf1, 0xe4, 0x40, 0x3f, 0xf8, 0x70, 0x40, 0x1f,
    0xfc, 0x72, 0xa0, 0xf, 0xfe, 0x12, 0x38, 0x7,
    0xff, 0x25, 0x28, 0x3, 0xff, 0x80, 0xb6, 0x1,
    0xff, 0xcb, 0x5d, 0x10, 0xf, 0xe7, 0xa0, 0xf,
    0xfe, 0x69, 0x10, 0x3, 0xfa, 0xc0, 0x3f, 0xff,
    0xe0, 0x1f, 0xfd, 0x4, 0x0, 0xfc, 0x26, 0x1,
    0xff, 0xcf, 0x8b, 0xaa, 0xfb, 0xc0, 0x3f, 0xfa,
    0x28, 0xab, 0xf0, 0x80, 0x7f, 0xf4, 0x4b, 0xff,
    0xd2, 0x1, 0xff, 0xf8, 0x22, 0x0, 0x76, 0x80,
    0x7f, 0xf4, 0xf6, 0xea, 0xad, 0x40, 0xf, 0xfe,
    0x18,

    /* U+F0709 "󰜉" */
    0x0, 0xff, 0xe0, 0xb8, 0x7, 0xff, 0x39, 0xe0,
    0x3, 0xff, 0x9b, 0x10, 0x0, 0xff, 0xe6, 0xc3,
    0x80, 0x7f, 0xf3, 0x61, 0xc0, 0x3f, 0xf9, 0xb0,
    0xe0, 0x19, 0x50, 0x40, 0x3f, 0xf8, 0xd0, 0xe0,
    0x1d, 0x57, 0xdb, 0x4, 0x1, 0xff, 0xc2, 0x87,
    0x0, 0xfe, 0x27, 0xd9, 0x10, 0xf, 0xf8, 0x9c,
    0x3, 0xff, 0x82, 0xde, 0x60, 0x1f, 0xe2, 0xc0,
    0xf, 0xbf, 0x65, 0x40, 0x21, 0xc5, 0x0, 0xff,
    0x1e, 0x0, 0x7c, 0x4d, 0x5a, 0xa0, 0x15, 0x18,
    0x7, 0xf8, 0xf0, 0x3, 0xf8, 0xaa, 0x40, 0x2d,
    0x0, 0xe6, 0x0, 0xe3, 0xc0, 0xf, 0xf3, 0x48,
    0x0, 0x64, 0x2, 0x29, 0xc0, 0xe, 0x3c, 0x0,
    0xff, 0x32, 0x80, 0x18, 0x40, 0x14, 0x7, 0x60,
    0x1c, 0x78, 0x1, 0xfe, 0x80, 0x9, 0x80, 0xa,
    0x0, 0x10, 0xf, 0x1e, 0x0, 0x7f, 0x12, 0x0,
    0x2c, 0x4, 0x80, 0x1e, 0x1, 0xf1, 0xe0, 0x7,
    0xf6, 0x80, 0xc, 0x8, 0x2, 0x40, 0xf, 0xc6,
    0x1, 0xfc, 0xa0, 0x10, 0xb0, 0x4, 0x20, 0x1f,
    0xfc, 0x61, 0x0, 0x88, 0x40, 0x3f, 0xf9, 0xc2,
    0xe0, 0x10, 0x80, 0x7f, 0xf1, 0x84, 0x2, 0x32,
    0x0, 0x90, 0x3, 0xff, 0x8c, 0x80, 0x1, 0x18,
    0x80, 0x1e, 0x1, 0xff, 0xc6, 0xb0, 0x2, 0x80,
    0x14, 0x0, 0xa2, 0x1, 0xff, 0xc4, 0x33, 0x0,
    0x34, 0x1, 0x40, 0x15, 0x0, 0x7f, 0xf1, 0x3c,
    0x0, 0x2c, 0x0, 0x25, 0x0, 0x23, 0x80, 0x7f,
    0xf0, 0xa0, 0xc0, 0x12, 0x1, 0xac, 0x40, 0x11,
    0x0, 0xf, 0xfe, 0x4, 0x38, 0x0, 0xdc, 0x3,
    0xe, 0x80, 0x4f, 0x88, 0x1, 0xf8, 0xf1, 0xc0,
    0x3, 0xa0, 0x1e, 0x3a, 0x0, 0x8e, 0x40, 0x22,
    0x21, 0xbe, 0x60, 0xc0, 0x3, 0x82, 0x1, 0xf2,
    0xe0, 0x80, 0x14, 0x0, 0x5b, 0xac, 0x83, 0x0,
    0x8b, 0x8, 0x3, 0xf8, 0xfd, 0x83, 0x0, 0x8,
    0x1, 0xf3, 0x69, 0x0, 0x7f, 0xc3, 0x3a, 0x80,
    0xc, 0x0, 0xc4, 0xfd, 0x20, 0x1f, 0xfc, 0x32,
    0x0, 0xa2, 0xed, 0x9d, 0xb0, 0x20, 0x1f, 0x80,

    /* U+F0898 "󰢘" */
    0x0, 0xff, 0xe1, 0x92, 0xc4, 0xb0, 0x7, 0xfc,
    0x2f, 0x7f, 0xb4, 0xe6, 0xc0, 0x1f, 0xcb, 0x9d,
    0x8, 0x1, 0x3d, 0x0, 0x7e, 0x4d, 0xa3, 0x0,
    0xe7, 0x80, 0xf, 0x86, 0xac, 0x80, 0x3c, 0xb0,
    0x1, 0xf1, 0x7a, 0x80, 0x7c, 0x94, 0x1, 0xf1,
    0x60, 0x80, 0x7e, 0x90, 0xf, 0x87, 0x4, 0x3,
    0xf9, 0x80, 0x3e, 0xb1, 0x0, 0xff, 0x52, 0x80,
    0x71, 0xa8, 0x7, 0xfc, 0x35, 0x20, 0x1a, 0x0,
    0x3f, 0xf8, 0x4d, 0x20, 0x1, 0x40, 0xf, 0xfe,
    0x1b, 0x28, 0x38, 0x7, 0xff, 0x16, 0xc3, 0x0,
    0x3f, 0x22, 0x0, 0x3e, 0x15, 0x70, 0xf, 0x1f,
    0x5d, 0xb8, 0xc0, 0x3d, 0xe6, 0x1, 0xed, 0x10,
    0x0, 0xe8, 0x7, 0x9c, 0x40, 0x39, 0x4, 0x3,
    0xa, 0x0, 0x71, 0x0, 0x7f, 0xf2, 0x4, 0x3,
    0x90, 0x40, 0x30, 0xa0, 0x7, 0xa, 0x0, 0x7a,
    0x84, 0x0, 0x3a, 0x1, 0xe3, 0xf0, 0xf, 0x27,
    0x5d, 0xb8, 0xc0, 0x3c, 0xea, 0x20, 0x1f, 0x22,
    0x0, 0x3f, 0x60, 0x58, 0x7, 0xff, 0x15, 0xc1,
    0x58, 0x3, 0xff, 0x86, 0x82, 0x0, 0x96, 0x0,
    0xff, 0xe1, 0x40, 0x6, 0x9a, 0x10, 0xf, 0xf9,
    0x4c, 0x3, 0x96, 0x80, 0x3f, 0xc3, 0x60, 0x1f,
    0x38, 0x7, 0xf0, 0xe0, 0x80, 0x7d, 0x0, 0x1f,
    0x87, 0x8, 0x3, 0xea, 0x40, 0xf, 0x97, 0xc8,
    0x3, 0xe8, 0x50, 0xf, 0x15, 0xd0, 0x80, 0x7d,
    0xe, 0x1, 0xc7, 0x5a, 0x80, 0x1f, 0xa9, 0xc0,
    0x24, 0x8e, 0xc5, 0x0, 0xfe, 0x63, 0x7a, 0xdf,
    0xb7, 0x10, 0xf, 0xf8,

    /* U+F0E6E "󰹮" */
    0x0, 0xff, 0xe0, 0xad, 0x77, 0xf6, 0xc1, 0x80,
    0x7f, 0xf3, 0xf, 0x69, 0x44, 0x4, 0x9f, 0x28,
    0x40, 0x3f, 0xf9, 0x2b, 0x84, 0x1, 0xf9, 0x7c,
    0x80, 0x3f, 0xf8, 0xe9, 0x40, 0x11, 0x3c, 0xc9,
    0x84, 0x0, 0x38, 0x20, 0x1f, 0xfc, 0x6a, 0x0,
    0xa3, 0x61, 0x99, 0x3c, 0xa0, 0x1, 0xb0, 0xf,
    0xfe, 0x2b, 0x88, 0x2, 0x9c, 0x3, 0xd4, 0xc0,
    0x5, 0x30, 0xf, 0xfe, 0x9, 0xaa, 0x50, 0x1,
    0x54, 0x1, 0xfa, 0x44, 0x1, 0x40, 0x1f, 0xf3,
    0x76, 0x55, 0x90, 0x3, 0x80, 0x3f, 0xcc, 0x0,
    0x40, 0xf, 0xf5, 0x48, 0x80, 0x79, 0x40, 0x3f,
    0xda, 0x0, 0x20, 0xf, 0xe8, 0x50, 0xf, 0xc2,
    0x1, 0xfe, 0x10, 0xf, 0xf8, 0x9c, 0x0, 0x35,
    0xdf, 0xf8, 0x3, 0xff, 0x86, 0xfb, 0xfd, 0x22,
    0x0, 0x50, 0xb, 0x14, 0x40, 0x3f, 0xf8, 0xf0,
    0x40, 0x2d, 0xe4, 0x18, 0x0, 0x52, 0x0, 0xff,
    0xe7, 0xf, 0x80, 0x63, 0x0, 0xff, 0xe3, 0x2d,
    0x57, 0x4a, 0x0, 0x9, 0x4, 0x0, 0xa0, 0x1f,
    0xfc, 0x61, 0x55, 0xe6, 0xb1, 0x0, 0x1e, 0x0,
    0xd, 0x80, 0x3f, 0xfa, 0x2c, 0x20, 0x9, 0xb6,
    0x55, 0xff, 0xe4, 0xb5, 0x88, 0x0, 0xc2, 0x80,
    0x24, 0x9a, 0xaf, 0xfe, 0x4c, 0xa0, 0x0, 0x90,
    0x12, 0x80, 0x3f, 0xfa, 0x3, 0xe0, 0x12, 0xf3,
    0x90, 0x7, 0xff, 0x2c, 0x5b, 0xc8, 0x3, 0xc,
    0x6f, 0xff, 0xff, 0x2f, 0xa4, 0x40, 0x3f, 0xfa,
    0x42, 0x1, 0xff, 0xd5, 0x66, 0x0, 0x7f, 0xf5,
    0x65, 0x80, 0x3f, 0xfa, 0xb2, 0xc0, 0xc, 0xff,
    0xff, 0xe7, 0xc0, 0x2, 0x58, 0x3, 0xff, 0xab,
    0x28, 0x1, 0xff, 0xd4, 0x54, 0x8a, 0xaf, 0xfe,
    0x7a, 0x80, 0x16, 0x81, 0x15, 0x7f, 0xf9, 0xfa,
    0xb, 0x40, 0x1f, 0xfd, 0x35, 0xa0, 0xf, 0xfe,
    0x9a, 0x50, 0x6,

    /* U+F0F2F "󰼯" */
    0x0, 0xff, 0xe2, 0x12, 0xb3, 0x10, 0x40, 0x3f,
    0xfa, 0x4f, 0xba, 0xa9, 0x95, 0xf6, 0x30, 0x7,
    0xff, 0x39, 0x3a, 0x8, 0x3, 0xc7, 0x3a, 0x40,
    0x1f, 0xfc, 0xb7, 0xb1, 0x0, 0xc2, 0x20, 0xc,
    0x5a, 0xa0, 0x1f, 0xfc, 0x96, 0x80, 0x9, 0xb3,
    0xfb, 0x9f, 0x68, 0x1, 0x51, 0x80, 0x7f, 0xf1,
    0xca, 0x40, 0x7, 0xb2, 0x6a, 0xcc, 0x24, 0xba,
    0x0, 0xb4, 0x40, 0x3f, 0xf8, 0xd2, 0x0, 0x3c,
    0x20, 0x4, 0x4c, 0x90, 0x0, 0xba, 0x0, 0x18,
    0x0, 0xff, 0xe1, 0xb, 0x56, 0x20, 0xe, 0x80,
    0x7f, 0xc5, 0x40, 0x6, 0x10, 0xf, 0xfe, 0x3,
    0x74, 0xa9, 0x80, 0x24, 0x40, 0x3f, 0xf8, 0xa,
    0xa0, 0x3, 0x80, 0x7f, 0xd5, 0x20, 0x1e, 0x70,
    0xf, 0xfe, 0x14, 0x80, 0x30, 0x3, 0xfd, 0xa,
    0x1, 0x1b, 0x2a, 0x80, 0x3f, 0xf8, 0x66, 0x0,
    0x76, 0x52, 0x0, 0xf2, 0x38, 0x0, 0x73, 0x13,
    0x54, 0x0, 0xff, 0xe2, 0x18, 0x14, 0xd6, 0xe1,
    0x80, 0x68, 0x0, 0xf, 0x98, 0x7, 0xfb, 0xb3,
    0xe, 0x1, 0xff, 0xc0, 0x3c, 0x50, 0x0, 0x98,
    0x2, 0x44, 0x3, 0xfe, 0x33, 0x84, 0x3, 0xcc,
    0x44, 0x10, 0xd, 0x46, 0xa, 0x1, 0x30, 0x7,
    0xff, 0x2a, 0xb7, 0x5d, 0xee, 0x1, 0x78, 0x8,
    0x4, 0x20, 0x1f, 0xfc, 0x5, 0x66, 0x10, 0x7,
    0xfd, 0xe, 0x0, 0x31, 0x10, 0x4, 0x20, 0x1f,
    0xfc, 0x8, 0x99, 0x20, 0x7, 0xff, 0x2, 0x80,
    0x25, 0x60, 0x9, 0xc0, 0x3f, 0xfa, 0x4, 0x1,
    0x9, 0x10, 0x1, 0x2, 0x1, 0xff, 0x31, 0x10,
    0xc0, 0x3f, 0xf8, 0x8, 0x1, 0x30, 0x40, 0x0,
    0x74, 0x80, 0x3f, 0xd7, 0xba, 0x50, 0xf, 0xf8,
    0x64, 0x0, 0x26, 0xa, 0xa0, 0x1, 0xed, 0x3b,
    0x37, 0xff, 0x2a, 0x7c, 0x80, 0x12, 0x1, 0x51,
    0x80, 0x4b, 0x13, 0x3f, 0xfc, 0xa6, 0x10, 0x2,
    0x38, 0x6, 0xc7, 0x0, 0xff, 0xe8, 0xad, 0x80,
    0x7a, 0x3a, 0x10, 0x8b, 0xff, 0x96, 0x6d, 0x94,
    0x1, 0x0,

    /* U+F0F30 "󰼰" */
    0x0, 0xff, 0xe2, 0x18, 0x80, 0x7f, 0xf5, 0x3a,
    0xc0, 0x3f, 0xfa, 0x72, 0x4a, 0xa0, 0xf, 0xfe,
    0x8a, 0xb0, 0x2, 0x84, 0x3, 0xff, 0x9e, 0x36,
    0x1, 0xb4, 0x3, 0xff, 0x9f, 0x9, 0x13, 0x27,
    0x73, 0x0, 0x7f, 0xf3, 0xa6, 0x9d, 0x99, 0x16,
    0xc0, 0x1f, 0xfe, 0x53, 0x78, 0x9a, 0xcb, 0x10,
    0xe, 0x35, 0x51, 0x0, 0x71, 0x65, 0xd4, 0xc3,
    0x8, 0x6, 0x18, 0x76, 0x52, 0xa1, 0x0, 0xc,
    0xfe, 0x55, 0x37, 0x9c, 0x2, 0x28, 0x45, 0x67,
    0x81, 0x0, 0xc4, 0x80, 0x15, 0x8, 0x1, 0x3d,
    0x80, 0x38, 0x63, 0x8, 0x0, 0x8e, 0x1, 0x48,
    0x7, 0xbc, 0x0, 0xa8, 0x0, 0x4b, 0x10, 0xf,
    0xc7, 0x82, 0x0, 0x81, 0x0, 0x38, 0x7, 0x90,
    0xc2, 0x0, 0x5, 0x40, 0x13, 0x67, 0xfa, 0xcc,
    0x0, 0x3a, 0x1, 0x48, 0x38, 0x7, 0xe9, 0x32,
    0x0, 0x40, 0x80, 0x2a, 0x4c, 0x0, 0x98, 0xc0,
    0x3, 0x60, 0x3, 0x4, 0x80, 0x7e, 0x5a, 0x0,
    0xa, 0x80, 0x19, 0x40, 0x3d, 0x24, 0x0, 0xa0,
    0x0, 0xc8, 0x80, 0x7f, 0x30, 0x1, 0x0, 0x2b,
    0x0, 0xfd, 0x60, 0x3, 0x10, 0x3, 0x0, 0x7f,
    0xf0, 0x48, 0x0, 0x24, 0x1, 0xf9, 0x0, 0x22,
    0x0, 0xff, 0xe2, 0x3f, 0x73, 0xc0, 0x3f, 0x8b,
    0xba, 0x30, 0xf, 0xfe, 0x28, 0x8c, 0x1, 0xfe,
    0x11, 0x80, 0x3f, 0xfc, 0xa, 0xcd, 0xff, 0xc5,
    0x20, 0xc, 0x6c, 0xdf, 0x20, 0x45, 0x4c, 0xff,
    0xf1, 0x70, 0x40, 0x9, 0x93, 0x3f, 0x5a, 0x18,
    0x7, 0xff, 0x18, 0x4c, 0x0, 0x40, 0x1f, 0xc7,
    0x6, 0x45, 0xff, 0xc5, 0x82, 0x0, 0x32, 0x91,
    0x7c, 0x8c, 0x79, 0xbb, 0xff, 0xc5, 0x70, 0xd,
    0x5b, 0xbf, 0x58, 0x80, 0x7f, 0xfe, 0xa7, 0xff,
    0xd4, 0x1, 0xe, 0x7f, 0xff, 0xf1, 0x14, 0x2,
    0x16, 0x0, 0xf2, 0x90, 0x1, 0xcc, 0x3, 0xff,
    0x89, 0x0, 0x10, 0x90, 0x7, 0x84, 0x80, 0xa,
    0x1, 0xff, 0xc5, 0x40, 0xd, 0x95, 0x5e, 0xf0,
    0x8, 0xf6, 0xab, 0xff, 0x87, 0x72, 0x0,

    /* U+F0F31 "󰼱" */
    0x0, 0xff, 0xe2, 0x91, 0x80, 0x7f, 0xf5, 0x5b,
    0x71, 0x80, 0x3f, 0xfa, 0x6f, 0x20, 0xd, 0x0,
    0xff, 0xe9, 0x24, 0x0, 0x7f, 0xf5, 0x46, 0x80,
    0x3f, 0xfa, 0xd2, 0x20, 0x19, 0x80, 0x3f, 0xfa,
    0x2c, 0x0, 0x10, 0x1, 0x0, 0x7f, 0xf4, 0x14,
    0x40, 0x16, 0x1, 0x20, 0x7, 0xff, 0x3f, 0x0,
    0x4, 0xa4, 0x0, 0xe0, 0xf, 0xfe, 0x7a, 0x80,
    0x10, 0x28, 0x0, 0xa4, 0x1, 0xff, 0xce, 0x10,
    0x0, 0x83, 0x0, 0x52, 0x1, 0xff, 0xd1, 0xf0,
    0x17, 0x0, 0x23, 0x80, 0x7f, 0xf3, 0x44, 0x1,
    0xc0, 0x8, 0x20, 0x4, 0x30, 0x7, 0xff, 0x31,
    0x80, 0xa, 0x1, 0x70, 0x5, 0x32, 0x0, 0xff,
    0xe5, 0xe0, 0x0, 0xc4, 0x0, 0x76, 0x1, 0x36,
    0xa0, 0x7, 0xff, 0x25, 0xc0, 0x2b, 0x53, 0x4,
    0xb0, 0x8, 0xaf, 0x1c, 0x80, 0x3f, 0xf8, 0xc6,
    0x20, 0x5, 0xac, 0xf9, 0x5d, 0x30, 0x8, 0xe3,
    0x7f, 0xb7, 0x4e, 0x1, 0xff, 0xc0, 0x8d, 0x10,
    0xf, 0x37, 0x3e, 0x40, 0x80, 0x70, 0x91, 0x20,
    0x80, 0x3f, 0xd4, 0xe0, 0x1f, 0xea, 0x77, 0x74,
    0xa0, 0x7, 0x84, 0x80, 0x3f, 0x9d, 0x40, 0x26,
    0xcf, 0xf5, 0xa0, 0x5, 0x8, 0xd, 0x72, 0x1,
    0xda, 0x1, 0xfc, 0x50, 0x0, 0x1d, 0x93, 0x0,
    0x25, 0xd0, 0x5, 0x54, 0xbf, 0x90, 0x8, 0x6c,
    0xc0, 0x3f, 0xac, 0x2, 0xc2, 0x0, 0xf2, 0xc8,
    0x0, 0x55, 0x0, 0x31, 0xe2, 0x0, 0x78, 0x9e,
    0x64, 0xc0, 0x7, 0x20, 0xf, 0xcc, 0x40, 0x1e,
    0x29, 0xc2, 0x0, 0xe1, 0xad, 0x86, 0x60, 0x5,
    0x40, 0x1f, 0xea, 0x0, 0x9a, 0x77, 0x4c, 0x1,
    0xe1, 0xc5, 0x0, 0xf8, 0x80, 0x3f, 0xc6, 0x1,
    0x4b, 0x10, 0x7, 0xea, 0x20, 0x0, 0xaa, 0xf0,
    0x7, 0xff, 0x10, 0xd4, 0xc0, 0x3c, 0x68, 0x0,
    0x5e, 0xaa, 0xe0, 0xf, 0xfe, 0x1e, 0xe5, 0x67,
    0x28, 0x6, 0xb0, 0x0, 0xd0, 0x7, 0xff, 0x24,
    0x80, 0x21, 0xa5, 0x0, 0x8c, 0x0, 0xe0, 0x1f,
    0xfd, 0xb, 0x0, 0xff, 0xe6, 0xa7, 0xff, 0xa4,
    0x0, 0x2a, 0x0, 0x20, 0x2, 0x0, 0x7f, 0xf3,
    0x58, 0x80, 0x4, 0x0, 0xc0, 0x1, 0x40, 0x7,
    0xff, 0x34, 0xc0, 0x39, 0x48, 0x0, 0xf8, 0xec,
    0xdf, 0xfc, 0x97, 0xc1, 0x0, 0x20, 0x5, 0xe0,
    0x11, 0xc4, 0xcf, 0xff, 0x26, 0xc, 0x0, 0x86,
    0x1, 0x16, 0x10, 0x7, 0xff, 0x3c, 0xa8, 0x3,
    0x8f, 0x65, 0x8, 0xbf, 0xf9, 0x69, 0x1a, 0x20,
    0x10,

    /* U+F0F32 "󰼲" */
    0x0, 0xff, 0xe5, 0x38, 0x7, 0xff, 0x55, 0xfa,
    0xc, 0x3, 0xff, 0x8f, 0x94, 0xc6, 0x1, 0xfa,
    0xa0, 0x42, 0xc0, 0x3f, 0xf8, 0xe6, 0xb3, 0xea,
    0x1, 0xf5, 0x74, 0xa, 0x80, 0x7f, 0xf2, 0x67,
    0x14, 0x3, 0xf0, 0xbf, 0xb9, 0x0, 0x7f, 0xf1,
    0x44, 0x5a, 0xc0, 0x18, 0x91, 0x50, 0x40, 0x21,
    0xa2, 0x0, 0xff, 0xe3, 0x61, 0x0, 0x4f, 0xba,
    0xba, 0xbe, 0xc5, 0x0, 0xff, 0xe4, 0x89, 0x0,
    0xb, 0x60, 0x80, 0x38, 0xeb, 0x4, 0x3, 0xff,
    0x94, 0x78, 0x40, 0x1f, 0xc7, 0xe2, 0x1, 0xff,
    0xc8, 0x1d, 0x10, 0x1, 0xd7, 0x7f, 0x48, 0x80,
    0x7, 0x40, 0x3f, 0xf9, 0x10, 0x20, 0x8, 0xc5,
    0x10, 0x16, 0xe4, 0x0, 0x1b, 0x80, 0x42, 0x1,
    0xff, 0xc2, 0x26, 0x0, 0x33, 0x80, 0x7d, 0x64,
    0x0, 0x90, 0xa, 0x20, 0x1, 0xff, 0xc1, 0x50,
    0xa, 0x0, 0x3f, 0xa4, 0x0, 0x26, 0x0, 0xf7,
    0xd4, 0x0, 0xfa, 0x0, 0x2d, 0x0, 0x20, 0x80,
    0x7f, 0x20, 0x4, 0x80, 0x4, 0x2, 0x80, 0xf,
    0x43, 0x0, 0x4c, 0x0, 0x20, 0xc, 0xb7, 0xbf,
    0xed, 0xa1, 0x0, 0x78, 0x0, 0xc0, 0xb4, 0x3,
    0x99, 0xc0, 0x33, 0x80, 0x73, 0x75, 0x21, 0x0,
    0x9, 0x44, 0x3, 0xc3, 0x82, 0x1, 0x86, 0x0,
    0x40, 0x22, 0x0, 0x20, 0x54, 0x88, 0x7, 0xf8,
    0x40, 0x7, 0x82, 0x1, 0xc3, 0xea, 0x4, 0x0,
    0xc0, 0x1, 0x62, 0x80, 0x44, 0xf3, 0x26, 0x10,
    0x9, 0x98, 0x4, 0x40, 0xf, 0x86, 0xa8, 0xe0,
    0x5, 0x10, 0x1, 0x80, 0x6, 0xf6, 0x19, 0x93,
    0xd0, 0x1, 0x49, 0x0, 0x7f, 0xca, 0xa0, 0xa,
    0x40, 0x30, 0xe2, 0x0, 0x79, 0xec, 0x2, 0x90,
    0xf, 0xfe, 0x19, 0x90, 0x80, 0x54, 0x40, 0x1f,
    0x91, 0xc0, 0x8, 0x40, 0x1f, 0xfc, 0x6, 0xec,
    0xa1, 0x0, 0x22, 0x0, 0x3f, 0xd0, 0x1, 0x50,
    0x7, 0xfd, 0x52, 0x20, 0x1d, 0xa0, 0x1f, 0xfc,
    0x5, 0x0, 0x18, 0x7, 0xfa, 0x14, 0x3, 0xe2,
    0x0, 0xff, 0xe0, 0x10, 0x1, 0x80, 0x3f, 0x89,
    0xc0, 0x3, 0x5d, 0xff, 0x20, 0x7, 0x57, 0xfc,
    0xa0, 0xf, 0x0, 0x16, 0xff, 0x48, 0x80, 0x65,
    0x0, 0xb1, 0x44, 0x3, 0xf0, 0xa8, 0x0, 0x94,
    0x3, 0xc4, 0x2, 0xde, 0x40, 0x16, 0x0, 0x14,
    0x80, 0x3f, 0xcc, 0x1, 0x40, 0x7, 0xfc, 0x3e,
    0x1, 0xe3, 0x0, 0xff, 0xa4, 0x0, 0x4a, 0x1,
    0x2d, 0x56, 0x94, 0x0, 0x12, 0x0, 0x4, 0x0,
    0xa0, 0x1f, 0xe5, 0x10, 0x4, 0x0, 0x62, 0x55,
    0xcd, 0x62, 0x0, 0x30, 0x6, 0x0, 0xd, 0x80,
    0x3f, 0xb8, 0x2, 0xd8, 0x40, 0xf, 0xfe, 0x1b,
    0x8, 0x2, 0x6d, 0x95, 0x40, 0x18, 0x90, 0x2,
    0x77, 0x28, 0x4, 0x4a, 0xb3, 0x58, 0x80, 0xc,
    0x2, 0xa0, 0x9, 0x26, 0xa9, 0xc0, 0x15, 0x80,
    0x73, 0x88, 0x0, 0xf6, 0xaa, 0x94, 0x0, 0x12,
    0x0, 0x49, 0x40, 0x1e, 0x12, 0x0, 0x5e, 0x61,
    0x80, 0x12, 0x1, 0x28, 0x7, 0xc3, 0xe0, 0x1c,
    0xbc, 0xe4, 0x1, 0x29, 0x0, 0x8, 0xce, 0x8,
    0x10, 0x9, 0xcc, 0x3, 0xb, 0x79, 0x0, 0x78,
    0x63, 0x7f, 0xea, 0x0, 0xf3, 0xb, 0x80, 0x61,
    0xcf, 0xfd, 0xd2, 0x20, 0x1f, 0xfc, 0x82, 0x80,
    0xf, 0xfe, 0xa8, 0x9b, 0x0, 0x7f, 0xf5, 0x4a,
    0x0, 0x3f, 0xfa, 0xc2, 0xa0, 0x1f, 0xfc, 0x50,

    /* U+F0F33 "󰼳" */
    0x0, 0xff, 0xe5, 0x38, 0x7, 0xff, 0x55, 0xfa,
    0xc, 0x3, 0xff, 0x8f, 0x94, 0xc6, 0x1, 0xfa,
    0xa0, 0x42, 0xc0, 0x3f, 0xf8, 0xe6, 0xb3, 0xea,
    0x1, 0xf5, 0x74, 0xa, 0x80, 0x7f, 0xf2, 0x67,
    0x14, 0x3, 0xf0, 0xbf, 0xb9, 0x0, 0x7f, 0xf1,
    0x44, 0x5a, 0xc0, 0x18, 0xd5, 0x94, 0x80, 0x21,
    0xa2, 0x0, 0xff, 0xe3, 0x61, 0x0, 0x51, 0xd9,
    0x53, 0x5b, 0xa6, 0x0, 0xff, 0xe4, 0x89, 0x0,
    0xf, 0x9c, 0x40, 0x38, 0xa7, 0x8, 0x3, 0xff,
    0x94, 0x78, 0x20, 0x1f, 0xc7, 0x84, 0x1, 0xff,
    0xc8, 0x1c, 0x0, 0x8e, 0xbb, 0xfa, 0x44, 0x0,
    0x3e, 0x1, 0xff, 0xc8, 0xb0, 0xa, 0x31, 0x44,
    0x5, 0xb9, 0x0, 0x4, 0xe0, 0x10, 0x80, 0x7f,
    0xf0, 0x89, 0x40, 0xc, 0xe0, 0x1f, 0x59, 0x0,
    0x24, 0x2, 0x88, 0x0, 0x7f, 0xf0, 0x54, 0x2,
    0x80, 0xf, 0xe9, 0x0, 0xa, 0x0, 0x3d, 0xf5,
    0x0, 0x3e, 0x80, 0xb, 0x40, 0x8, 0x20, 0x1f,
    0xc8, 0x1, 0x18, 0x1, 0x0, 0xa0, 0x3, 0xd0,
    0xc0, 0x13, 0x0, 0x8, 0x3, 0x2d, 0xef, 0xfb,
    0x68, 0x40, 0x1e, 0x0, 0x30, 0x2d, 0x0, 0xe6,
    0x70, 0xc, 0xe0, 0x1c, 0xdd, 0x48, 0x40, 0x2,
    0x51, 0x0, 0xf0, 0xe0, 0x80, 0x61, 0x80, 0x10,
    0x8, 0x80, 0x8, 0x15, 0x22, 0x1, 0xfe, 0x10,
    0x1, 0xe0, 0x80, 0x70, 0xfa, 0x81, 0x0, 0x30,
    0x0, 0x58, 0xa0, 0x11, 0xbc, 0xc9, 0x84, 0x2,
    0x67, 0x2, 0x20, 0x7, 0xc3, 0x56, 0xe0, 0x5,
    0x10, 0x1, 0x80, 0x6, 0xf2, 0x19, 0x93, 0xd0,
    0x1, 0x41, 0x80, 0x7f, 0xc8, 0xa0, 0x14, 0x0,
    0x61, 0xf4, 0x0, 0xf3, 0xd8, 0x5, 0xe0, 0x1f,
    0xfc, 0x33, 0x30, 0x80, 0x5a, 0x20, 0x1f, 0x92,
    0x0, 0x6, 0x60, 0xf, 0xfe, 0x3, 0xf6, 0x50,
    0x80, 0x10, 0xc0, 0x3f, 0xce, 0x20, 0xb, 0x0,
    0xff, 0xaa, 0x4, 0x3, 0xb4, 0x3, 0xff, 0x80,
    0x80, 0x3, 0x0, 0xff, 0x4a, 0x80, 0x61, 0x19,
    0x40, 0x3f, 0xf8, 0x4, 0x0, 0x60, 0x10, 0xf,
    0x89, 0x80, 0x5, 0x9f, 0xdd, 0x18, 0x7, 0xff,
    0x3, 0xc0, 0x5, 0xfd, 0xf6, 0x40, 0x1a, 0x80,
    0x2f, 0x30, 0xf, 0xf4, 0x20, 0x7, 0xff, 0x1,
    0x34, 0xc0, 0x23, 0x0, 0x29, 0x0, 0x7f, 0x95,
    0xe8, 0x80, 0x3f, 0xf8, 0x3c, 0x1, 0xe3, 0x0,
    0xff, 0x15, 0x0, 0xf0, 0x6, 0x6b, 0xbe, 0x60,
    0x1, 0x20, 0x0, 0x40, 0xa, 0x1, 0xfe, 0xe0,
    0x8, 0xe0, 0x2, 0x14, 0x4e, 0x92, 0x0, 0x18,
    0x3, 0x0, 0x6, 0xc0, 0x1f, 0x98, 0xc0, 0x33,
    0x90, 0x7, 0xf1, 0x80, 0x73, 0x8, 0x2, 0x6d,
    0x95, 0x40, 0x1a, 0x0, 0x4, 0x1, 0x48, 0x4,
    0x4a, 0xb3, 0x58, 0x80, 0xc, 0x2, 0xa0, 0x9,
    0x26, 0xa9, 0xc0, 0x7, 0x10, 0x4, 0xb8, 0x1,
    0xc, 0xf, 0x6a, 0xa9, 0x40, 0x1, 0x20, 0x4,
    0x94, 0x1, 0xe1, 0x20, 0xa0, 0x2, 0x22, 0x4,
    0x1, 0x40, 0xa0, 0x1f, 0xf, 0x80, 0x72, 0xf3,
    0x90, 0x4, 0xa4, 0x24, 0x0, 0xe0, 0x3, 0x80,
    0x10, 0x1c, 0xc0, 0x30, 0xb7, 0x90, 0x7, 0x86,
    0x37, 0xfe, 0xa0, 0xf, 0xfe, 0x8, 0xe7, 0xfe,
    0xe9, 0x10, 0xf, 0xfe, 0x18, 0x88, 0x1, 0x6f,
    0xc, 0x0, 0x70, 0xf, 0xfe, 0x74, 0x80, 0x6,
    0x1c, 0x2, 0x90, 0xf, 0xfe, 0x73, 0xa0, 0x7,
    0xa0, 0xc0, 0x3f, 0xf9, 0xf7, 0x26, 0x0, 0x4b,
    0x70, 0xf, 0xfe, 0x8,

    /* U+F0F34 "󰼴" */
    0x0, 0xff, 0xe5, 0x28, 0x7, 0xff, 0x55, 0x76,
    0x8c, 0x3, 0xff, 0x8f, 0x92, 0xa4, 0x1, 0xfa,
    0xa8, 0x41, 0x60, 0x1f, 0xfc, 0x73, 0x6a, 0xf5,
    0x0, 0xfa, 0xba, 0x1, 0x0, 0x3f, 0xf9, 0x31,
    0xaa, 0x1, 0xf8, 0x5f, 0x98, 0x40, 0x3f, 0xf8,
    0xa2, 0x2c, 0x70, 0xc, 0x26, 0x86, 0x1, 0x86,
    0x84, 0x3, 0xff, 0x8d, 0x86, 0x1, 0x36, 0x76,
    0x5e, 0x7d, 0xa8, 0x7, 0xff, 0x24, 0x48, 0x0,
    0x5b, 0x26, 0x1, 0xc9, 0x56, 0x20, 0x1f, 0xfc,
    0xa3, 0xc2, 0x0, 0xfe, 0x4f, 0x10, 0xf, 0xfe,
    0x40, 0xe8, 0x80, 0xe, 0xbb, 0xf6, 0x4, 0x0,
    0x3a, 0x1, 0xff, 0xc8, 0x81, 0x0, 0x46, 0x28,
    0x81, 0x3f, 0x98, 0x0, 0xdc, 0x3, 0xff, 0x8c,
    0x4c, 0x0, 0x57, 0x0, 0xf0, 0xe9, 0x0, 0x24,
    0x2, 0x87, 0x0, 0xff, 0xe0, 0xa8, 0x5, 0x60,
    0x1f, 0x86, 0x0, 0x2, 0x60, 0xd, 0x8c, 0x30,
    0xf, 0xa0, 0x2, 0xd0, 0x1, 0x88, 0x7, 0xf2,
    0x80, 0x48, 0x0, 0x70, 0x3e, 0x0, 0xf3, 0xb0,
    0x4, 0xc0, 0x5, 0x0, 0xc9, 0x39, 0xdb, 0x90,
    0x20, 0xf, 0x0, 0x18, 0xe, 0x0, 0x72, 0xc0,
    0x6, 0x70, 0xe, 0x4e, 0xb6, 0x31, 0x23, 0x71,
    0x0, 0xf0, 0xe0, 0x80, 0x61, 0xa0, 0x10, 0x8,
    0x80, 0xa, 0x13, 0x62, 0x1, 0xfe, 0x10, 0x1,
    0xe9, 0x0, 0x70, 0xea, 0x1, 0x0, 0x30, 0x0,
    0x76, 0xc0, 0x11, 0x3c, 0xc9, 0x84, 0x2, 0x65,
    0x2, 0x30, 0xf, 0x8a, 0xe5, 0xc0, 0xa, 0x20,
    0x4, 0x0, 0xd, 0xec, 0x33, 0x27, 0xa0, 0x2,
    0xa2, 0x0, 0xff, 0x99, 0x40, 0x29, 0x0, 0xc3,
    0x88, 0x1, 0xe7, 0xb0, 0xa, 0x40, 0x3f, 0xf8,
    0x64, 0x62, 0x1, 0x51, 0x0, 0x7e, 0x47, 0x0,
    0x21, 0x0, 0x7f, 0xf0, 0x17, 0x75, 0x62, 0x0,
    0x44, 0x0, 0x7f, 0xa0, 0x2, 0xa0, 0xf, 0xfa,
    0x68, 0x80, 0x3b, 0x40, 0x3f, 0xf8, 0xa, 0x0,
    0x30, 0xf, 0xf4, 0x30, 0x7, 0xc4, 0x1, 0xff,
    0xc0, 0x20, 0x3, 0x0, 0x7f, 0x13, 0x80, 0x6,
    0x7b, 0xfe, 0x40, 0xf, 0xfe, 0x7, 0x80, 0xb,
    0x3b, 0x60, 0x40, 0x32, 0x80, 0x5a, 0xc2, 0x1,
    0xff, 0xc8, 0x31, 0x27, 0xf2, 0x0, 0xb4, 0x0,
    0xa6, 0x1, 0xff, 0xce, 0x1e, 0x0, 0x84, 0x0,
    0x60, 0x1f, 0xfc, 0x4, 0x91, 0x0, 0xcb, 0x55,
    0xc8, 0x0, 0x34, 0x0, 0x8, 0x1, 0x40, 0x3f,
    0x29, 0x0, 0x29, 0x9c, 0x3, 0x12, 0xaf, 0x58,
    0x80, 0xc, 0x1, 0x80, 0x3, 0x50, 0xf, 0x35,
    0x61, 0x18, 0x81, 0x0, 0x7f, 0xf1, 0x5c, 0x40,
    0x15, 0x2a, 0x20, 0x11, 0x0, 0xe5, 0x0, 0x10,
    0x8, 0x2, 0x14, 0x4d, 0x42, 0x0, 0x30, 0x0,
    0xd8, 0x4, 0xd5, 0xc8, 0x0, 0x4a, 0x1, 0x60,
    0x1b, 0xfd, 0xb0, 0x3e, 0xbb, 0xca, 0x0, 0x24,
    0x0, 0x96, 0x40, 0x38, 0xc0, 0x24, 0x50, 0x8,
    0x50, 0x0, 0x20, 0xa0, 0x1f, 0xf, 0x80, 0x73,
    0x6a, 0x88, 0x12, 0x81, 0xe7, 0x28, 0x6, 0x28,
    0xba, 0x7, 0x20, 0xe, 0x5c, 0x20, 0xf, 0x15,
    0x77, 0xe9, 0x4, 0x18, 0x7, 0x8d, 0x50, 0x0,
    0x3b, 0xdd, 0xbe, 0x88, 0x3, 0xff, 0x85, 0xd,
    0x3a, 0x60, 0x40, 0x38, 0x40, 0x18, 0x47, 0x0,
    0x7f, 0xf1, 0x4e, 0x58, 0xcc, 0x11, 0x40, 0x36,
    0x1, 0xff, 0xd0, 0x50, 0x2, 0x2d, 0x1d, 0x0,
    0x7f, 0xf4, 0x18, 0x10, 0x41, 0x70, 0xc0, 0x3f,
    0xfa, 0x5, 0xf6, 0x1, 0xff, 0xc6,

    /* U+F0F35 "󰼵" */
    0x0, 0xff, 0xe5, 0x28, 0x7, 0xff, 0x55, 0x76,
    0x8c, 0x3, 0xff, 0x8f, 0x92, 0xa4, 0x1, 0xfa,
    0xa8, 0x41, 0x60, 0x1f, 0xfc, 0x73, 0x6a, 0xf5,
    0x0, 0xfa, 0xba, 0x5, 0x40, 0x3f, 0xf9, 0x31,
    0xaa, 0x1, 0xf8, 0x5f, 0xd0, 0x80, 0x3f, 0xf8,
    0xa2, 0x2c, 0x70, 0xc, 0x26, 0x86, 0x20, 0x10,
    0xc9, 0x0, 0x7f, 0xf1, 0xb0, 0xc0, 0x26, 0xce,
    0xcb, 0xce, 0xc5, 0x0, 0xff, 0xe4, 0x89, 0x0,
    0xb, 0x64, 0xc0, 0x38, 0xeb, 0x4, 0x3, 0xff,
    0x94, 0x78, 0x40, 0x1f, 0xc7, 0xe4, 0x1, 0xff,
    0xc8, 0x1d, 0x10, 0x1, 0xd7, 0x7e, 0xc0, 0x80,
    0x7, 0xc0, 0x3f, 0xf9, 0x10, 0x20, 0x8, 0xc5,
    0x10, 0x27, 0xf4, 0x0, 0x13, 0x80, 0x7f, 0xf1,
    0x89, 0x80, 0xa, 0xe0, 0x1e, 0x1b, 0x20, 0x4,
    0x80, 0x50, 0xe0, 0x1f, 0xfc, 0x15, 0x0, 0xac,
    0x3, 0xfa, 0x0, 0x2, 0x80, 0xc, 0x8d, 0x30,
    0xf, 0xa0, 0x2, 0xd0, 0x1, 0x88, 0x7, 0xf2,
    0x80, 0x58, 0x0, 0x50, 0x2e, 0x0, 0xf3, 0xb0,
    0x4, 0xc0, 0x5, 0x0, 0xc9, 0x39, 0xdb, 0x90,
    0x20, 0x1, 0x0, 0x8, 0xe, 0x0, 0x72, 0xc0,
    0x6, 0x70, 0xe, 0x4e, 0xb6, 0x31, 0x23, 0x71,
    0x0, 0xe1, 0x16, 0x8, 0x6, 0x1a, 0x1, 0x0,
    0x88, 0x0, 0xa1, 0x36, 0x20, 0x1f, 0xfc, 0x13,
    0xd2, 0x0, 0xe1, 0xd4, 0x2, 0x0, 0x60, 0x0,
    0xed, 0x80, 0x22, 0x79, 0x93, 0x8, 0x4, 0xcc,
    0x2, 0x30, 0xf, 0x8a, 0xe5, 0xc0, 0xa, 0x20,
    0x4, 0x0, 0xd, 0x6c, 0x33, 0x27, 0xa0, 0x2,
    0x92, 0x0, 0xff, 0x99, 0x40, 0x29, 0x0, 0xc3,
    0x8a, 0x1, 0xe7, 0xb0, 0xb, 0x80, 0x3f, 0xf8,
    0x64, 0x62, 0x1, 0x51, 0x0, 0x7e, 0x48, 0x0,
    0x19, 0x80, 0x3f, 0xf8, 0xb, 0xba, 0xb1, 0x0,
    0x22, 0x0, 0x3f, 0xce, 0x20, 0xb, 0x0, 0xff,
    0xa6, 0x88, 0x3, 0xb4, 0x3, 0xff, 0x80, 0x80,
    0x4, 0x0, 0xff, 0x43, 0x0, 0x7c, 0x40, 0x1f,
    0xfc, 0xd, 0x0, 0x8, 0x7, 0xf1, 0x38, 0x0,
    0x67, 0xbf, 0xe4, 0x0, 0xff, 0xe1, 0x96, 0x76,
    0xc0, 0x80, 0x65, 0x0, 0xb5, 0x84, 0x3, 0xff,
    0x88, 0x20, 0x11, 0x89, 0x3f, 0x90, 0x5, 0x80,
    0x4, 0x30, 0xf, 0xfe, 0x70, 0xf0, 0x7, 0x8c,
    0x3, 0xfa, 0x1c, 0x3, 0xf2, 0x55, 0x72, 0x0,
    0xd, 0x0, 0x2, 0x0, 0x30, 0xc, 0x2a, 0x0,
    0x37, 0x81, 0x0, 0xf8, 0x95, 0x7a, 0xc4, 0x0,
    0x60, 0xc, 0x0, 0x22, 0x80, 0x5b, 0x56, 0x16,
    0x2, 0x20, 0xf, 0xfe, 0x43, 0x8, 0x2, 0x84,
    0x0, 0xa0, 0x96, 0x80, 0x80, 0x24, 0x1, 0xf8,
    0x91, 0x14, 0x20, 0x3, 0x0, 0xa8, 0x3, 0xd2,
    0xa0, 0x86, 0xd, 0x9d, 0xaa, 0x0, 0xc7, 0x0,
    0x3e, 0xdd, 0x94, 0x0, 0x48, 0x1, 0x25, 0x25,
    0x8, 0x5, 0x2, 0x1, 0x19, 0x80, 0x34, 0x1c,
    0x10, 0x68, 0x7, 0xf, 0x0, 0x72, 0xda, 0x80,
    0x23, 0xb4, 0x40, 0x32, 0x46, 0xa9, 0x38, 0x3,
    0x83, 0x80, 0x32, 0xe1, 0x80, 0x7f, 0x9c, 0x40,
    0x3c, 0x2e, 0x41, 0x0, 0x11, 0xa2, 0x3f, 0xb9,
    0xf4, 0x40, 0x1f, 0xf4, 0xbd, 0xe0, 0x0, 0x81,
    0x6c, 0x0, 0xa0, 0x1b, 0x80, 0x2, 0x20, 0xf,
    0xfe, 0x13, 0x42, 0x28, 0x3, 0x14, 0x11, 0x0,
    0x1f, 0xfd, 0xc, 0x2, 0x1a, 0x64, 0x50, 0x50,
    0xd, 0xc0, 0x1f, 0xfc, 0x9d, 0xb, 0x0, 0x4d,
    0x88, 0x53, 0x9, 0x4a, 0x0, 0x7f, 0xf2, 0x5f,
    0xd8, 0x3, 0xe9, 0xed, 0x60, 0xf, 0xf0,

    /* U+F0F36 "󰼶" */
    0x0, 0xff, 0xe2, 0x9a, 0xa8, 0xc0, 0x3f, 0xfa,
    0x6d, 0x9f, 0x95, 0x4c, 0xfc, 0x50, 0xf, 0xfe,
    0x71, 0xec, 0x98, 0x7, 0x8e, 0xb0, 0x80, 0x3f,
    0xf9, 0x6b, 0x84, 0x1, 0xfe, 0x3d, 0x40, 0xf,
    0xfe, 0x4a, 0x50, 0x4, 0x73, 0xbf, 0xed, 0x93,
    0x0, 0xac, 0xc0, 0x3f, 0xf8, 0xe3, 0x40, 0x1,
    0xac, 0x62, 0x0, 0x13, 0x64, 0x80, 0x5a, 0x20,
    0x1f, 0xfc, 0x68, 0x10, 0x1c, 0x50, 0xf, 0xcd,
    0x80, 0x1, 0xb0, 0xf, 0xfe, 0x19, 0xbc, 0xb0,
    0x3, 0x48, 0x3, 0xfc, 0x74, 0x0, 0x51, 0x0,
    0xff, 0xe0, 0x26, 0xe4, 0x30, 0x1, 0x8c, 0x3,
    0xff, 0x80, 0xaa, 0x0, 0x38, 0x7, 0xfd, 0x16,
    0x40, 0x1d, 0x60, 0x1f, 0xfc, 0x28, 0x0, 0x60,
    0x7, 0xf9, 0xdc, 0x1, 0xa, 0x29, 0x90, 0x7,
    0xff, 0x8, 0x88, 0xe, 0xa8, 0x20, 0x1e, 0x28,
    0x0, 0xd, 0x75, 0xd6, 0x0, 0x7f, 0xf1, 0x18,
    0xa, 0xaf, 0xac, 0x80, 0x34, 0x0, 0x58, 0xa0,
    0x1f, 0xfc, 0x81, 0x0, 0xe4, 0xd4, 0x0, 0x94,
    0x0, 0xe4, 0x1, 0xff, 0xd1, 0xb2, 0x3, 0x0,
    0xa8, 0x3, 0xff, 0x95, 0x5f, 0xf6, 0xa8, 0x5,
    0x20, 0xc0, 0x11, 0x0, 0x7f, 0x8c, 0x40, 0x3f,
    0xf8, 0x45, 0x4a, 0x0, 0x41, 0x10, 0x4, 0x20,
    0x1f, 0xd5, 0x9e, 0x20, 0x1f, 0xfc, 0x38, 0x0,
    0x95, 0x80, 0x24, 0x0, 0x95, 0x80, 0x21, 0x50,
    0x14, 0x0, 0xff, 0xe1, 0x90, 0x4, 0x24, 0x40,
    0x4, 0x0, 0x1a, 0xa7, 0x0, 0x8, 0x1, 0x30,
    0x7, 0xff, 0xd, 0x0, 0x26, 0x8, 0x0, 0x15,
    0x7, 0x80, 0xf, 0x3, 0x0, 0x2, 0x60, 0x1f,
    0xfc, 0x21, 0x90, 0x8, 0xc1, 0x50, 0x0, 0x81,
    0x2, 0x0, 0x3c, 0x70, 0x2, 0x0, 0xd, 0x44,
    0x3, 0xf2, 0xc7, 0x90, 0x1, 0xc0, 0x2a, 0x30,
    0x90, 0x1c, 0x10, 0x1, 0x88, 0x5, 0x5d, 0x95,
    0xe2, 0x1, 0xeb, 0xa7, 0x10, 0x1, 0x40, 0x4,
    0x39, 0xee, 0x0, 0x2c, 0x10, 0xe, 0x55, 0x8,
    0x0, 0x48, 0x3, 0xc8, 0x1, 0x8f, 0x0, 0x3f,
    0xc9, 0x46, 0x1, 0xfe, 0x53, 0x0, 0xf4, 0x0,
    0xa5, 0x60, 0x80, 0x7e, 0x9f, 0xb7, 0x20, 0xf,
    0xb, 0x57, 0x50, 0x7, 0xcf, 0xfd, 0x6a, 0x1,
    0xfc, 0xac, 0x1, 0xfe, 0x29, 0x51, 0x0, 0xfc,
    0x80, 0x1f, 0xfc, 0x16, 0x0, 0xc6, 0x40, 0x1c,
    0x78, 0x1, 0xfd, 0x76, 0x70, 0xf, 0xfe, 0x1,
    0xdb, 0xd7, 0xe0, 0x80, 0x8, 0x40, 0x7, 0x80,
    0x12, 0x7e, 0x8, 0x20, 0x7, 0xff, 0xd, 0x21,
    0x40, 0x6, 0x0, 0x5c, 0x10, 0x1, 0xb0, 0x0,
    0x40, 0xf1, 0x40, 0x8, 0x1, 0xff, 0xc5, 0x50,
    0xb, 0xb, 0x4, 0x0, 0x60, 0x5, 0x80, 0x2a,
    0x0, 0x34, 0xf4, 0x80, 0x7f, 0xf0, 0xb4, 0x2,
    0x40, 0x2f, 0x69, 0x50, 0x9, 0xdc, 0x1, 0xa9,
    0x85, 0xc0, 0x3f, 0xf8, 0x58, 0x0, 0x60, 0x8,
    0x65, 0x80, 0x2, 0xf8, 0xe0, 0x1c, 0x4d, 0xa0,
    0x1f, 0xfc, 0x24, 0xca, 0x90, 0xf, 0xd1, 0x3,
    0x0, 0xe2, 0xc9, 0x30, 0xf, 0xfe, 0x19, 0xa8,
    0x7, 0xf6, 0xa, 0x4a, 0x0, 0x45, 0xa2, 0x1,
    0xff, 0xcf, 0x5e, 0xb6, 0x60, 0x33, 0x81, 0xd8,
    0x7, 0xff, 0x48, 0x48, 0x36, 0x1c, 0x8, 0x3,
    0xff, 0xa4, 0x60, 0x4, 0x8, 0xf8, 0x0, 0xff,
    0xe9, 0x16, 0x68, 0x7, 0xf8,

    /* U+F0F37 "󰼷" */
    0x0, 0xff, 0xe1, 0x11, 0x0, 0x3f, 0xfa, 0x1d,
    0xc0, 0xf, 0xfe, 0x7b, 0x99, 0x9c, 0x3, 0xff,
    0x9a, 0x70, 0x0, 0x83, 0x0, 0xff, 0xe6, 0x70,
    0x6, 0xe0, 0xf, 0xfe, 0x5c, 0x3c, 0x4c, 0xa1,
    0xe0, 0x3, 0xff, 0x95, 0x14, 0xec, 0xc7, 0xa8,
    0x0, 0xff, 0xee, 0x93, 0x44, 0xd5, 0xd8, 0x40,
    0x38, 0xd5, 0x46, 0x1, 0xfc, 0x4a, 0xb1, 0xcb,
    0xb2, 0xa4, 0x88, 0x0, 0x67, 0xb2, 0xa9, 0x9d,
    0x2, 0x1, 0xe7, 0xaa, 0x85, 0x80, 0x29, 0x20,
    0x1, 0xfb, 0x8, 0x6, 0x17, 0xf3, 0x0, 0xff,
    0x58, 0x0, 0xd8, 0x0, 0x78, 0x20, 0x1f, 0x87,
    0xc, 0x3, 0xf8, 0x94, 0x20, 0x0, 0x3a, 0x1,
    0x2e, 0x7f, 0xb1, 0x40, 0x2d, 0x10, 0xf, 0xe8,
    0x14, 0x0, 0x40, 0x80, 0x22, 0x8c, 0x0, 0x75,
    0x0, 0x1, 0x90, 0xf, 0xe2, 0xb0, 0x9, 0x80,
    0xa, 0xe0, 0x1e, 0x75, 0x0, 0x30, 0x7, 0xf9,
    0x40, 0x6, 0x1, 0x48, 0x7, 0xe9, 0x0, 0x9,
    0x80, 0x7f, 0xf0, 0x18, 0x2, 0x30, 0xf, 0xc6,
    0x1, 0x30, 0x7, 0xff, 0x79, 0x80, 0x23, 0x0,
    0xfc, 0x60, 0x13, 0x0, 0x19, 0x56, 0x0, 0x94,
    0x0, 0x60, 0x14, 0x80, 0x7e, 0x90, 0x0, 0x98,
    0x0, 0xea, 0xa0, 0x1, 0x58, 0x4, 0xc0, 0x5,
    0x60, 0xf, 0x3a, 0x80, 0x1c, 0x3, 0xfa, 0xc5,
    0x0, 0x10, 0x20, 0x9, 0xa3, 0x0, 0x1d, 0x40,
    0x0, 0x60, 0x3, 0xf0, 0xb0, 0x40, 0x0, 0x74,
    0x2, 0x5c, 0xff, 0x62, 0x80, 0x5a, 0x20, 0x12,
    0xff, 0xc1, 0x20, 0x3, 0x60, 0x1, 0xe0, 0x80,
    0x7e, 0x1c, 0x30, 0xf, 0xe6, 0x0, 0xa4, 0x80,
    0x7, 0xec, 0x1, 0xe6, 0xf3, 0x0, 0xfe, 0x19,
    0x76, 0x43, 0xe1, 0x0, 0xc, 0xfe, 0x55, 0x33,
    0xe4, 0x40, 0x3c, 0xf5, 0x50, 0xbc, 0x4d, 0xe6,
    0x4, 0x3, 0x8d, 0x54, 0x60, 0x1f, 0xc4, 0xab,
    0x0, 0x7f, 0xf7, 0x62, 0x9d, 0x98, 0xf5, 0x0,
    0x1f, 0xfc, 0xa8, 0x78, 0x99, 0x43, 0xc0, 0x7,
    0xff, 0x2f, 0x80, 0x37, 0x0, 0x7f, 0xf3, 0xe,
    0x0, 0x10, 0x60, 0x1f, 0xfc, 0xd7, 0x33, 0x38,
    0x7, 0xff, 0x3f, 0xb8, 0x1, 0xff, 0xc2,

    /* U+F0F38 "󰼸" */
    0x1d, 0xff, 0xff, 0xe9, 0x72, 0x31, 0x0, 0x7f,
    0xf4, 0x87, 0xcc, 0x3, 0xff, 0xa9, 0x89, 0xb5,
    0x5f, 0xfd, 0x2b, 0x70, 0x25, 0x5f, 0xfe, 0x92,
    0x0, 0x7f, 0xf6, 0xc5, 0x57, 0xff, 0x98, 0x40,
    0x1f, 0xbe, 0xab, 0xff, 0x99, 0xa6, 0x1, 0xe2,
    0x10, 0xf, 0xfe, 0x6a, 0x80, 0x78, 0x94, 0x3,
    0xff, 0x98, 0x6e, 0x1, 0xf5, 0x7f, 0xff, 0xf3,
    0x30, 0x40, 0x3f, 0xff, 0xe0, 0x1f, 0xca, 0xcd,
    0xff, 0xc5, 0x10, 0xf, 0xfe, 0x15, 0x52, 0x67,
    0xff, 0x8b, 0xe0, 0x1f, 0xfc, 0x26, 0x0, 0xff,
    0xe3, 0x8, 0x80, 0x3f, 0xf8, 0x30, 0x64, 0x5f,
    0xfc, 0x58, 0x10, 0xf, 0xfe, 0xa, 0x66, 0xef,
    0xff, 0x15, 0xc0, 0x3f, 0xff, 0xe0, 0x1c, 0x3b,
    0xff, 0xfe, 0xe4, 0x0, 0xff, 0xe4, 0x31, 0x0,
    0x7f, 0x87, 0xc0, 0x3f, 0xf9, 0x6, 0x1, 0xff,
    0xc0, 0xc0, 0xf, 0xfe, 0x42, 0x6d, 0x57, 0xfa,
    0xdc, 0x3, 0xff, 0x92, 0x4a, 0xbf, 0xe4, 0x0,
    0xff, 0xf7, 0x22, 0xac, 0x80, 0x1f, 0xfd, 0x9,
    0xba, 0xaa, 0xdc, 0x3, 0xff, 0x9e, 0x80, 0x1d,
    0x80, 0x1f, 0xfc, 0xf8, 0x0, 0xc3, 0xe0, 0x1f,
    0xfc, 0x30,

    /* U+F1110 "󱄐" */
    0x0, 0x4f, 0x7f, 0xff, 0xf4, 0xba, 0x40, 0x2b,
    0x61, 0x0, 0xff, 0xe9, 0xb, 0x58, 0x1a, 0x0,
    0x7f, 0xf5, 0x90, 0xd8, 0x2, 0xaa, 0xff, 0xe9,
    0x0, 0x4c, 0x1, 0x95, 0x7f, 0xfa, 0x40, 0x1f,
    0xff, 0x56, 0x10, 0xf, 0xfe, 0xc4, 0x48, 0x7,
    0xff, 0x59, 0x2c, 0x5e, 0x4, 0x3, 0xff, 0x9e,
    0x60, 0x11, 0x7a, 0x0, 0x1e, 0x40, 0x3f, 0xf9,
    0xc7, 0xc0, 0x11, 0x5e, 0x1, 0xfc, 0x0, 0x7f,
    0xf3, 0xa4, 0x90, 0x3, 0x1a, 0x40, 0x7, 0xff,
    0x3c, 0x94, 0x3c, 0x3, 0xa5, 0x0, 0x3f, 0xf9,
    0xc7, 0x20, 0x4, 0x71, 0x0, 0x88, 0x3, 0xff,
    0x9a, 0xb9, 0x84, 0x0, 0xa3, 0xa4, 0x80, 0x3f,
    0xf9, 0xc3, 0x86, 0x1, 0xf2, 0x20, 0x3, 0xff,
    0x9c, 0x33, 0xd0, 0x20, 0x11, 0xde, 0xb0, 0x7,
    0xff, 0x40, 0x5e, 0x80, 0x5, 0x88, 0x1, 0xff,
    0xd4, 0x42, 0xb, 0x0, 0xff, 0xeb, 0xd8, 0xb0,
    0x7, 0xff, 0x5d, 0xa4, 0x3, 0xff, 0xb2, 0xe0,
    0x1f, 0xff, 0x36, 0x6f, 0xfe, 0x90, 0x6, 0x70,
    0xa, 0x67, 0xff, 0xa4, 0x1, 0x39, 0x28, 0x7,
    0xff, 0x59, 0x88, 0x2a, 0xc, 0x8b, 0xf0, 0x7,
    0xff, 0x4, 0x48, 0xbf, 0x1c, 0xc8, 0x2, 0x7c,
    0xdd, 0xfc, 0x40, 0x1f, 0xfc, 0x8, 0xdd, 0xfd,
    0x8c, 0x1, 0xff, 0xff, 0x0, 0xff, 0xe1, 0xf6,
    0x67, 0xff, 0x1, 0xc0, 0x3f, 0xf8, 0x0,

    /* U+F14E4 "󱓤" */
    0x0, 0x33, 0x0, 0x3f, 0xfa, 0xad, 0x32, 0x60,
    0xf, 0xfe, 0xd, 0x50, 0x3, 0xff, 0x8b, 0x40,
    0x9, 0x60, 0xf, 0xf9, 0x57, 0x0, 0x7f, 0xf1,
    0x30, 0xc0, 0x12, 0xc0, 0x1f, 0xc3, 0x60, 0xb,
    0x10, 0xf, 0xfe, 0x26, 0x18, 0x2, 0x58, 0x3,
    0xf5, 0x8, 0x0, 0x68, 0x3, 0xff, 0x8b, 0x86,
    0x0, 0x96, 0x0, 0xf3, 0xaa, 0x2b, 0x22, 0xb0,
    0x7, 0xff, 0x17, 0xc, 0x1, 0x2c, 0x1, 0xcd,
    0xd7, 0x53, 0x7c, 0xe0, 0x1f, 0xfc, 0x6c, 0x30,
    0x4, 0xb0, 0x6, 0x10, 0xf, 0x8, 0x7, 0xff,
    0x14, 0x4e, 0x40, 0x29, 0x60, 0xf, 0x8, 0x80,
    0x3c, 0x33, 0xe, 0xa8, 0x62, 0x1, 0xe3, 0xca,
    0x0, 0xd2, 0xc0, 0x11, 0xf7, 0x5f, 0x6a, 0x1,
    0xe, 0xbc, 0x55, 0xe1, 0x80, 0x78, 0x94, 0x2,
    0x10, 0x4, 0xb8, 0x0, 0xec, 0x2, 0x4a, 0xc1,
    0x0, 0x24, 0x0, 0x4a, 0x40, 0x1f, 0x48, 0x0,
    0xbc, 0xc0, 0x10, 0xe0, 0x5, 0xa0, 0xc, 0x7e,
    0x40, 0x7, 0x20, 0x4, 0x80, 0x7e, 0x34, 0x8,
    0x1c, 0x30, 0x4, 0x38, 0x1, 0x76, 0x48, 0x0,
    0x3c, 0x1, 0x40, 0x21, 0x80, 0x7f, 0x40, 0xa8,
    0x2, 0xc0, 0x28, 0x70, 0x1, 0x36, 0xa8, 0x0,
    0xdc, 0x0, 0xa1, 0x0, 0x1f, 0xe3, 0x80, 0xa,
    0x40, 0x34, 0x38, 0x6, 0xa3, 0x0, 0x48, 0x5,
    0x6, 0x1, 0xff, 0x30, 0x0, 0x84, 0x0, 0x40,
    0x8, 0x70, 0xd, 0x0, 0x1, 0x20, 0x3, 0x80,
    0x7f, 0xf0, 0xdc, 0x2, 0xc4, 0x0, 0x43, 0x80,
    0x48, 0x1, 0x38, 0x7, 0xff, 0x28, 0x6d, 0x40,
    0x10, 0xe0, 0x15, 0x80, 0x7f, 0xf2, 0x58, 0x2,
    0x30, 0xa5, 0x0, 0x43, 0x80, 0x12, 0xc1, 0xc0,
    0x3f, 0xf8, 0x6a, 0x0, 0x30, 0xa, 0x40, 0x14,
    0xa0, 0x8, 0x70, 0x2, 0x61, 0x0, 0x14, 0x3,
    0xfe, 0x2b, 0x0, 0x98, 0x0, 0xac, 0x0, 0xa5,
    0x0, 0x43, 0x80, 0xc, 0x2, 0xb2, 0x0, 0xff,
    0x58, 0xa0, 0x2, 0x4, 0x1, 0x34, 0x61, 0x66,
    0x0, 0x88, 0x0, 0x65, 0x1b, 0x0, 0xfe, 0x16,
    0xf, 0x0, 0xd, 0x0, 0x4b, 0x9f, 0xc6, 0x1,
    0x3c, 0x0, 0x4c, 0xc, 0x20, 0x1f, 0xa4, 0x0,
    0x8a, 0x0, 0x4b, 0x10, 0xf, 0xf3, 0xc0, 0x0,
    0xf0, 0x24, 0x3, 0xf3, 0x0, 0x54, 0x40, 0x4,
    0xf6, 0x0, 0xe1, 0x75, 0x0, 0x3c, 0x0, 0xf,
    0x18, 0x3, 0xe1, 0x97, 0x64, 0x3e, 0x10, 0x0,
    0xcf, 0xe5, 0x53, 0x3a, 0x29, 0x40, 0xf, 0x0,
    0x3, 0xd1, 0x0, 0xf0, 0xbc, 0x4d, 0xe6, 0x4,
    0x3, 0x8d, 0x54, 0x60, 0x15, 0x28, 0x1, 0xe0,
    0x0, 0x62, 0x1, 0xff, 0xcf, 0xa5, 0x0, 0x3c,
    0x0, 0x7f, 0xf2, 0x22, 0x9d, 0x98, 0xf5, 0x0,
    0x15, 0x28, 0x1, 0xe0, 0x3, 0xff, 0x8f, 0xf,
    0x13, 0x28, 0x78, 0x0, 0xd4, 0xa0, 0x7, 0x80,
    0xf, 0xfe, 0x3f, 0x0, 0x6e, 0x0, 0xf5, 0x28,
    0x1, 0xe0, 0x3, 0xff, 0x8c, 0x70, 0x0, 0x83,
    0x0, 0xfa, 0x94, 0x0, 0xf2, 0x1, 0xff, 0xc6,
    0x73, 0x33, 0x80, 0x7f, 0x52, 0x80, 0x1a, 0x0,
    0x3f, 0xf8, 0xdd, 0xc0, 0xf, 0xfa, 0x94, 0x1,
    0x60, 0x1f, 0xfc, 0x62, 0x20, 0x7, 0xff, 0x2,
    0x9b, 0xc,

    /* U+F17C9 "󱟉" */
    0x0, 0x95, 0x9b, 0xff, 0x94, 0x40, 0x1d, 0x13,
    0x3f, 0xfc, 0xa6, 0x0, 0xff, 0xec, 0x89, 0x17,
    0xff, 0x10, 0x3, 0xff, 0x81, 0x1b, 0xbf, 0xfc,
    0x40, 0xf, 0xff, 0xd4, 0xff, 0xff, 0xf1, 0x0,
    0x3f, 0xfe, 0xf3, 0x55, 0xff, 0xca, 0x50, 0xe,
    0x45, 0x5f, 0xfe, 0x50, 0x80, 0x7f, 0xfc, 0xd8,
    0x3, 0xff, 0x92, 0x84, 0x1, 0xa6, 0x56, 0x1,
    0xff, 0xc7, 0x5b, 0xc2, 0x0, 0x43, 0x2, 0x50,
    0x7, 0xff, 0x14, 0xe8, 0x7, 0x4, 0x9c, 0x2,
    0x90, 0xf, 0xfe, 0x29, 0xa0, 0x0, 0x64, 0xac,
    0x1, 0x86, 0x1, 0xf1, 0x14, 0x1, 0xfa, 0xd0,
    0x16, 0x1, 0x2f, 0xc, 0x3, 0xf6, 0x6e, 0x94,
    0x3, 0xf5, 0xc5, 0x0, 0x48, 0x60, 0x1f, 0xfc,
    0xa7, 0x0, 0xff, 0xfe, 0x91, 0x42, 0x1, 0xff,
    0xc0,

    /* U+F18F6 "󱣶" */
    0x0, 0xff, 0xe2, 0xa, 0x33, 0x10, 0x40, 0x3f,
    0xfa, 0x4f, 0xbd, 0x73, 0x2b, 0xed, 0x70, 0xf,
    0xfe, 0x72, 0x74, 0x10, 0x7, 0x8a, 0x35, 0x0,
    0x3f, 0xf9, 0x6f, 0x62, 0x1, 0x84, 0x40, 0x18,
    0xad, 0x80, 0x3f, 0xf9, 0x2f, 0x0, 0x13, 0x67,
    0xf7, 0x3e, 0xd8, 0x2, 0x95, 0x0, 0xff, 0xe3,
    0x9c, 0x0, 0xb, 0x64, 0xc0, 0x32, 0x4e, 0x10,
    0x2, 0x88, 0x3, 0xff, 0x8d, 0x0, 0x3, 0xc2,
    0x0, 0xfc, 0x78, 0x60, 0x8, 0x0, 0xff, 0xe1,
    0x1c, 0xef, 0xa0, 0x3, 0x44, 0x3, 0xe3, 0x8c,
    0xf3, 0x0, 0x29, 0x80, 0x7f, 0xf0, 0x27, 0x18,
    0x80, 0x28, 0x10, 0xf, 0x1e, 0x61, 0xcc, 0x40,
    0x36, 0x61, 0x0, 0x3f, 0xb1, 0x80, 0x3c, 0xc0,
    0x1e, 0x7c, 0x30, 0xf, 0xe3, 0xba, 0x0, 0xfa,
    0x8c, 0x2, 0x69, 0x93, 0x88, 0x7, 0x4c, 0x0,
    0x42, 0xb1, 0x32, 0x62, 0x0, 0x97, 0x0, 0x39,
    0x54, 0x0, 0x3e, 0x96, 0x64, 0x0, 0x73, 0xb0,
    0x5, 0x1d, 0x4e, 0xcc, 0x9d, 0xb1, 0x0, 0x1d,
    0x80, 0x68, 0x0, 0x16, 0x8, 0x7, 0xe2, 0x80,
    0x0, 0xe3, 0x80, 0x7c, 0x9e, 0x80, 0x4, 0x70,
    0x0, 0x90, 0x2, 0xc0, 0x3f, 0xd2, 0x1, 0x69,
    0x80, 0x4a, 0xa2, 0x0, 0x86, 0xc8, 0x1, 0x2,
    0xa, 0x1, 0x38, 0x7, 0xf1, 0x20, 0x2, 0xc,
    0x3, 0x55, 0x40, 0x1d, 0xe0, 0x14, 0x80, 0x80,
    0x42, 0x1, 0xfd, 0x40, 0x1, 0x70, 0xf, 0xfe,
    0x9, 0x28, 0x1, 0x80, 0x40, 0x21, 0x0, 0xfe,
    0x40, 0x2, 0x0, 0x7f, 0xf0, 0xf8, 0x0, 0x22,
    0x50, 0x9, 0xc0, 0x3f, 0x88, 0x1, 0xa0, 0x1f,
    0xfc, 0x35, 0x0, 0x94, 0x4c, 0x1, 0x2, 0x1,
    0xf8, 0x40, 0x4, 0x1, 0xf8, 0x80, 0x3c, 0x20,
    0x10, 0x84, 0x80, 0x7, 0x8, 0x3, 0xfc, 0x60,
    0x1f, 0x97, 0x50, 0x3, 0x8, 0x4, 0x20, 0xac,
    0x0, 0x2d, 0xa7, 0x66, 0xe1, 0x0, 0x78, 0x7,
    0xac, 0x80, 0xae, 0x84, 0x0, 0x40, 0x13, 0x80,
    0x25, 0x0, 0x25, 0x89, 0x9e, 0x10, 0x2, 0x0,
    0x79, 0x36, 0x0, 0xa, 0xa0, 0x5, 0x80, 0x46,
    0x1, 0x5b, 0x80, 0x7f, 0xf0, 0x9, 0x0, 0x3e,
    0x7e, 0x65, 0x40, 0x3, 0x0, 0x10, 0x3, 0xa3,
    0xa1, 0x8, 0xbe, 0x0, 0xa8, 0x40, 0x3e, 0x19,
    0xa0, 0x5, 0x8, 0x3, 0x80, 0x3c, 0x2f, 0x7b,
    0xbf, 0x40, 0x0, 0x68, 0x3, 0xfe, 0x75, 0x0,
    0x1a, 0x80, 0x7f, 0xf1, 0x1c, 0x80, 0x9, 0xa4,
    0x1, 0xfa, 0xa0, 0x2, 0xf0, 0xf, 0xfe, 0x37,
    0x88, 0x0, 0xb6, 0x90, 0x40, 0x4e, 0x39, 0x40,
    0x2a, 0x30, 0xf, 0xfe, 0x31, 0x61, 0x0, 0x4b,
    0x7d, 0xfd, 0x8e, 0x20, 0x15, 0x28, 0x7, 0xff,
    0x20, 0xb5, 0x80, 0x3f, 0xe3, 0xd5, 0x0, 0xff,
    0xe5, 0xce, 0xb0, 0x80, 0x79, 0x2f, 0x8, 0x3,
    0xff, 0x9a, 0x53, 0xdb, 0x75, 0x79, 0xf6, 0x80,
    0x1f, 0x0,

    /* U+F1B5A "󱭚" */
    0x0, 0xff, 0xe1, 0x13, 0xcc, 0x98, 0x40, 0x3f,
    0xf9, 0xf3, 0xb0, 0xcc, 0x9e, 0x80, 0xf, 0xfe,
    0x6e, 0x30, 0x7, 0x9e, 0x80, 0x3f, 0xf8, 0x6a,
    0xb0, 0x7, 0x11, 0x80, 0x5, 0x50, 0x2, 0x57,
    0x0, 0xe5, 0x5c, 0x60, 0x15, 0xd5, 0x58, 0x1,
    0x88, 0xc1, 0x3a, 0xaf, 0x88, 0x1, 0x0, 0x1a,
    0xea, 0xb6, 0x30, 0x1, 0x0, 0x23, 0x0, 0xec,
    0xdb, 0x0, 0x87, 0x80, 0x24, 0x0, 0x90, 0x3,
    0xbc, 0x1, 0x0, 0x14, 0x0, 0x78, 0x80, 0x38,
    0xc4, 0x0, 0x60, 0x14, 0x0, 0x61, 0xa0, 0x3,
    0xff, 0xce, 0x1, 0xff, 0xc1, 0x30, 0xf, 0x3f,
    0xfe, 0xe3, 0x0, 0xff, 0xe3, 0x89, 0x0, 0x8,
    0x3, 0xff, 0xa3, 0x40, 0x12, 0x0, 0x7f, 0xca,
    0xcd, 0xff, 0xc3, 0x8d, 0x40, 0x3, 0x8, 0x4,
    0x8c, 0xa2, 0x1, 0x3d, 0x4c, 0xff, 0xf0, 0xdc,
    0x80, 0x5, 0x20, 0x4, 0xeb, 0x9a, 0xe9, 0x0,
    0x70, 0x7, 0xff, 0x1d, 0x30, 0x0, 0x56, 0x20,
    0x19, 0xa8, 0x2c, 0xc8, 0xbf, 0xf8, 0x66, 0xb7,
    0x61, 0x0, 0x30, 0x4, 0x20, 0x12, 0xa1, 0x66,
    0xef, 0xff, 0xf, 0x29, 0x0, 0x32, 0x39, 0xd7,
    0x70, 0x40, 0x18, 0x1, 0xff, 0xcd, 0x8c, 0x50,
    0x15, 0x0, 0x8, 0x7, 0xff, 0x44, 0xd0, 0x0,
    0x20, 0x1a, 0xff, 0xdc, 0x60, 0x14, 0x7f, 0xff,
    0xf1, 0x30, 0x2, 0xb0, 0x9, 0x50, 0x0, 0x34,
    0x1, 0x38, 0x7, 0xff, 0x1d, 0x8c, 0x2, 0x70,
    0xd, 0xe0, 0x11, 0x80, 0x7f, 0xf1, 0x9e, 0x40,
    0x31, 0x6d, 0x53, 0x18, 0x2, 0xca, 0xaf, 0xfe,
    0x25, 0xfc, 0x0, 0x78, 0x95, 0x46, 0x1, 0xca,
    0xbf, 0xfc, 0x44, 0x0, 0xff, 0xee, 0xaa, 0xff,
    0x18, 0x6, 0x15, 0x5f, 0xe4, 0x10, 0xf, 0xb2,
    0xab, 0xfb, 0x14, 0x2, 0xca, 0xaf, 0xeb, 0xea,
    0x10, 0xe, 0x30, 0xf, 0xf6, 0x80, 0x44, 0x1,
    0xff, 0x2e, 0x80, 0x74, 0x0, 0x7f, 0x15, 0x0,
    0x4e, 0x1, 0xff, 0xc0, 0x37, 0x0, 0xcf, 0xff,
    0xfd, 0xa4, 0x1, 0x47, 0xff, 0xf7, 0x18, 0x2,
    0x80, 0x3f, 0xfa, 0x23, 0x40, 0x2, 0x0, 0xff,
    0xe6, 0x8b, 0x98, 0x3, 0x80, 0x2, 0x1, 0xfc,
    0x2c, 0xdf, 0x80, 0x3e, 0xd8, 0xc9, 0x87, 0x0,
    0x28, 0x7, 0xf6, 0x4c, 0xfe, 0xb0, 0xf, 0x10,
    0x1, 0x9c, 0x2, 0xf0, 0xf, 0xe2, 0x0, 0xfc,
    0xc0, 0x1e, 0xb0, 0xf, 0x4a, 0x0, 0x7f, 0x49,
    0x17, 0xe8, 0x0, 0xf2, 0xeb, 0x19, 0x2e, 0x30,
    0x4,

    /* U+F1C78 "󱱸" */
    0x0, 0xff, 0xe1, 0x9a, 0xbc, 0xa8, 0x7, 0xfc,
    0x4f, 0x7f, 0x95, 0x0, 0xa0, 0x1f, 0xcb, 0x9b,
    0x8, 0x1, 0x44, 0x80, 0x7e, 0x4d, 0xa3, 0x0,
    0xe7, 0x70, 0x7, 0xea, 0xb2, 0x0, 0xf3, 0x40,
    0x7, 0xc5, 0xaa, 0x1, 0x8, 0x4, 0x92, 0x1,
    0xf1, 0x61, 0x0, 0x6, 0xb4, 0x2, 0x90, 0xf,
    0x87, 0xc4, 0x0, 0xbe, 0xa0, 0x19, 0x80, 0x3e,
    0xb2, 0x0, 0x35, 0x8, 0x18, 0x80, 0x29, 0x40,
    0x39, 0x14, 0x0, 0xb2, 0x1, 0xa0, 0x0, 0x35,
    0x20, 0x1a, 0x0, 0x3, 0x60, 0x1c, 0xcc, 0x0,
    0x9a, 0x40, 0x4, 0x60, 0x9, 0x10, 0xf, 0x4c,
    0x80, 0x26, 0x50, 0x40, 0x9, 0x80, 0x3f, 0x36,
    0x0, 0x56, 0x18, 0x0, 0x31, 0x0, 0xc8, 0x80,
    0x8, 0xe4, 0x0, 0x2a, 0xe0, 0x5, 0x0, 0x8f,
    0xae, 0xdc, 0x60, 0x6, 0x10, 0x7, 0x98, 0x3,
    0x80, 0x2d, 0x10, 0x0, 0xe8, 0x4, 0xc0, 0x7,
    0x10, 0x0, 0x80, 0x10, 0x40, 0x30, 0xa0, 0x3,
    0x80, 0x4, 0x1, 0xff, 0xc8, 0x10, 0x7, 0x0,
    0x10, 0x40, 0x30, 0xa0, 0x0, 0x40, 0x2, 0x80,
    0x5, 0x0, 0xa8, 0x40, 0x3, 0xa0, 0x17, 0x0,
    0xf, 0xc0, 0x4, 0xa0, 0x4, 0xeb, 0xb7, 0x18,
    0x4, 0xa0, 0x7, 0x51, 0x0, 0x51, 0x0, 0x48,
    0x80, 0xc, 0x26, 0x0, 0xc0, 0xb0, 0xb, 0x54,
    0x3, 0xf3, 0x0, 0x48, 0xa, 0xc0, 0x15, 0x48,
    0x7, 0x86, 0x40, 0x8, 0x40, 0x9, 0x60, 0x9,
    0x98, 0x1, 0xd6, 0x20, 0xf, 0x0, 0xd3, 0x42,
    0x0, 0x80, 0xd, 0x2a, 0x0, 0x54, 0x0, 0xe5,
    0xa0, 0x0, 0x98, 0xd, 0xb0, 0x0, 0xac, 0x3,
    0xe7, 0x0, 0x9d, 0x7d, 0x0, 0x3, 0xe2, 0x1,
    0xf4, 0x0, 0x55, 0x41, 0x0, 0x16, 0x10, 0x7,
    0xd2, 0x80, 0x10, 0x80, 0x4b, 0xa4, 0x1, 0xf4,
    0x30, 0x7, 0x8a, 0xe8, 0x3, 0xf3, 0xb8, 0x3,
    0x8e, 0xb5, 0x0, 0x3f, 0x4c, 0x0, 0x47, 0x1b,
    0x8a, 0x1, 0xfc, 0xa1, 0x15, 0x9f, 0x8e, 0x40,
    0x1f, 0xf0,

    /* U+F1D15 "󱴕" */
    0x0, 0xff, 0xe1, 0x9a, 0xa1, 0x0, 0x7f, 0xf3,
    0xc6, 0x7b, 0x2a, 0xf7, 0x4c, 0x1, 0xff, 0xcc,
    0x4f, 0x61, 0x0, 0xc5, 0x3a, 0x40, 0x1f, 0xfc,
    0x94, 0xb1, 0x0, 0xfc, 0x58, 0x20, 0x1f, 0xfc,
    0x71, 0xb0, 0xf, 0xf8, 0x74, 0x3, 0xff, 0x8f,
    0x60, 0x1f, 0xfc, 0x13, 0x50, 0xf, 0xfe, 0x32,
    0x80, 0x7f, 0xf0, 0xa4, 0x3, 0xff, 0x8a, 0xa0,
    0x1f, 0xfc, 0x33, 0x10, 0xf, 0xfe, 0x21, 0x80,
    0x7f, 0xf1, 0xc, 0x3, 0xf1, 0xf7, 0xff, 0xa4,
    0x3, 0xff, 0x89, 0xbf, 0xfe, 0xc1, 0x81, 0x0,
    0xff, 0xe9, 0x1b, 0x60, 0x7, 0xff, 0x51, 0x1e,
    0xea, 0xbf, 0xfa, 0x5a, 0x60, 0x8a, 0xbf, 0xfd,
    0x22, 0x0, 0xff, 0xed, 0x92, 0xaf, 0xff, 0x30,
    0x40, 0x3e, 0x2d, 0xaa, 0xff, 0xe6, 0x60, 0x7,
    0xc8, 0x1, 0xff, 0xcd, 0x22, 0x0, 0x79, 0xcc,
    0x3, 0xff, 0x98, 0xc4, 0x1, 0xe1, 0xcf, 0xff,
    0xfe, 0x64, 0x80, 0x7f, 0xff, 0xc0, 0x30, 0xb3,
    0x7f, 0xf1, 0x54, 0x3, 0xff, 0x87, 0x93, 0x3f,
    0xfc, 0x5a, 0x90, 0xf, 0xfe, 0x11, 0x0, 0x7f,
    0xf1, 0x94, 0x3, 0xff, 0x85, 0x24, 0x5f, 0xfc,
    0x53, 0xf0, 0xf, 0x80,

    /* U+F1D16 "󱴖" */
    0x0, 0xff, 0xe1, 0x9a, 0xa1, 0x0, 0x7f, 0xf3,
    0xc6, 0x7b, 0x2a, 0xf7, 0x4c, 0x1, 0xff, 0xcc,
    0x4f, 0x61, 0x0, 0xc5, 0x3a, 0x40, 0x1f, 0xfc,
    0x94, 0xb1, 0x0, 0xfc, 0x58, 0x20, 0x1f, 0xfc,
    0x71, 0xb0, 0xf, 0xf8, 0x74, 0x3, 0xff, 0x8f,
    0x60, 0x1f, 0xfc, 0x13, 0x50, 0xf, 0xfe, 0x32,
    0x80, 0x7f, 0xf0, 0xa4, 0x3, 0xff, 0x8a, 0xa0,
    0x1f, 0xfc, 0x33, 0x10, 0xf, 0xfe, 0x21, 0x80,
    0x7f, 0xf1, 0xc, 0x3, 0xf1, 0xf7, 0xff, 0xa4,
    0x3, 0xff, 0x89, 0xbf, 0xfe, 0xc1, 0x81, 0x0,
    0xff, 0xe9, 0x1b, 0x60, 0x7, 0xff, 0x51, 0x1e,
    0xea, 0xbf, 0xfa, 0x5a, 0x60, 0x8a, 0xbf, 0xfd,
    0x22, 0x0, 0xff, 0xf0, 0x8b, 0xa0, 0x7, 0xe5,
    0x60, 0xf, 0xfe, 0x4e, 0x45, 0xb0, 0x7, 0xaa,
    0x93, 0x0, 0x1f, 0xfc, 0x83, 0x0, 0x4b, 0x0,
    0x6a, 0x50, 0x1, 0x0, 0x7f, 0xf2, 0x28, 0x2,
    0x96, 0x0, 0x52, 0x80, 0x6, 0xc0, 0x3f, 0xf9,
    0x9, 0x60, 0x14, 0xb4, 0xa8, 0x0, 0x70, 0x40,
    0x3f, 0xf9, 0x29, 0x60, 0x14, 0xb0, 0x0, 0x70,
    0x80, 0x3f, 0xf9, 0x69, 0x40, 0x1c, 0x38, 0x40,
    0x1f, 0xfc, 0xd5, 0xa0, 0x8, 0x70, 0x80, 0x3f,
    0xf9, 0xeb, 0x42, 0x58, 0x40, 0x1f, 0xfc, 0x20,

    /* U+F1D17 "󱴗" */
    0x0, 0xff, 0xe1, 0x9a, 0xa1, 0x0, 0x7f, 0xf3,
    0xc6, 0x7b, 0x2a, 0xf7, 0x4c, 0x1, 0xff, 0xcc,
    0x4f, 0x61, 0x0, 0xc5, 0x3a, 0x40, 0x1f, 0xfc,
    0x94, 0xb1, 0x0, 0xfc, 0x58, 0x20, 0x1f, 0xfc,
    0x71, 0xb0, 0xf, 0xf8, 0x74, 0x3, 0xff, 0x8f,
    0x60, 0x1f, 0xfc, 0x13, 0x50, 0xf, 0xfe, 0x32,
    0x80, 0x7f, 0xf0, 0xa4, 0x3, 0xff, 0x8a, 0xa0,
    0x1f, 0xfc, 0x33, 0x10, 0xf, 0xfe, 0x21, 0x80,
    0x7f, 0xf1, 0xc, 0x3, 0xf1, 0xf7, 0xff, 0xa4,
    0x3, 0xff, 0x89, 0xbf, 0xfe, 0xc1, 0x81, 0x0,
    0xff, 0xe9, 0x1b, 0x60, 0x7, 0xff, 0x51, 0x1e,
    0xea, 0xbf, 0xfa, 0x5a, 0x60, 0x8a, 0xbf, 0xfd,
    0x22, 0x0, 0xff, 0xf3, 0xa1, 0x0, 0x7f, 0xf4,
    0xe6, 0xf5, 0x40, 0x3f, 0xfa, 0x32, 0xc0, 0xa,
    0x50, 0xf, 0xfe, 0x7c, 0xb0, 0x6, 0xa5, 0x0,
    0xff, 0xe6, 0xcb, 0x0, 0x4, 0x2, 0xa5, 0x0,
    0xff, 0xe5, 0xcb, 0x0, 0x7, 0x28, 0x2, 0xa5,
    0x0, 0xff, 0xe4, 0xc3, 0x0, 0x7, 0x9, 0x68,
    0x2, 0xa5, 0x0, 0xff, 0xe4, 0x38, 0x0, 0x70,
    0x80, 0xb, 0x40, 0x17, 0x0, 0x7f, 0xf2, 0x18,
    0x7, 0x8, 0x3, 0x2d, 0x0, 0x38, 0x3, 0xff,
    0x91, 0x3d, 0xc2, 0x0, 0xf2, 0xff, 0x28, 0x7,
    0xf8
};


/*---------------------
 *  GLYPH DESCRIPTION
 *--------------------*/

static const lv_font_fmt_txt_glyph_dsc_t glyph_dsc[] = {
    {.bitmap_index = 0, .adv_w = 0, .box_w = 0, .box_h = 0, .ofs_x = 0, .ofs_y = 0} /* id = 0 reserved */,
    {.bitmap_index = 0, .adv_w = 640, .box_w = 28, .box_h = 27, .ofs_x = 6, .ofs_y = 1},
    {.bitmap_index = 174, .adv_w = 640, .box_w = 24, .box_h = 24, .ofs_x = 8, .ofs_y = 3},
    {.bitmap_index = 373, .adv_w = 640, .box_w = 30, .box_h = 30, .ofs_x = 5, .ofs_y = 0},
    {.bitmap_index = 487, .adv_w = 640, .box_w = 34, .box_h = 34, .ofs_x = 3, .ofs_y = -2},
    {.bitmap_index = 852, .adv_w = 640, .box_w = 19, .box_h = 24, .ofs_x = 13, .ofs_y = 3},
    {.bitmap_index = 963, .adv_w = 640, .box_w = 20, .box_h = 20, .ofs_x = 10, .ofs_y = 5},
    {.bitmap_index = 1052, .adv_w = 640, .box_w = 20, .box_h = 20, .ofs_x = 10, .ofs_y = 5},
    {.bitmap_index = 1141, .adv_w = 640, .box_w = 24, .box_h = 34, .ofs_x = 8, .ofs_y = -2},
    {.bitmap_index = 1370, .adv_w = 640, .box_w = 38, .box_h = 31, .ofs_x = 1, .ofs_y = -1},
    {.bitmap_index = 1484, .adv_w = 640, .box_w = 30, .box_h = 30, .ofs_x = 5, .ofs_y = 0},
    {.bitmap_index = 1732, .adv_w = 640, .box_w = 30, .box_h = 30, .ofs_x = 5, .ofs_y = 0},
    {.bitmap_index = 2054, .adv_w = 640, .box_w = 38, .box_h = 24, .ofs_x = 1, .ofs_y = 3},
    {.bitmap_index = 2302, .adv_w = 640, .box_w = 38, .box_h = 30, .ofs_x = 1, .ofs_y = 0},
    {.bitmap_index = 2585, .adv_w = 640, .box_w = 38, .box_h = 34, .ofs_x = 1, .ofs_y = -2},
    {.bitmap_index = 2947, .adv_w = 640, .box_w = 38, .box_h = 34, .ofs_x = 1, .ofs_y = -2},
    {.bitmap_index = 3305, .adv_w = 640, .box_w = 34, .box_h = 37, .ofs_x = 2, .ofs_y = -3},
    {.bitmap_index = 3718, .adv_w = 640, .box_w = 36, .box_h = 34, .ofs_x = 1, .ofs_y = -2},
    {.bitmap_index = 4094, .adv_w = 640, .box_w = 38, .box_h = 34, .ofs_x = 1, .ofs_y = -2},
    {.bitmap_index = 4499, .adv_w = 640, .box_w = 38, .box_h = 34, .ofs_x = 1, .ofs_y = -2},
    {.bitmap_index = 4897, .adv_w = 640, .box_w = 38, .box_h = 36, .ofs_x = 1, .ofs_y = -4},
    {.bitmap_index = 5292, .adv_w = 640, .box_w = 30, .box_h = 34, .ofs_x = 5, .ofs_y = -2},
    {.bitmap_index = 5613, .adv_w = 640, .box_w = 34, .box_h = 34, .ofs_x = 3, .ofs_y = -2},
    {.bitmap_index = 5881, .adv_w = 640, .box_w = 34, .box_h = 32, .ofs_x = 3, .ofs_y = 0},
    {.bitmap_index = 6160, .adv_w = 640, .box_w = 34, .box_h = 33, .ofs_x = 3, .ofs_y = -1},
    {.bitmap_index = 6440, .adv_w = 640, .box_w = 33, .box_h = 34, .ofs_x = 4, .ofs_y = -2},
    {.bitmap_index = 6697, .adv_w = 640, .box_w = 34, .box_h = 34, .ofs_x = 3, .ofs_y = -2},
    {.bitmap_index = 6980, .adv_w = 640, .box_w = 30, .box_h = 28, .ofs_x = 5, .ofs_y = 1},
    {.bitmap_index = 7116, .adv_w = 640, .box_w = 38, .box_h = 34, .ofs_x = 1, .ofs_y = -2},
    {.bitmap_index = 7510, .adv_w = 640, .box_w = 38, .box_h = 33, .ofs_x = 1, .ofs_y = -1},
    {.bitmap_index = 7927, .adv_w = 640, .box_w = 38, .box_h = 38, .ofs_x = 1, .ofs_y = -4},
    {.bitmap_index = 8216, .adv_w = 640, .box_w = 28, .box_h = 33, .ofs_x = 6, .ofs_y = 1},
    {.bitmap_index = 8496, .adv_w = 640, .box_w = 20, .box_h = 34, .ofs_x = 10, .ofs_y = -2},
    {.bitmap_index = 8708, .adv_w = 640, .box_w = 34, .box_h = 32, .ofs_x = 3, .ofs_y = -2},
    {.bitmap_index = 8959, .adv_w = 640, .box_w = 38, .box_h = 24, .ofs_x = 1, .ofs_y = 3},
    {.bitmap_index = 9233, .adv_w = 640, .box_w = 34, .box_h = 31, .ofs_x = 3, .ofs_y = 1},
    {.bitmap_index = 9512, .adv_w = 640, .box_w = 36, .box_h = 36, .ofs_x = 3, .ofs_y = -2},
    {.bitmap_index = 9849, .adv_w = 640, .box_w = 36, .box_h = 39, .ofs_x = 1, .ofs_y = -5},
    {.bitmap_index = 10305, .adv_w = 640, .box_w = 36, .box_h = 39, .ofs_x = 1, .ofs_y = -5},
    {.bitmap_index = 10773, .adv_w = 640, .box_w = 36, .box_h = 40, .ofs_x = 1, .ofs_y = -6},
    {.bitmap_index = 11243, .adv_w = 640, .box_w = 36, .box_h = 40, .ofs_x = 1, .ofs_y = -6},
    {.bitmap_index = 11722, .adv_w = 640, .box_w = 38, .box_h = 38, .ofs_x = 1, .ofs_y = -4},
    {.bitmap_index = 12175, .adv_w = 640, .box_w = 30, .box_h = 34, .ofs_x = 5, .ofs_y = -2},
    {.bitmap_index = 12470, .adv_w = 640, .box_w = 34, .box_h = 30, .ofs_x = 3, .ofs_y = 0},
    {.bitmap_index = 12632, .adv_w = 640, .box_w = 38, .box_h = 31, .ofs_x = 1, .ofs_y = -1},
    {.bitmap_index = 12823, .adv_w = 640, .box_w = 36, .box_h = 35, .ofs_x = 1, .ofs_y = -3},
    {.bitmap_index = 13257, .adv_w = 640, .box_w = 29, .box_h = 24, .ofs_x = 5, .ofs_y = 3},
    {.bitmap_index = 13370, .adv_w = 640, .box_w = 38, .box_h = 31, .ofs_x = 1, .ofs_y = -4},
    {.bitmap_index = 13764, .adv_w = 640, .box_w = 34, .box_h = 34, .ofs_x = 3, .ofs_y = -2},
    {.bitmap_index = 14101, .adv_w = 640, .box_w = 20, .box_h = 34, .ofs_x = 10, .ofs_y = -2},
    {.bitmap_index = 14375, .adv_w = 640, .box_w = 34, .box_h = 26, .ofs_x = 3, .ofs_y = -2},
    {.bitmap_index = 14539, .adv_w = 640, .box_w = 34, .box_h = 24, .ofs_x = 3, .ofs_y = 0},
    {.bitmap_index = 14715, .adv_w = 640, .box_w = 34, .box_h = 25, .ofs_x = 3, .ofs_y = -1}
};

/*---------------------
 *  CHARACTER MAPPING
 *--------------------*/

static const uint16_t unicode_list_0[] = {
    0x0, 0x102, 0x330, 0x33f, 0x3b6, 0x459, 0x45a, 0x46f,
    0x4ae, 0x52a, 0x52d, 0x53c, 0x53d, 0x53e, 0x53f, 0x540,
    0x541, 0x542, 0x543, 0x544, 0x545, 0x546, 0x547, 0x548,
    0x549, 0x54a, 0x5c6, 0x62a, 0x62b, 0x694, 0x6b5, 0x844,
    0xe1a, 0xedb, 0xedc, 0xedd, 0xede, 0xedf, 0xee0, 0xee1,
    0xee2, 0xee3, 0xee4, 0x10bc, 0x1490, 0x1775, 0x18a2, 0x1b06,
    0x1c24, 0x1cc1, 0x1cc2, 0x1cc3
};

/*Collect the unicode lists and glyph_id offsets*/
static const lv_font_fmt_txt_cmap_t cmaps[] =
{
    {
        .range_start = 983124, .range_length = 7364, .glyph_id_start = 1,
        .unicode_list = unicode_list_0, .glyph_id_ofs_list = NULL, .list_length = 52, .type = LV_FONT_FMT_TXT_CMAP_SPARSE_TINY
    }
};



/*--------------------
 *  ALL CUSTOM DATA
 *--------------------*/

#if LVGL_VERSION_MAJOR == 8
/*Store all the custom data of the font*/
static  lv_font_fmt_txt_glyph_cache_t cache;
#endif

#if LVGL_VERSION_MAJOR >= 8
static const lv_font_fmt_txt_dsc_t font_dsc = {
#else
static lv_font_fmt_txt_dsc_t font_dsc = {
#endif
    .glyph_bitmap = glyph_bitmap,
    .glyph_dsc = glyph_dsc,
    .cmaps = cmaps,
    .kern_dsc = NULL,
    .kern_scale = 0,
    .cmap_num = 1,
    .bpp = 4,
    .kern_classes = 0,
    .bitmap_format = 1,
#if LVGL_VERSION_MAJOR == 8
    .cache = &cache
#endif
};



/*-----------------
 *  PUBLIC FONT
 *----------------*/

/*Initialize a public general font descriptor*/
#if LVGL_VERSION_MAJOR >= 8
const lv_font_t mdi_icons_40_reduced = {
#else
lv_font_t mdi_icons_40_reduced = {
#endif
    .get_glyph_dsc = lv_font_get_glyph_dsc_fmt_txt,    /*Function pointer to get glyph's data*/
    .get_glyph_bitmap = lv_font_get_bitmap_fmt_txt,    /*Function pointer to get glyph's bitmap*/
    .line_height = 40,          /*The maximum line height required by the font*/
    .base_line = 6,             /*Baseline measured from the bottom of the line*/
#if !(LVGL_VERSION_MAJOR == 6 && LVGL_VERSION_MINOR == 0)
    .subpx = LV_FONT_SUBPX_NONE,
#endif
#if LV_VERSION_CHECK(7, 4, 0) || LVGL_VERSION_MAJOR >= 8
    .underline_position = 0,
    .underline_thickness = 0,
#endif
    .dsc = &font_dsc,          /*The custom font data. Will be accessed by `get_glyph_bitmap/dsc` */
#if LV_VERSION_CHECK(8, 2, 0) || LVGL_VERSION_MAJOR >= 9
    .fallback = NULL,
#endif
    .user_data = NULL,
};



#endif /*#if MDI_ICONS_40_REDUCED*/
